loan_id,reporting_month,prob_next_3m_delinquency,prob_next_6m_delinquency,prob_next_12m_default,prob_next_12m_prepayment,next_state,exception_required,exception_type,anomaly_score,top_driver_1,top_driver_2,top_driver_3,recommended_action,confidence
LN0000025,2023-08,,,,,,,,,,,,,
LN0000036,2023-08,,,,,,,,,,,,,
LN0000053,2025-03,,,,,,,,,,,,,
LN0000056,2024-02,,,,,,,,,,,,,
LN0000067,2024-01,,,,,,,,,,,,,
LN0000113,2024-01,,,,,,,,,,,,,
LN0000122,2024-06,,,,,,,,,,,,,
LN0000133,2023-08,,,,,,,,,,,,,
LN0000138,2025-01,,,,,,,,,,,,,
LN0000146,2023-04,,,,,,,,,,,,,
LN0000147,2023-09,,,,,,,,,,,,,
LN0000189,2023-11,,,,,,,,,,,,,
LN0000190,2023-05,,,,,,,,,,,,,
LN0000195,2024-06,,,,,,,,,,,,,
LN0000197,2023-10,,,,,,,,,,,,,
LN0000198,2023-06,,,,,,,,,,,,,
LN0000207,2023-11,,,,,,,,,,,,,
LN0000215,2024-12,,,,,,,,,,,,,
LN0000228,2025-01,,,,,,,,,,,,,
LN0000238,2023-11,,,,,,,,,,,,,
LN0000249,2024-06,,,,,,,,,,,,,
LN0000258,2023-06,,,,,,,,,,,,,
LN0000262,2024-02,,,,,,,,,,,,,
LN0000281,2023-02,,,,,,,,,,,,,
LN0000308,2023-08,,,,,,,,,,,,,
LN0000329,2024-10,,,,,,,,,,,,,
LN0000351,2025-06,,,,,,,,,,,,,
LN0000362,2023-04,,,,,,,,,,,,,
LN0000420,2023-09,,,,,,,,,,,,,
LN0000423,2023-06,,,,,,,,,,,,,
LN0000456,2024-03,,,,,,,,,,,,,
LN0000460,2024-06,,,,,,,,,,,,,
LN0000477,2024-07,,,,,,,,,,,,,
LN0000493,2024-02,,,,,,,,,,,,,
LN0000501,2024-09,,,,,,,,,,,,,
LN0000520,2023-12,,,,,,,,,,,,,
LN0000550,2023-01,,,,,,,,,,,,,
LN0000557,2025-03,,,,,,,,,,,,,
LN0000587,2023-02,,,,,,,,,,,,,
LN0000595,2024-01,,,,,,,,,,,,,
LN0000600,2024-08,,,,,,,,,,,,,
LN0000607,2024-04,,,,,,,,,,,,,
LN0000608,2023-06,,,,,,,,,,,,,
LN0000613,2024-07,,,,,,,,,,,,,
LN0000624,2024-03,,,,,,,,,,,,,
LN0000632,2025-04,,,,,,,,,,,,,
LN0000634,2025-08,,,,,,,,,,,,,
LN0000636,2026-01,,,,,,,,,,,,,
LN0000651,2025-05,,,,,,,,,,,,,
LN0000663,2024-08,,,,,,,,,,,,,
LN0000669,2024-02,,,,,,,,,,,,,
LN0000700,2025-11,,,,,,,,,,,,,
LN0000701,2025-11,,,,,,,,,,,,,
LN0000717,2025-08,,,,,,,,,,,,,
LN0000719,2024-11,,,,,,,,,,,,,
LN0000735,2024-09,,,,,,,,,,,,,
LN0000738,2023-12,,,,,,,,,,,,,
LN0000739,2024-03,,,,,,,,,,,,,
LN0000769,2023-02,,,,,,,,,,,,,
LN0000808,2023-03,,,,,,,,,,,,,
LN0000811,2023-08,,,,,,,,,,,,,
LN0000816,2024-07,,,,,,,,,,,,,
LN0000818,2022-10,,,,,,,,,,,,,
LN0000835,2025-05,,,,,,,,,,,,,
LN0000839,2024-01,,,,,,,,,,,,,
LN0000862,2025-10,,,,,,,,,,,,,
LN0000898,2023-05,,,,,,,,,,,,,
LN0000906,2022-08,,,,,,,,,,,,,
LN0000946,2024-03,,,,,,,,,,,,,
LN0000951,2025-10,,,,,,,,,,,,,
LN0000955,2025-12,,,,,,,,,,,,,
LN0000970,2025-11,,,,,,,,,,,,,
LN0000979,2025-05,,,,,,,,,,,,,
LN0000997,2024-07,,,,,,,,,,,,,
LN0001009,2024-05,,,,,,,,,,,,,
LN0001028,2023-02,,,,,,,,,,,,,
LN0001045,2024-07,,,,,,,,,,,,,
LN0001055,2024-06,,,,,,,,,,,,,
LN0001101,2023-05,,,,,,,,,,,,,
LN0001103,2024-07,,,,,,,,,,,,,
LN0001142,2023-11,,,,,,,,,,,,,
LN0001157,2024-06,,,,,,,,,,,,,
LN0001194,2025-01,,,,,,,,,,,,,
LN0001196,2024-05,,,,,,,,,,,,,
LN0001197,2025-03,,,,,,,,,,,,,
LN0001206,2024-05,,,,,,,,,,,,,
LN0001212,2023-01,,,,,,,,,,,,,
LN0001225,2024-09,,,,,,,,,,,,,
LN0001237,2023-08,,,,,,,,,,,,,
LN0001252,2023-11,,,,,,,,,,,,,
LN0001272,2024-06,,,,,,,,,,,,,
LN0001275,2025-01,,,,,,,,,,,,,
LN0001290,2023-10,,,,,,,,,,,,,
LN0001324,2023-04,,,,,,,,,,,,,
LN0001356,2024-11,,,,,,,,,,,,,
LN0001377,2022-04,,,,,,,,,,,,,
LN0001392,2023-05,,,,,,,,,,,,,
LN0001413,2024-12,,,,,,,,,,,,,
LN0001430,2023-11,,,,,,,,,,,,,
LN0001435,2025-08,,,,,,,,,,,,,
LN0001437,2022-04,,,,,,,,,,,,,
LN0001444,2023-12,,,,,,,,,,,,,
LN0001479,2025-09,,,,,,,,,,,,,
LN0001511,2024-04,,,,,,,,,,,,,
LN0001513,2024-04,,,,,,,,,,,,,
LN0001521,2024-08,,,,,,,,,,,,,
LN0001526,2024-07,,,,,,,,,,,,,
LN0001565,2025-01,,,,,,,,,,,,,
LN0001588,2025-01,,,,,,,,,,,,,
LN0001594,2023-07,,,,,,,,,,,,,
LN0001640,2024-11,,,,,,,,,,,,,
LN0001642,2024-05,,,,,,,,,,,,,
LN0001681,2024-09,,,,,,,,,,,,,
LN0001682,2024-10,,,,,,,,,,,,,
LN0001687,2025-01,,,,,,,,,,,,,
LN0001697,2023-11,,,,,,,,,,,,,
LN0001700,2025-04,,,,,,,,,,,,,
LN0001729,2024-08,,,,,,,,,,,,,
LN0001745,2024-01,,,,,,,,,,,,,
LN0001754,2023-08,,,,,,,,,,,,,
LN0001766,2024-06,,,,,,,,,,,,,
LN0001770,2024-10,,,,,,,,,,,,,
LN0001772,2023-07,,,,,,,,,,,,,
LN0001773,2025-03,,,,,,,,,,,,,
LN0001795,2025-01,,,,,,,,,,,,,
LN0001811,2024-04,,,,,,,,,,,,,
LN0001842,2023-05,,,,,,,,,,,,,
LN0001849,2024-08,,,,,,,,,,,,,
LN0001855,2025-11,,,,,,,,,,,,,
LN0001859,2025-09,,,,,,,,,,,,,
LN0001860,2025-04,,,,,,,,,,,,,
LN0001864,2023-07,,,,,,,,,,,,,
LN0001869,2025-05,,,,,,,,,,,,,
LN0001884,2024-01,,,,,,,,,,,,,
LN0001885,2022-03,,,,,,,,,,,,,
LN0001903,2023-08,,,,,,,,,,,,,
LN0001915,2023-03,,,,,,,,,,,,,
LN0001927,2023-11,,,,,,,,,,,,,
LN0001949,2025-05,,,,,,,,,,,,,
LN0001961,2023-04,,,,,,,,,,,,,
LN0001983,2025-09,,,,,,,,,,,,,
LN0001992,2023-08,,,,,,,,,,,,,
LN0002011,2023-12,,,,,,,,,,,,,
LN0002014,2023-03,,,,,,,,,,,,,
LN0002017,2024-09,,,,,,,,,,,,,
LN0002018,2024-08,,,,,,,,,,,,,
LN0002022,2023-06,,,,,,,,,,,,,
LN0002023,2024-02,,,,,,,,,,,,,
LN0002039,2024-11,,,,,,,,,,,,,
LN0002048,2023-07,,,,,,,,,,,,,
LN0002060,2023-01,,,,,,,,,,,,,
LN0002084,2025-06,,,,,,,,,,,,,
LN0002085,2025-08,,,,,,,,,,,,,
LN0002093,2024-09,,,,,,,,,,,,,
LN0002107,2023-10,,,,,,,,,,,,,
LN0002110,2024-07,,,,,,,,,,,,,
LN0002120,2025-02,,,,,,,,,,,,,
LN0002124,2023-11,,,,,,,,,,,,,
LN0002185,2025-03,,,,,,,,,,,,,
LN0002211,2024-12,,,,,,,,,,,,,
LN0002214,2024-01,,,,,,,,,,,,,
LN0002239,2025-05,,,,,,,,,,,,,
LN0002249,2024-12,,,,,,,,,,,,,
LN0002255,2024-06,,,,,,,,,,,,,
LN0002270,2024-04,,,,,,,,,,,,,
LN0002317,2024-01,,,,,,,,,,,,,
LN0002336,2023-09,,,,,,,,,,,,,
LN0002360,2023-09,,,,,,,,,,,,,
LN0002366,2024-11,,,,,,,,,,,,,
LN0002381,2024-06,,,,,,,,,,,,,
LN0002401,2022-12,,,,,,,,,,,,,
LN0002410,2026-05,,,,,,,,,,,,,
LN0002411,2025-02,,,,,,,,,,,,,
LN0002427,2024-05,,,,,,,,,,,,,
LN0002458,2024-06,,,,,,,,,,,,,
LN0002463,2025-03,,,,,,,,,,,,,
LN0002478,2024-05,,,,,,,,,,,,,
LN0002527,2025-03,,,,,,,,,,,,,
LN0002534,2025-11,,,,,,,,,,,,,
LN0002538,2024-10,,,,,,,,,,,,,
LN0002562,2024-10,,,,,,,,,,,,,
LN0002604,2025-02,,,,,,,,,,,,,
LN0002607,2025-02,,,,,,,,,,,,,
LN0002611,2024-07,,,,,,,,,,,,,
LN0002621,2024-04,,,,,,,,,,,,,
LN0002633,2023-07,,,,,,,,,,,,,
LN0002636,2024-10,,,,,,,,,,,,,
LN0002641,2023-12,,,,,,,,,,,,,
LN0002645,2022-11,,,,,,,,,,,,,
LN0002653,2023-02,,,,,,,,,,,,,
LN0002692,2024-06,,,,,,,,,,,,,
LN0002696,2025-08,,,,,,,,,,,,,
LN0002719,2024-07,,,,,,,,,,,,,
LN0002720,2024-02,,,,,,,,,,,,,
LN0002724,2025-02,,,,,,,,,,,,,
LN0002728,2025-01,,,,,,,,,,,,,
LN0002731,2023-11,,,,,,,,,,,,,
LN0002743,2023-08,,,,,,,,,,,,,
LN0002757,2023-12,,,,,,,,,,,,,
LN0002761,2024-02,,,,,,,,,,,,,
LN0002769,2024-12,,,,,,,,,,,,,
LN0002786,2024-04,,,,,,,,,,,,,
LN0002808,2023-12,,,,,,,,,,,,,
LN0002819,2025-05,,,,,,,,,,,,,
LN0002822,2022-06,,,,,,,,,,,,,
LN0002828,2022-12,,,,,,,,,,,,,
LN0002836,2024-08,,,,,,,,,,,,,
LN0002860,2023-09,,,,,,,,,,,,,
LN0002900,2023-07,,,,,,,,,,,,,
LN0002904,2023-11,,,,,,,,,,,,,
LN0002927,2025-09,,,,,,,,,,,,,
LN0002930,2025-10,,,,,,,,,,,,,
LN0002933,2025-07,,,,,,,,,,,,,
LN0002960,2024-05,,,,,,,,,,,,,
LN0003017,2025-10,,,,,,,,,,,,,
LN0003055,2025-08,,,,,,,,,,,,,
LN0003057,2024-12,,,,,,,,,,,,,
LN0003069,2023-09,,,,,,,,,,,,,
LN0003071,2025-01,,,,,,,,,,,,,
LN0003072,2023-02,,,,,,,,,,,,,
LN0003082,2022-12,,,,,,,,,,,,,
LN0003095,2024-04,,,,,,,,,,,,,
LN0003099,2025-02,,,,,,,,,,,,,
LN0003144,2024-02,,,,,,,,,,,,,
LN0003163,2024-03,,,,,,,,,,,,,
LN0003166,2024-02,,,,,,,,,,,,,
LN0003170,2024-10,,,,,,,,,,,,,
LN0003177,2023-12,,,,,,,,,,,,,
LN0003202,2026-04,,,,,,,,,,,,,
LN0003203,2025-03,,,,,,,,,,,,,
LN0003205,2024-08,,,,,,,,,,,,,
LN0003214,2024-02,,,,,,,,,,,,,
LN0003248,2025-08,,,,,,,,,,,,,
LN0003290,2023-09,,,,,,,,,,,,,
LN0003312,2024-02,,,,,,,,,,,,,
LN0003332,2023-06,,,,,,,,,,,,,
LN0003335,2023-10,,,,,,,,,,,,,
LN0003346,2023-04,,,,,,,,,,,,,
LN0003354,2024-09,,,,,,,,,,,,,
LN0003355,2024-03,,,,,,,,,,,,,
LN0003368,2025-10,,,,,,,,,,,,,
LN0003369,2023-10,,,,,,,,,,,,,
LN0003373,2024-12,,,,,,,,,,,,,
LN0003379,2025-10,,,,,,,,,,,,,
LN0003393,2023-05,,,,,,,,,,,,,
LN0003395,2024-05,,,,,,,,,,,,,
LN0003418,2024-03,,,,,,,,,,,,,
LN0003421,2024-08,,,,,,,,,,,,,
LN0003459,2025-01,,,,,,,,,,,,,
LN0003469,2025-12,,,,,,,,,,,,,
LN0003472,2023-11,,,,,,,,,,,,,
LN0003477,2024-03,,,,,,,,,,,,,
LN0003514,2025-02,,,,,,,,,,,,,
LN0003535,2023-07,,,,,,,,,,,,,
LN0003542,2024-02,,,,,,,,,,,,,
LN0003559,2023-07,,,,,,,,,,,,,
LN0003561,2025-01,,,,,,,,,,,,,
LN0003571,2024-07,,,,,,,,,,,,,
LN0003574,2023-11,,,,,,,,,,,,,
LN0003579,2024-08,,,,,,,,,,,,,
LN0003595,2024-01,,,,,,,,,,,,,
LN0003618,2023-07,,,,,,,,,,,,,
LN0003637,2024-04,,,,,,,,,,,,,
LN0003643,2024-02,,,,,,,,,,,,,
LN0003651,2024-02,,,,,,,,,,,,,
LN0003654,2024-07,,,,,,,,,,,,,
LN0003669,2024-07,,,,,,,,,,,,,
LN0003683,2025-03,,,,,,,,,,,,,
LN0003687,2023-11,,,,,,,,,,,,,
LN0003690,2023-10,,,,,,,,,,,,,
LN0003709,2023-11,,,,,,,,,,,,,
LN0003713,2025-06,,,,,,,,,,,,,
LN0003735,2023-04,,,,,,,,,,,,,
LN0003764,2025-12,,,,,,,,,,,,,
LN0003778,2024-04,,,,,,,,,,,,,
LN0003788,2023-06,,,,,,,,,,,,,
LN0003793,2024-08,,,,,,,,,,,,,
LN0003799,2024-05,,,,,,,,,,,,,
LN0003815,2025-01,,,,,,,,,,,,,
LN0003817,2025-10,,,,,,,,,,,,,
LN0003889,2025-02,,,,,,,,,,,,,
LN0003918,2024-04,,,,,,,,,,,,,
LN0003937,2024-02,,,,,,,,,,,,,
LN0003959,2025-04,,,,,,,,,,,,,
LN0003967,2023-11,,,,,,,,,,,,,
LN0003983,2024-10,,,,,,,,,,,,,
LN0003992,2024-04,,,,,,,,,,,,,
LN0004006,2024-08,,,,,,,,,,,,,
LN0004027,2022-12,,,,,,,,,,,,,
LN0004035,2025-05,,,,,,,,,,,,,
LN0004053,2024-12,,,,,,,,,,,,,
LN0004068,2026-05,,,,,,,,,,,,,
LN0004081,2023-07,,,,,,,,,,,,,
LN0004110,2023-03,,,,,,,,,,,,,
LN0004132,2023-12,,,,,,,,,,,,,
LN0004195,2025-03,,,,,,,,,,,,,
LN0004219,2024-06,,,,,,,,,,,,,
LN0004256,2026-04,,,,,,,,,,,,,
LN0004276,2024-07,,,,,,,,,,,,,
LN0004304,2024-12,,,,,,,,,,,,,
LN0004315,2026-05,,,,,,,,,,,,,
LN0004343,2024-12,,,,,,,,,,,,,
LN0004361,2024-03,,,,,,,,,,,,,
LN0004390,2024-05,,,,,,,,,,,,,
LN0004396,2023-07,,,,,,,,,,,,,
LN0004402,2024-03,,,,,,,,,,,,,
LN0004415,2024-01,,,,,,,,,,,,,
LN0004423,2024-07,,,,,,,,,,,,,
LN0004441,2025-08,,,,,,,,,,,,,
LN0004456,2026-02,,,,,,,,,,,,,
LN0004460,2023-08,,,,,,,,,,,,,
LN0004473,2023-05,,,,,,,,,,,,,
LN0004488,2023-09,,,,,,,,,,,,,
LN0004490,2025-11,,,,,,,,,,,,,
LN0004498,2026-02,,,,,,,,,,,,,
LN0004537,2022-09,,,,,,,,,,,,,
LN0004564,2022-07,,,,,,,,,,,,,
LN0004610,2024-01,,,,,,,,,,,,,
LN0004626,2023-03,,,,,,,,,,,,,
LN0004645,2026-06,,,,,,,,,,,,,
LN0004649,2025-03,,,,,,,,,,,,,
LN0004656,2024-04,,,,,,,,,,,,,
LN0004659,2024-07,,,,,,,,,,,,,
LN0004678,2025-03,,,,,,,,,,,,,
LN0004682,2025-05,,,,,,,,,,,,,
LN0004687,2023-08,,,,,,,,,,,,,
LN0004703,2025-11,,,,,,,,,,,,,
LN0004707,2023-11,,,,,,,,,,,,,
LN0004713,2023-10,,,,,,,,,,,,,
LN0004734,2023-04,,,,,,,,,,,,,
LN0004753,2026-04,,,,,,,,,,,,,
LN0004755,2025-05,,,,,,,,,,,,,
LN0004757,2024-04,,,,,,,,,,,,,
LN0004773,2024-06,,,,,,,,,,,,,
LN0004789,2025-11,,,,,,,,,,,,,
LN0004790,2025-10,,,,,,,,,,,,,
LN0004800,2024-06,,,,,,,,,,,,,
LN0004824,2025-10,,,,,,,,,,,,,
LN0004858,2023-10,,,,,,,,,,,,,
LN0004871,2023-05,,,,,,,,,,,,,
LN0004915,2025-03,,,,,,,,,,,,,
LN0004939,2023-04,,,,,,,,,,,,,
LN0004944,2025-03,,,,,,,,,,,,,
LN0004974,2024-04,,,,,,,,,,,,,
LN0005002,2023-09,,,,,,,,,,,,,
LN0005061,2024-10,,,,,,,,,,,,,
LN0005083,2025-09,,,,,,,,,,,,,
LN0005090,2023-08,,,,,,,,,,,,,
LN0005094,2024-01,,,,,,,,,,,,,
LN0005098,2024-09,,,,,,,,,,,,,
LN0005101,2023-10,,,,,,,,,,,,,
LN0005119,2024-05,,,,,,,,,,,,,
LN0005130,2025-02,,,,,,,,,,,,,
LN0005134,2023-02,,,,,,,,,,,,,
LN0005140,2023-03,,,,,,,,,,,,,
LN0005181,2024-12,,,,,,,,,,,,,
LN0005194,2025-12,,,,,,,,,,,,,
LN0005200,2025-01,,,,,,,,,,,,,
LN0005207,2025-07,,,,,,,,,,,,,
LN0005213,2024-11,,,,,,,,,,,,,
LN0005242,2023-01,,,,,,,,,,,,,
LN0005268,2025-01,,,,,,,,,,,,,
LN0005272,2024-07,,,,,,,,,,,,,
LN0005287,2025-05,,,,,,,,,,,,,
LN0005291,2023-12,,,,,,,,,,,,,
LN0005303,2023-05,,,,,,,,,,,,,
LN0005305,2024-12,,,,,,,,,,,,,
LN0005307,2024-06,,,,,,,,,,,,,
LN0005345,2023-12,,,,,,,,,,,,,
LN0005346,2023-07,,,,,,,,,,,,,
LN0005350,2023-10,,,,,,,,,,,,,
LN0005357,2023-07,,,,,,,,,,,,,
LN0005392,2023-08,,,,,,,,,,,,,
LN0005403,2025-07,,,,,,,,,,,,,
LN0005412,2024-06,,,,,,,,,,,,,
LN0005450,2025-06,,,,,,,,,,,,,
LN0005456,2025-03,,,,,,,,,,,,,
LN0005499,2023-12,,,,,,,,,,,,,
LN0005528,2024-11,,,,,,,,,,,,,
LN0005540,2023-06,,,,,,,,,,,,,
LN0005560,2023-09,,,,,,,,,,,,,
LN0005599,2025-11,,,,,,,,,,,,,
LN0005601,2024-01,,,,,,,,,,,,,
LN0005618,2024-03,,,,,,,,,,,,,
LN0005630,2023-05,,,,,,,,,,,,,
LN0005655,2026-01,,,,,,,,,,,,,
LN0005662,2025-05,,,,,,,,,,,,,
LN0005673,2024-04,,,,,,,,,,,,,
LN0005689,2025-05,,,,,,,,,,,,,
LN0005716,2025-01,,,,,,,,,,,,,
LN0005734,2024-07,,,,,,,,,,,,,
LN0005740,2023-04,,,,,,,,,,,,,
LN0005742,2023-09,,,,,,,,,,,,,
LN0005763,2023-05,,,,,,,,,,,,,
LN0005775,2024-01,,,,,,,,,,,,,
LN0005803,2023-02,,,,,,,,,,,,,
LN0005875,2025-08,,,,,,,,,,,,,
LN0005876,2024-02,,,,,,,,,,,,,
LN0005902,2024-10,,,,,,,,,,,,,
LN0005927,2024-09,,,,,,,,,,,,,
LN0005942,2023-02,,,,,,,,,,,,,
LN0005957,2024-10,,,,,,,,,,,,,
LN0005979,2023-06,,,,,,,,,,,,,
LN0005983,2023-06,,,,,,,,,,,,,
LN0006025,2024-03,,,,,,,,,,,,,
LN0006028,2023-08,,,,,,,,,,,,,
LN0006029,2025-06,,,,,,,,,,,,,
LN0006053,2023-09,,,,,,,,,,,,,
LN0006084,2025-06,,,,,,,,,,,,,
LN0006090,2023-02,,,,,,,,,,,,,
LN0006093,2024-03,,,,,,,,,,,,,
LN0006097,2024-07,,,,,,,,,,,,,
LN0006113,2024-07,,,,,,,,,,,,,
LN0006123,2024-04,,,,,,,,,,,,,
LN0006132,2024-09,,,,,,,,,,,,,
LN0006144,2025-05,,,,,,,,,,,,,
LN0006165,2025-08,,,,,,,,,,,,,
LN0006172,2025-08,,,,,,,,,,,,,
LN0006180,2022-11,,,,,,,,,,,,,
LN0006186,2025-08,,,,,,,,,,,,,
LN0006191,2023-04,,,,,,,,,,,,,
LN0006194,2025-05,,,,,,,,,,,,,
LN0006198,2024-03,,,,,,,,,,,,,
LN0006203,2024-07,,,,,,,,,,,,,
LN0006209,2025-12,,,,,,,,,,,,,
LN0006229,2023-11,,,,,,,,,,,,,
LN0006234,2026-03,,,,,,,,,,,,,
LN0006236,2026-03,,,,,,,,,,,,,
LN0006241,2023-08,,,,,,,,,,,,,
LN0006245,2025-07,,,,,,,,,,,,,
LN0006266,2024-03,,,,,,,,,,,,,
LN0006275,2023-06,,,,,,,,,,,,,
LN0006291,2023-11,,,,,,,,,,,,,
LN0006295,2024-12,,,,,,,,,,,,,
LN0006311,2024-07,,,,,,,,,,,,,
LN0006322,2023-04,,,,,,,,,,,,,
LN0006336,2024-04,,,,,,,,,,,,,
LN0006342,2024-01,,,,,,,,,,,,,
LN0006364,2023-11,,,,,,,,,,,,,
LN0006388,2024-12,,,,,,,,,,,,,
LN0006391,2022-08,,,,,,,,,,,,,
LN0006414,2025-02,,,,,,,,,,,,,
LN0006415,2022-11,,,,,,,,,,,,,
LN0006416,2025-08,,,,,,,,,,,,,
LN0006432,2023-06,,,,,,,,,,,,,
LN0006458,2023-08,,,,,,,,,,,,,
LN0006478,2023-01,,,,,,,,,,,,,
LN0006516,2024-01,,,,,,,,,,,,,
LN0006521,2023-08,,,,,,,,,,,,,
LN0006551,2025-06,,,,,,,,,,,,,
LN0006555,2024-12,,,,,,,,,,,,,
LN0006560,2024-04,,,,,,,,,,,,,
LN0006574,2025-04,,,,,,,,,,,,,
LN0006615,2023-07,,,,,,,,,,,,,
LN0006641,2024-12,,,,,,,,,,,,,
LN0006656,2025-10,,,,,,,,,,,,,
LN0006687,2024-05,,,,,,,,,,,,,
LN0006712,2024-05,,,,,,,,,,,,,
LN0006717,2025-03,,,,,,,,,,,,,
LN0006729,2023-11,,,,,,,,,,,,,
LN0006731,2025-01,,,,,,,,,,,,,
LN0006743,2022-12,,,,,,,,,,,,,
LN0006754,2024-05,,,,,,,,,,,,,
LN0006770,2023-10,,,,,,,,,,,,,
LN0006778,2023-08,,,,,,,,,,,,,
LN0006823,2023-04,,,,,,,,,,,,,
LN0006827,2024-08,,,,,,,,,,,,,
LN0006839,2023-12,,,,,,,,,,,,,
LN0006893,2024-07,,,,,,,,,,,,,
LN0006897,2025-06,,,,,,,,,,,,,
LN0006898,2022-11,,,,,,,,,,,,,
LN0006914,2023-02,,,,,,,,,,,,,
LN0006924,2025-03,,,,,,,,,,,,,
LN0006925,2026-03,,,,,,,,,,,,,
LN0006956,2022-12,,,,,,,,,,,,,
LN0006967,2023-11,,,,,,,,,,,,,
LN0006980,2025-03,,,,,,,,,,,,,
LN0006993,2024-03,,,,,,,,,,,,,
LN0006994,2024-12,,,,,,,,,,,,,
LN0007001,2025-05,,,,,,,,,,,,,
LN0007008,2023-11,,,,,,,,,,,,,
LN0007010,2025-02,,,,,,,,,,,,,
LN0007052,2025-03,,,,,,,,,,,,,
LN0007062,2025-03,,,,,,,,,,,,,
LN0007084,2025-05,,,,,,,,,,,,,
LN0007086,2026-02,,,,,,,,,,,,,
LN0007089,2023-05,,,,,,,,,,,,,
LN0007108,2024-01,,,,,,,,,,,,,
LN0007115,2023-08,,,,,,,,,,,,,
LN0007131,2023-03,,,,,,,,,,,,,
LN0007135,2025-02,,,,,,,,,,,,,
LN0007153,2025-06,,,,,,,,,,,,,
LN0007164,2025-03,,,,,,,,,,,,,
LN0007170,2023-12,,,,,,,,,,,,,
LN0007207,2025-10,,,,,,,,,,,,,
LN0007254,2023-06,,,,,,,,,,,,,
LN0007258,2023-03,,,,,,,,,,,,,
LN0007265,2024-09,,,,,,,,,,,,,
LN0007271,2024-10,,,,,,,,,,,,,
LN0007277,2025-12,,,,,,,,,,,,,
LN0007307,2023-01,,,,,,,,,,,,,
LN0007322,2023-06,,,,,,,,,,,,,
LN0007331,2025-08,,,,,,,,,,,,,
LN0007338,2024-11,,,,,,,,,,,,,
LN0007344,2024-01,,,,,,,,,,,,,
LN0007351,2023-07,,,,,,,,,,,,,
LN0007358,2025-09,,,,,,,,,,,,,
LN0007360,2025-07,,,,,,,,,,,,,
LN0007380,2025-07,,,,,,,,,,,,,
LN0007394,2022-08,,,,,,,,,,,,,
LN0007395,2024-10,,,,,,,,,,,,,
LN0007396,2024-08,,,,,,,,,,,,,
LN0007428,2025-06,,,,,,,,,,,,,
LN0007441,2023-08,,,,,,,,,,,,,
LN0007445,2025-03,,,,,,,,,,,,,
LN0007452,2023-06,,,,,,,,,,,,,
LN0007460,2023-08,,,,,,,,,,,,,
LN0007467,2024-11,,,,,,,,,,,,,
LN0007485,2023-12,,,,,,,,,,,,,
LN0007499,2022-05,,,,,,,,,,,,,
LN0007531,2024-02,,,,,,,,,,,,,
LN0007541,2024-06,,,,,,,,,,,,,
LN0007556,2025-09,,,,,,,,,,,,,
LN0007558,2024-02,,,,,,,,,,,,,
LN0007562,2025-03,,,,,,,,,,,,,
LN0007563,2024-06,,,,,,,,,,,,,
LN0007596,2024-02,,,,,,,,,,,,,
LN0007597,2025-04,,,,,,,,,,,,,
LN0007600,2026-04,,,,,,,,,,,,,
LN0007607,2023-05,,,,,,,,,,,,,
LN0007609,2024-01,,,,,,,,,,,,,
LN0007616,2024-08,,,,,,,,,,,,,
LN0007617,2024-11,,,,,,,,,,,,,
LN0007631,2024-10,,,,,,,,,,,,,
LN0007659,2024-09,,,,,,,,,,,,,
LN0007679,2025-06,,,,,,,,,,,,,
LN0007711,2024-02,,,,,,,,,,,,,
LN0007712,2024-05,,,,,,,,,,,,,
LN0007717,2024-10,,,,,,,,,,,,,
LN0007746,2023-07,,,,,,,,,,,,,
LN0007773,2025-01,,,,,,,,,,,,,
LN0007811,2023-12,,,,,,,,,,,,,
LN0007815,2024-11,,,,,,,,,,,,,
LN0007843,2023-08,,,,,,,,,,,,,
LN0007845,2024-06,,,,,,,,,,,,,
LN0007849,2024-05,,,,,,,,,,,,,
LN0007878,2024-02,,,,,,,,,,,,,
LN0007937,2023-12,,,,,,,,,,,,,
LN0007939,2022-07,,,,,,,,,,,,,
LN0007946,2022-11,,,,,,,,,,,,,
LN0007958,2025-03,,,,,,,,,,,,,
LN0007972,2024-03,,,,,,,,,,,,,
LN0008007,2025-01,,,,,,,,,,,,,
LN0008048,2024-07,,,,,,,,,,,,,
LN0008049,2024-05,,,,,,,,,,,,,
LN0008069,2024-12,,,,,,,,,,,,,
LN0008073,2024-11,,,,,,,,,,,,,
LN0008084,2025-11,,,,,,,,,,,,,
LN0008105,2024-10,,,,,,,,,,,,,
LN0008111,2023-07,,,,,,,,,,,,,
LN0008156,2024-06,,,,,,,,,,,,,
LN0008160,2024-10,,,,,,,,,,,,,
LN0008162,2025-05,,,,,,,,,,,,,
LN0008180,2023-11,,,,,,,,,,,,,
LN0008182,2023-08,,,,,,,,,,,,,
LN0008194,2024-08,,,,,,,,,,,,,
LN0008195,2025-01,,,,,,,,,,,,,
LN0008200,2025-01,,,,,,,,,,,,,
LN0008205,2024-07,,,,,,,,,,,,,
LN0008211,2025-06,,,,,,,,,,,,,
LN0008214,2022-08,,,,,,,,,,,,,
LN0008219,2025-01,,,,,,,,,,,,,
LN0008227,2026-03,,,,,,,,,,,,,
LN0008242,2023-12,,,,,,,,,,,,,
LN0008266,2022-12,,,,,,,,,,,,,
LN0008287,2024-06,,,,,,,,,,,,,
LN0008303,2024-10,,,,,,,,,,,,,
LN0008310,2023-12,,,,,,,,,,,,,
LN0008315,2023-01,,,,,,,,,,,,,
LN0008321,2023-06,,,,,,,,,,,,,
LN0008330,2024-02,,,,,,,,,,,,,
LN0008418,2023-07,,,,,,,,,,,,,
LN0008423,2024-07,,,,,,,,,,,,,
LN0008433,2023-07,,,,,,,,,,,,,
LN0008437,2023-10,,,,,,,,,,,,,
LN0008450,2024-10,,,,,,,,,,,,,
LN0008459,2024-09,,,,,,,,,,,,,
LN0008481,2023-10,,,,,,,,,,,,,
LN0008489,2023-10,,,,,,,,,,,,,
LN0008497,2025-03,,,,,,,,,,,,,
LN0008515,2023-05,,,,,,,,,,,,,
LN0008523,2024-05,,,,,,,,,,,,,
LN0008526,2023-08,,,,,,,,,,,,,
LN0008532,2023-03,,,,,,,,,,,,,
LN0008540,2025-02,,,,,,,,,,,,,
LN0008572,2023-01,,,,,,,,,,,,,
LN0008578,2025-05,,,,,,,,,,,,,
LN0008583,2024-01,,,,,,,,,,,,,
LN0008586,2023-08,,,,,,,,,,,,,
LN0008599,2025-06,,,,,,,,,,,,,
LN0008626,2025-08,,,,,,,,,,,,,
LN0008640,2026-05,,,,,,,,,,,,,
LN0008649,2024-11,,,,,,,,,,,,,
LN0008668,2024-06,,,,,,,,,,,,,
LN0008672,2024-03,,,,,,,,,,,,,
LN0008681,2023-12,,,,,,,,,,,,,
LN0008693,2024-06,,,,,,,,,,,,,
LN0008701,2025-02,,,,,,,,,,,,,
LN0008716,2024-01,,,,,,,,,,,,,
LN0008719,2023-09,,,,,,,,,,,,,
LN0008722,2024-02,,,,,,,,,,,,,
LN0008726,2024-05,,,,,,,,,,,,,
LN0008763,2024-05,,,,,,,,,,,,,
LN0008771,2023-09,,,,,,,,,,,,,
LN0008784,2026-05,,,,,,,,,,,,,
LN0008791,2022-08,,,,,,,,,,,,,
LN0008804,2025-03,,,,,,,,,,,,,
LN0008807,2023-06,,,,,,,,,,,,,
LN0008841,2023-01,,,,,,,,,,,,,
LN0008857,2023-09,,,,,,,,,,,,,
LN0008858,2023-09,,,,,,,,,,,,,
LN0008864,2025-10,,,,,,,,,,,,,
LN0008925,2025-07,,,,,,,,,,,,,
LN0008930,2024-03,,,,,,,,,,,,,
LN0008931,2024-11,,,,,,,,,,,,,
LN0008938,2022-11,,,,,,,,,,,,,
LN0008952,2023-04,,,,,,,,,,,,,
LN0008980,2026-01,,,,,,,,,,,,,
LN0008982,2025-04,,,,,,,,,,,,,
LN0008999,2023-04,,,,,,,,,,,,,
LN0009005,2023-12,,,,,,,,,,,,,
LN0009011,2024-04,,,,,,,,,,,,,
LN0009017,2024-03,,,,,,,,,,,,,
LN0009039,2026-03,,,,,,,,,,,,,
LN0009042,2022-12,,,,,,,,,,,,,
LN0009060,2024-10,,,,,,,,,,,,,
LN0009070,2025-03,,,,,,,,,,,,,
LN0009127,2023-12,,,,,,,,,,,,,
LN0009137,2024-09,,,,,,,,,,,,,
LN0009152,2025-09,,,,,,,,,,,,,
LN0009177,2025-11,,,,,,,,,,,,,
LN0009198,2025-11,,,,,,,,,,,,,
LN0009240,2023-10,,,,,,,,,,,,,
LN0009265,2024-02,,,,,,,,,,,,,
LN0009278,2023-01,,,,,,,,,,,,,
LN0009287,2024-07,,,,,,,,,,,,,
LN0009288,2024-05,,,,,,,,,,,,,
LN0009367,2024-08,,,,,,,,,,,,,
LN0009382,2024-01,,,,,,,,,,,,,
LN0009384,2024-09,,,,,,,,,,,,,
LN0009417,2024-07,,,,,,,,,,,,,
LN0009446,2025-11,,,,,,,,,,,,,
LN0009471,2022-07,,,,,,,,,,,,,
LN0009491,2025-01,,,,,,,,,,,,,
LN0009527,2023-06,,,,,,,,,,,,,
LN0009534,2023-05,,,,,,,,,,,,,
LN0009566,2024-05,,,,,,,,,,,,,
LN0009574,2023-08,,,,,,,,,,,,,
LN0009599,2023-08,,,,,,,,,,,,,
LN0009609,2025-01,,,,,,,,,,,,,
LN0009613,2024-03,,,,,,,,,,,,,
LN0009663,2023-01,,,,,,,,,,,,,
LN0009720,2025-03,,,,,,,,,,,,,
LN0009722,2024-10,,,,,,,,,,,,,
LN0009726,2024-04,,,,,,,,,,,,,
LN0009739,2024-07,,,,,,,,,,,,,
LN0009751,2023-09,,,,,,,,,,,,,
LN0009771,2024-06,,,,,,,,,,,,,
LN0009782,2025-06,,,,,,,,,,,,,
LN0009790,2023-04,,,,,,,,,,,,,
LN0009797,2023-02,,,,,,,,,,,,,
LN0009804,2024-04,,,,,,,,,,,,,
LN0009810,2024-06,,,,,,,,,,,,,
LN0009837,2024-12,,,,,,,,,,,,,
LN0009872,2024-11,,,,,,,,,,,,,
LN0009877,2022-11,,,,,,,,,,,,,
LN0009890,2024-09,,,,,,,,,,,,,
LN0009910,2023-03,,,,,,,,,,,,,
LN0009924,2023-07,,,,,,,,,,,,,
LN0009925,2024-03,,,,,,,,,,,,,
LN0009926,2025-02,,,,,,,,,,,,,
LN0009927,2025-10,,,,,,,,,,,,,
LN0009929,2022-08,,,,,,,,,,,,,
LN0009948,2024-10,,,,,,,,,,,,,
LN0009955,2025-08,,,,,,,,,,,,,
LN0009996,2023-12,,,,,,,,,,,,,
LN0010001,2023-04,,,,,,,,,,,,,
LN0010034,2023-12,,,,,,,,,,,,,
LN0010046,2024-05,,,,,,,,,,,,,
LN0010064,2023-09,,,,,,,,,,,,,
LN0010067,2025-11,,,,,,,,,,,,,
LN0010090,2023-12,,,,,,,,,,,,,
LN0010098,2025-08,,,,,,,,,,,,,
LN0010111,2024-03,,,,,,,,,,,,,
LN0010122,2025-04,,,,,,,,,,,,,
LN0010151,2022-11,,,,,,,,,,,,,
LN0010166,2024-04,,,,,,,,,,,,,
LN0010212,2023-06,,,,,,,,,,,,,
LN0010216,2022-06,,,,,,,,,,,,,
LN0010232,2023-08,,,,,,,,,,,,,
LN0010237,2023-04,,,,,,,,,,,,,
LN0010242,2023-11,,,,,,,,,,,,,
LN0010243,2023-10,,,,,,,,,,,,,
LN0010244,2024-09,,,,,,,,,,,,,
LN0010260,2025-10,,,,,,,,,,,,,
LN0010288,2026-03,,,,,,,,,,,,,
LN0010296,2022-05,,,,,,,,,,,,,
LN0010375,2023-07,,,,,,,,,,,,,
LN0010392,2023-01,,,,,,,,,,,,,
LN0010433,2024-03,,,,,,,,,,,,,
LN0010434,2024-01,,,,,,,,,,,,,
LN0010438,2023-03,,,,,,,,,,,,,
LN0010439,2024-03,,,,,,,,,,,,,
LN0010451,2025-03,,,,,,,,,,,,,
LN0010470,2025-03,,,,,,,,,,,,,
LN0010485,2022-05,,,,,,,,,,,,,
LN0010511,2024-02,,,,,,,,,,,,,
LN0010512,2025-08,,,,,,,,,,,,,
LN0010515,2024-02,,,,,,,,,,,,,
LN0010542,2024-11,,,,,,,,,,,,,
LN0010572,2023-07,,,,,,,,,,,,,
LN0010574,2025-05,,,,,,,,,,,,,
LN0010596,2022-12,,,,,,,,,,,,,
LN0010613,2025-05,,,,,,,,,,,,,
LN0010615,2022-07,,,,,,,,,,,,,
LN0010622,2024-05,,,,,,,,,,,,,
LN0010650,2024-08,,,,,,,,,,,,,
LN0010658,2023-09,,,,,,,,,,,,,
LN0010721,2024-08,,,,,,,,,,,,,
LN0010729,2025-06,,,,,,,,,,,,,
LN0010737,2024-01,,,,,,,,,,,,,
LN0010744,2025-05,,,,,,,,,,,,,
LN0010747,2025-02,,,,,,,,,,,,,
LN0010749,2025-03,,,,,,,,,,,,,
LN0010754,2024-10,,,,,,,,,,,,,
LN0010758,2023-03,,,,,,,,,,,,,
LN0010760,2024-02,,,,,,,,,,,,,
LN0010761,2024-12,,,,,,,,,,,,,
LN0010779,2024-04,,,,,,,,,,,,,
LN0010798,2022-12,,,,,,,,,,,,,
LN0010802,2026-02,,,,,,,,,,,,,
LN0010811,2023-03,,,,,,,,,,,,,
LN0010813,2025-06,,,,,,,,,,,,,
LN0010820,2024-09,,,,,,,,,,,,,
LN0010831,2023-08,,,,,,,,,,,,,
LN0010903,2023-05,,,,,,,,,,,,,
LN0010906,2024-09,,,,,,,,,,,,,
LN0010914,2025-03,,,,,,,,,,,,,
LN0010926,2022-10,,,,,,,,,,,,,
LN0010930,2024-10,,,,,,,,,,,,,
LN0010952,2023-08,,,,,,,,,,,,,
LN0010968,2024-06,,,,,,,,,,,,,
LN0010974,2025-04,,,,,,,,,,,,,
LN0011032,2025-08,,,,,,,,,,,,,
LN0011039,2026-02,,,,,,,,,,,,,
LN0011041,2025-10,,,,,,,,,,,,,
LN0011049,2023-06,,,,,,,,,,,,,
LN0011053,2025-07,,,,,,,,,,,,,
LN0011057,2022-09,,,,,,,,,,,,,
LN0011100,2024-08,,,,,,,,,,,,,
LN0011104,2022-12,,,,,,,,,,,,,
LN0011109,2023-12,,,,,,,,,,,,,
LN0011124,2023-06,,,,,,,,,,,,,
LN0011136,2025-06,,,,,,,,,,,,,
LN0011143,2023-07,,,,,,,,,,,,,
LN0011166,2023-05,,,,,,,,,,,,,
LN0011174,2026-01,,,,,,,,,,,,,
LN0011179,2024-04,,,,,,,,,,,,,
LN0011196,2024-11,,,,,,,,,,,,,
LN0011217,2025-03,,,,,,,,,,,,,
LN0011236,2023-06,,,,,,,,,,,,,
LN0011247,2023-06,,,,,,,,,,,,,
LN0011273,2024-02,,,,,,,,,,,,,
LN0011300,2024-11,,,,,,,,,,,,,
LN0011302,2024-01,,,,,,,,,,,,,
LN0011313,2024-10,,,,,,,,,,,,,
LN0011336,2024-07,,,,,,,,,,,,,
LN0011353,2023-11,,,,,,,,,,,,,
LN0011355,2025-06,,,,,,,,,,,,,
LN0011368,2022-10,,,,,,,,,,,,,
LN0011370,2022-10,,,,,,,,,,,,,
LN0011376,2024-01,,,,,,,,,,,,,
LN0011414,2023-09,,,,,,,,,,,,,
LN0011415,2025-11,,,,,,,,,,,,,
LN0011420,2023-06,,,,,,,,,,,,,
LN0011428,2025-07,,,,,,,,,,,,,
LN0011436,2024-03,,,,,,,,,,,,,
LN0011446,2026-01,,,,,,,,,,,,,
LN0011467,2023-12,,,,,,,,,,,,,
LN0011470,2022-06,,,,,,,,,,,,,
LN0011484,2024-01,,,,,,,,,,,,,
LN0011501,2022-06,,,,,,,,,,,,,
LN0011519,2026-01,,,,,,,,,,,,,
LN0011558,2024-02,,,,,,,,,,,,,
LN0011565,2025-07,,,,,,,,,,,,,
LN0011570,2023-12,,,,,,,,,,,,,
LN0011580,2023-05,,,,,,,,,,,,,
LN0011581,2024-03,,,,,,,,,,,,,
LN0011588,2024-02,,,,,,,,,,,,,
LN0011591,2025-01,,,,,,,,,,,,,
LN0011614,2025-12,,,,,,,,,,,,,
LN0011624,2024-01,,,,,,,,,,,,,
LN0011639,2024-03,,,,,,,,,,,,,
LN0011641,2024-01,,,,,,,,,,,,,
LN0011642,2024-05,,,,,,,,,,,,,
LN0011680,2023-07,,,,,,,,,,,,,
LN0011685,2023-08,,,,,,,,,,,,,
LN0011713,2022-11,,,,,,,,,,,,,
LN0011730,2023-01,,,,,,,,,,,,,
LN0011733,2024-07,,,,,,,,,,,,,
LN0011737,2025-06,,,,,,,,,,,,,
LN0011761,2023-08,,,,,,,,,,,,,
LN0011766,2024-04,,,,,,,,,,,,,
LN0011767,2022-08,,,,,,,,,,,,,
LN0011787,2023-12,,,,,,,,,,,,,
LN0011803,2023-01,,,,,,,,,,,,,
LN0011836,2022-11,,,,,,,,,,,,,
LN0011856,2025-07,,,,,,,,,,,,,
LN0011857,2025-02,,,,,,,,,,,,,
LN0011869,2024-03,,,,,,,,,,,,,
LN0011885,2025-06,,,,,,,,,,,,,
LN0011893,2024-08,,,,,,,,,,,,,
LN0011903,2025-06,,,,,,,,,,,,,
LN0011912,2022-12,,,,,,,,,,,,,
LN0011920,2024-07,,,,,,,,,,,,,
LN0011935,2025-05,,,,,,,,,,,,,
LN0011964,2025-04,,,,,,,,,,,,,
LN0011965,2023-12,,,,,,,,,,,,,
LN0011967,2025-02,,,,,,,,,,,,,
LN0011973,2023-07,,,,,,,,,,,,,
LN0011980,2024-04,,,,,,,,,,,,,
LN0011983,2023-09,,,,,,,,,,,,,
LN0012005,2024-10,,,,,,,,,,,,,
LN0012021,2024-07,,,,,,,,,,,,,
LN0012026,2024-05,,,,,,,,,,,,,
LN0012029,2025-05,,,,,,,,,,,,,
LN0012046,2024-02,,,,,,,,,,,,,
LN0012058,2023-07,,,,,,,,,,,,,
LN0012062,2025-12,,,,,,,,,,,,,
LN0012067,2023-10,,,,,,,,,,,,,
LN0012070,2024-05,,,,,,,,,,,,,
LN0012075,2024-06,,,,,,,,,,,,,
LN0012076,2024-02,,,,,,,,,,,,,
LN0012091,2025-06,,,,,,,,,,,,,
LN0012097,2023-10,,,,,,,,,,,,,
LN0012111,2024-08,,,,,,,,,,,,,
LN0012125,2024-09,,,,,,,,,,,,,
LN0012153,2025-05,,,,,,,,,,,,,
LN0012159,2023-04,,,,,,,,,,,,,
LN0012176,2023-04,,,,,,,,,,,,,
LN0012190,2023-06,,,,,,,,,,,,,
LN0012209,2024-09,,,,,,,,,,,,,
LN0012212,2024-07,,,,,,,,,,,,,
LN0012214,2022-12,,,,,,,,,,,,,
LN0012216,2023-05,,,,,,,,,,,,,
LN0012218,2023-11,,,,,,,,,,,,,
LN0012237,2024-12,,,,,,,,,,,,,
LN0012256,2024-09,,,,,,,,,,,,,
LN0012257,2024-03,,,,,,,,,,,,,
LN0012269,2024-03,,,,,,,,,,,,,
LN0012279,2025-01,,,,,,,,,,,,,
LN0012287,2023-05,,,,,,,,,,,,,
LN0012292,2025-04,,,,,,,,,,,,,
LN0012295,2024-09,,,,,,,,,,,,,
LN0012338,2023-04,,,,,,,,,,,,,
LN0012343,2023-11,,,,,,,,,,,,,
LN0012354,2025-06,,,,,,,,,,,,,
LN0012357,2023-04,,,,,,,,,,,,,
LN0012362,2025-03,,,,,,,,,,,,,
LN0012395,2023-10,,,,,,,,,,,,,
LN0012399,2024-04,,,,,,,,,,,,,
LN0012439,2024-06,,,,,,,,,,,,,
LN0012446,2023-01,,,,,,,,,,,,,
LN0012456,2024-05,,,,,,,,,,,,,
LN0012463,2024-02,,,,,,,,,,,,,
LN0012472,2023-11,,,,,,,,,,,,,
LN0012488,2023-07,,,,,,,,,,,,,
LN0012509,2025-02,,,,,,,,,,,,,
LN0012510,2024-01,,,,,,,,,,,,,
LN0012549,2023-01,,,,,,,,,,,,,
LN0012597,2024-06,,,,,,,,,,,,,
LN0012606,2024-09,,,,,,,,,,,,,
LN0012618,2024-12,,,,,,,,,,,,,
LN0012622,2023-03,,,,,,,,,,,,,
LN0012636,2025-05,,,,,,,,,,,,,
LN0012669,2024-12,,,,,,,,,,,,,
LN0012708,2023-08,,,,,,,,,,,,,
LN0012727,2024-11,,,,,,,,,,,,,
LN0012740,2024-01,,,,,,,,,,,,,
LN0012758,2022-10,,,,,,,,,,,,,
LN0012762,2022-10,,,,,,,,,,,,,
LN0012781,2025-08,,,,,,,,,,,,,
LN0012842,2024-02,,,,,,,,,,,,,
LN0012844,2024-02,,,,,,,,,,,,,
LN0012860,2024-05,,,,,,,,,,,,,
LN0012863,2024-04,,,,,,,,,,,,,
LN0012883,2024-01,,,,,,,,,,,,,
LN0012915,2022-12,,,,,,,,,,,,,
LN0012923,2024-08,,,,,,,,,,,,,
LN0012925,2025-01,,,,,,,,,,,,,
LN0012939,2025-05,,,,,,,,,,,,,
LN0012962,2023-06,,,,,,,,,,,,,
LN0012983,2024-04,,,,,,,,,,,,,
LN0013009,2024-01,,,,,,,,,,,,,
LN0013025,2023-02,,,,,,,,,,,,,
LN0013053,2023-03,,,,,,,,,,,,,
LN0013064,2023-12,,,,,,,,,,,,,
LN0013068,2024-11,,,,,,,,,,,,,
LN0013086,2023-12,,,,,,,,,,,,,
LN0013123,2025-06,,,,,,,,,,,,,
LN0013132,2025-10,,,,,,,,,,,,,
LN0013146,2022-09,,,,,,,,,,,,,
LN0013180,2025-11,,,,,,,,,,,,,
LN0013225,2024-07,,,,,,,,,,,,,
LN0013234,2023-08,,,,,,,,,,,,,
LN0013257,2023-11,,,,,,,,,,,,,
LN0013279,2024-07,,,,,,,,,,,,,
LN0013285,2025-02,,,,,,,,,,,,,
LN0013311,2025-02,,,,,,,,,,,,,
LN0013341,2025-12,,,,,,,,,,,,,
LN0013371,2024-07,,,,,,,,,,,,,
LN0013380,2026-05,,,,,,,,,,,,,
LN0013384,2024-09,,,,,,,,,,,,,
LN0013387,2025-10,,,,,,,,,,,,,
LN0013404,2024-01,,,,,,,,,,,,,
LN0013405,2024-08,,,,,,,,,,,,,
LN0013408,2023-05,,,,,,,,,,,,,
LN0013411,2024-06,,,,,,,,,,,,,
LN0013440,2025-05,,,,,,,,,,,,,
LN0013442,2025-05,,,,,,,,,,,,,
LN0013454,2025-07,,,,,,,,,,,,,
LN0013460,2023-07,,,,,,,,,,,,,
LN0013521,2023-08,,,,,,,,,,,,,
LN0013527,2023-05,,,,,,,,,,,,,
LN0013535,2025-08,,,,,,,,,,,,,
LN0013536,2023-02,,,,,,,,,,,,,
LN0013537,2022-06,,,,,,,,,,,,,
LN0013575,2023-07,,,,,,,,,,,,,
LN0013600,2023-08,,,,,,,,,,,,,
LN0013630,2023-12,,,,,,,,,,,,,
LN0013650,2022-09,,,,,,,,,,,,,
LN0013655,2023-01,,,,,,,,,,,,,
LN0013656,2025-12,,,,,,,,,,,,,
LN0013674,2024-04,,,,,,,,,,,,,
LN0013681,2024-04,,,,,,,,,,,,,
LN0013690,2024-12,,,,,,,,,,,,,
LN0013692,2024-12,,,,,,,,,,,,,
LN0013711,2024-07,,,,,,,,,,,,,
LN0013714,2025-07,,,,,,,,,,,,,
LN0013718,2023-07,,,,,,,,,,,,,
LN0013727,2022-09,,,,,,,,,,,,,
LN0013728,2025-02,,,,,,,,,,,,,
LN0013772,2025-10,,,,,,,,,,,,,
LN0013807,2025-04,,,,,,,,,,,,,
LN0013810,2025-08,,,,,,,,,,,,,
LN0013812,2023-12,,,,,,,,,,,,,
LN0013817,2025-04,,,,,,,,,,,,,
LN0013840,2024-10,,,,,,,,,,,,,
LN0013870,2023-02,,,,,,,,,,,,,
LN0013886,2024-09,,,,,,,,,,,,,
LN0013902,2023-12,,,,,,,,,,,,,
LN0013930,2024-10,,,,,,,,,,,,,
LN0013937,2024-12,,,,,,,,,,,,,
LN0013949,2025-06,,,,,,,,,,,,,
LN0013962,2024-03,,,,,,,,,,,,,
LN0013981,2024-01,,,,,,,,,,,,,
LN0013996,2024-05,,,,,,,,,,,,,
LN0014004,2024-01,,,,,,,,,,,,,
LN0014034,2024-03,,,,,,,,,,,,,
LN0014035,2024-03,,,,,,,,,,,,,
LN0014040,2024-11,,,,,,,,,,,,,
LN0014072,2023-02,,,,,,,,,,,,,
LN0014106,2022-09,,,,,,,,,,,,,
LN0014107,2025-08,,,,,,,,,,,,,
LN0014130,2025-06,,,,,,,,,,,,,
LN0014135,2023-07,,,,,,,,,,,,,
LN0014191,2023-05,,,,,,,,,,,,,
LN0014195,2024-06,,,,,,,,,,,,,
LN0014201,2024-01,,,,,,,,,,,,,
LN0014210,2025-02,,,,,,,,,,,,,
LN0014224,2024-03,,,,,,,,,,,,,
LN0014247,2023-02,,,,,,,,,,,,,
LN0014277,2023-05,,,,,,,,,,,,,
LN0014293,2023-06,,,,,,,,,,,,,
LN0014300,2024-01,,,,,,,,,,,,,
LN0014304,2025-07,,,,,,,,,,,,,
LN0014319,2025-01,,,,,,,,,,,,,
LN0014321,2024-03,,,,,,,,,,,,,
LN0014329,2024-06,,,,,,,,,,,,,
LN0014333,2024-04,,,,,,,,,,,,,
LN0014344,2023-01,,,,,,,,,,,,,
LN0014346,2025-01,,,,,,,,,,,,,
LN0014350,2024-12,,,,,,,,,,,,,
LN0014352,2025-12,,,,,,,,,,,,,
LN0014366,2022-11,,,,,,,,,,,,,
LN0014367,2024-09,,,,,,,,,,,,,
LN0014417,2023-05,,,,,,,,,,,,,
LN0014463,2024-12,,,,,,,,,,,,,
LN0014467,2023-05,,,,,,,,,,,,,
LN0014477,2025-06,,,,,,,,,,,,,
LN0014483,2024-02,,,,,,,,,,,,,
LN0014506,2022-04,,,,,,,,,,,,,
LN0014513,2024-02,,,,,,,,,,,,,
LN0014515,2024-03,,,,,,,,,,,,,
LN0014516,2023-06,,,,,,,,,,,,,
LN0014517,2023-04,,,,,,,,,,,,,
LN0014523,2024-03,,,,,,,,,,,,,
LN0014539,2025-06,,,,,,,,,,,,,
LN0014589,2023-09,,,,,,,,,,,,,
LN0014637,2023-02,,,,,,,,,,,,,
LN0014640,2024-07,,,,,,,,,,,,,
LN0014645,2023-09,,,,,,,,,,,,,
LN0014659,2023-11,,,,,,,,,,,,,
LN0014676,2024-01,,,,,,,,,,,,,
LN0014678,2024-08,,,,,,,,,,,,,
LN0014695,2023-06,,,,,,,,,,,,,
LN0014697,2024-11,,,,,,,,,,,,,
LN0014698,2025-01,,,,,,,,,,,,,
LN0014711,2022-09,,,,,,,,,,,,,
LN0014725,2024-07,,,,,,,,,,,,,
LN0014763,2024-02,,,,,,,,,,,,,
LN0014780,2024-12,,,,,,,,,,,,,
LN0014787,2023-01,,,,,,,,,,,,,
LN0014795,2024-12,,,,,,,,,,,,,
LN0014797,2023-05,,,,,,,,,,,,,
LN0014812,2023-12,,,,,,,,,,,,,
LN0014823,2022-06,,,,,,,,,,,,,
LN0014830,2023-05,,,,,,,,,,,,,
LN0014831,2025-08,,,,,,,,,,,,,
LN0014891,2023-11,,,,,,,,,,,,,
LN0014902,2023-04,,,,,,,,,,,,,
LN0014914,2025-05,,,,,,,,,,,,,
LN0014923,2023-03,,,,,,,,,,,,,
LN0014952,2023-12,,,,,,,,,,,,,
LN0014999,2024-08,,,,,,,,,,,,,
LN0015003,2023-04,,,,,,,,,,,,,
LN0015017,2025-03,,,,,,,,,,,,,
LN0015033,2024-02,,,,,,,,,,,,,
LN0015034,2023-11,,,,,,,,,,,,,
LN0015049,2024-10,,,,,,,,,,,,,
LN0015060,2023-10,,,,,,,,,,,,,
LN0015077,2025-10,,,,,,,,,,,,,
LN0015079,2024-11,,,,,,,,,,,,,
LN0015084,2022-09,,,,,,,,,,,,,
LN0015112,2023-05,,,,,,,,,,,,,
LN0015118,2023-04,,,,,,,,,,,,,
LN0015121,2023-09,,,,,,,,,,,,,
LN0015125,2023-06,,,,,,,,,,,,,
LN0015127,2024-04,,,,,,,,,,,,,
LN0015132,2025-05,,,,,,,,,,,,,
LN0015151,2025-02,,,,,,,,,,,,,
LN0015166,2025-04,,,,,,,,,,,,,
LN0015178,2025-10,,,,,,,,,,,,,
LN0015189,2024-02,,,,,,,,,,,,,
LN0015190,2024-09,,,,,,,,,,,,,
LN0015195,2023-07,,,,,,,,,,,,,
LN0015207,2023-03,,,,,,,,,,,,,
LN0015217,2024-08,,,,,,,,,,,,,
LN0015226,2025-06,,,,,,,,,,,,,
LN0015242,2024-02,,,,,,,,,,,,,
LN0015244,2024-06,,,,,,,,,,,,,
LN0015261,2026-02,,,,,,,,,,,,,
LN0015286,2023-04,,,,,,,,,,,,,
LN0015293,2026-01,,,,,,,,,,,,,
LN0015295,2024-01,,,,,,,,,,,,,
LN0015299,2025-07,,,,,,,,,,,,,
LN0015326,2025-01,,,,,,,,,,,,,
LN0015354,2024-02,,,,,,,,,,,,,
LN0015396,2026-01,,,,,,,,,,,,,
LN0015411,2023-12,,,,,,,,,,,,,
LN0015419,2024-09,,,,,,,,,,,,,
LN0015423,2024-09,,,,,,,,,,,,,
LN0015424,2024-07,,,,,,,,,,,,,
LN0015430,2025-08,,,,,,,,,,,,,
LN0015432,2023-04,,,,,,,,,,,,,
LN0015434,2023-01,,,,,,,,,,,,,
LN0015457,2026-03,,,,,,,,,,,,,
LN0015458,2023-09,,,,,,,,,,,,,
LN0015463,2025-02,,,,,,,,,,,,,
LN0015468,2022-10,,,,,,,,,,,,,
LN0015479,2024-09,,,,,,,,,,,,,
LN0015482,2024-07,,,,,,,,,,,,,
LN0015490,2025-07,,,,,,,,,,,,,
LN0015517,2023-11,,,,,,,,,,,,,
LN0015566,2025-10,,,,,,,,,,,,,
LN0015585,2025-02,,,,,,,,,,,,,
LN0015591,2023-12,,,,,,,,,,,,,
LN0015601,2024-07,,,,,,,,,,,,,
LN0015644,2023-01,,,,,,,,,,,,,
LN0015659,2022-09,,,,,,,,,,,,,
LN0015661,2024-05,,,,,,,,,,,,,
LN0015733,2023-03,,,,,,,,,,,,,
LN0015740,2023-12,,,,,,,,,,,,,
LN0015764,2024-03,,,,,,,,,,,,,
LN0015784,2023-06,,,,,,,,,,,,,
LN0015810,2024-08,,,,,,,,,,,,,
LN0015826,2023-07,,,,,,,,,,,,,
LN0015849,2024-02,,,,,,,,,,,,,
LN0015862,2024-03,,,,,,,,,,,,,
LN0015873,2024-02,,,,,,,,,,,,,
LN0015904,2023-04,,,,,,,,,,,,,
LN0015924,2023-09,,,,,,,,,,,,,
LN0015933,2023-11,,,,,,,,,,,,,
LN0015936,2024-09,,,,,,,,,,,,,
LN0015975,2024-03,,,,,,,,,,,,,
LN0015997,2023-11,,,,,,,,,,,,,
LN0016001,2025-01,,,,,,,,,,,,,
LN0016015,2023-11,,,,,,,,,,,,,
LN0016020,2023-12,,,,,,,,,,,,,
LN0016025,2024-10,,,,,,,,,,,,,
LN0016069,2024-12,,,,,,,,,,,,,
LN0016105,2025-09,,,,,,,,,,,,,
LN0016115,2024-07,,,,,,,,,,,,,
LN0016135,2025-09,,,,,,,,,,,,,
LN0016162,2023-07,,,,,,,,,,,,,
LN0016164,2026-04,,,,,,,,,,,,,
LN0016171,2023-12,,,,,,,,,,,,,
LN0016176,2025-02,,,,,,,,,,,,,
LN0016220,2024-09,,,,,,,,,,,,,
LN0016226,2023-11,,,,,,,,,,,,,
LN0016230,2025-02,,,,,,,,,,,,,
LN0016235,2025-06,,,,,,,,,,,,,
LN0016238,2022-12,,,,,,,,,,,,,
LN0016253,2024-04,,,,,,,,,,,,,
LN0016272,2023-09,,,,,,,,,,,,,
LN0016276,2025-09,,,,,,,,,,,,,
LN0016279,2024-04,,,,,,,,,,,,,
LN0016295,2024-01,,,,,,,,,,,,,
LN0016302,2026-02,,,,,,,,,,,,,
LN0016303,2024-01,,,,,,,,,,,,,
LN0016319,2025-01,,,,,,,,,,,,,
LN0016320,2025-03,,,,,,,,,,,,,
LN0016327,2022-12,,,,,,,,,,,,,
LN0016330,2024-02,,,,,,,,,,,,,
LN0016335,2024-04,,,,,,,,,,,,,
LN0016343,2024-10,,,,,,,,,,,,,
LN0016345,2023-08,,,,,,,,,,,,,
LN0016352,2026-02,,,,,,,,,,,,,
LN0016374,2023-04,,,,,,,,,,,,,
LN0016394,2023-02,,,,,,,,,,,,,
LN0016395,2025-02,,,,,,,,,,,,,
LN0016403,2023-05,,,,,,,,,,,,,
LN0016405,2025-02,,,,,,,,,,,,,
LN0016407,2025-01,,,,,,,,,,,,,
LN0016428,2025-02,,,,,,,,,,,,,
LN0016431,2024-12,,,,,,,,,,,,,
LN0016432,2025-04,,,,,,,,,,,,,
LN0016444,2023-02,,,,,,,,,,,,,
LN0016447,2025-08,,,,,,,,,,,,,
LN0016455,2024-06,,,,,,,,,,,,,
LN0016458,2023-07,,,,,,,,,,,,,
LN0016482,2023-11,,,,,,,,,,,,,
LN0016486,2025-06,,,,,,,,,,,,,
LN0016490,2023-08,,,,,,,,,,,,,
LN0016492,2024-05,,,,,,,,,,,,,
LN0016496,2025-08,,,,,,,,,,,,,
LN0016540,2025-07,,,,,,,,,,,,,
LN0016549,2023-08,,,,,,,,,,,,,
LN0016571,2024-01,,,,,,,,,,,,,
LN0016578,2024-09,,,,,,,,,,,,,
LN0016595,2023-04,,,,,,,,,,,,,
LN0016598,2025-04,,,,,,,,,,,,,
LN0016600,2023-07,,,,,,,,,,,,,
LN0016606,2024-03,,,,,,,,,,,,,
LN0016607,2024-02,,,,,,,,,,,,,
LN0016627,2023-12,,,,,,,,,,,,,
LN0016662,2024-02,,,,,,,,,,,,,
LN0016663,2025-08,,,,,,,,,,,,,
LN0016694,2023-12,,,,,,,,,,,,,
LN0016729,2025-06,,,,,,,,,,,,,
LN0016736,2023-07,,,,,,,,,,,,,
LN0016764,2023-12,,,,,,,,,,,,,
LN0016786,2024-04,,,,,,,,,,,,,
LN0016829,2025-01,,,,,,,,,,,,,
LN0016831,2024-05,,,,,,,,,,,,,
LN0016856,2023-09,,,,,,,,,,,,,
LN0016869,2023-04,,,,,,,,,,,,,
LN0016882,2023-12,,,,,,,,,,,,,
LN0016926,2023-11,,,,,,,,,,,,,
LN0016936,2024-01,,,,,,,,,,,,,
LN0016956,2026-03,,,,,,,,,,,,,
LN0016961,2025-01,,,,,,,,,,,,,
LN0017000,2024-01,,,,,,,,,,,,,
LN0017040,2025-04,,,,,,,,,,,,,
LN0017044,2024-09,,,,,,,,,,,,,
LN0017065,2024-10,,,,,,,,,,,,,
LN0017070,2023-08,,,,,,,,,,,,,
LN0017071,2023-12,,,,,,,,,,,,,
LN0017089,2023-02,,,,,,,,,,,,,
LN0017104,2025-03,,,,,,,,,,,,,
LN0017105,2023-04,,,,,,,,,,,,,
LN0017133,2022-12,,,,,,,,,,,,,
LN0017142,2024-01,,,,,,,,,,,,,
LN0017151,2024-01,,,,,,,,,,,,,
LN0017155,2023-09,,,,,,,,,,,,,
LN0017164,2024-11,,,,,,,,,,,,,
LN0017172,2023-11,,,,,,,,,,,,,
LN0017191,2023-03,,,,,,,,,,,,,
LN0017227,2023-07,,,,,,,,,,,,,
LN0017229,2023-10,,,,,,,,,,,,,
LN0017242,2024-07,,,,,,,,,,,,,
LN0017257,2024-03,,,,,,,,,,,,,
LN0017258,2024-09,,,,,,,,,,,,,
LN0017305,2025-08,,,,,,,,,,,,,
LN0017315,2024-06,,,,,,,,,,,,,
LN0017316,2025-09,,,,,,,,,,,,,
LN0017332,2023-02,,,,,,,,,,,,,
LN0017365,2025-02,,,,,,,,,,,,,
LN0017371,2022-10,,,,,,,,,,,,,
LN0017374,2024-03,,,,,,,,,,,,,
LN0017405,2024-07,,,,,,,,,,,,,
LN0017412,2024-03,,,,,,,,,,,,,
LN0017431,2023-10,,,,,,,,,,,,,
LN0017434,2025-02,,,,,,,,,,,,,
LN0017468,2023-12,,,,,,,,,,,,,
LN0017476,2024-12,,,,,,,,,,,,,
LN0017569,2025-12,,,,,,,,,,,,,
LN0017585,2024-06,,,,,,,,,,,,,
LN0017589,2023-08,,,,,,,,,,,,,
LN0017593,2023-09,,,,,,,,,,,,,
LN0017596,2024-01,,,,,,,,,,,,,
LN0017603,2024-11,,,,,,,,,,,,,
LN0017635,2025-02,,,,,,,,,,,,,
LN0017640,2023-03,,,,,,,,,,,,,
LN0017642,2024-02,,,,,,,,,,,,,
LN0017701,2026-04,,,,,,,,,,,,,
LN0017713,2022-10,,,,,,,,,,,,,
LN0017722,2023-08,,,,,,,,,,,,,
LN0017732,2024-05,,,,,,,,,,,,,
LN0017740,2023-04,,,,,,,,,,,,,
LN0017769,2023-12,,,,,,,,,,,,,
LN0017770,2025-12,,,,,,,,,,,,,
LN0017779,2023-12,,,,,,,,,,,,,
LN0017790,2024-07,,,,,,,,,,,,,
LN0017808,2023-08,,,,,,,,,,,,,
LN0017852,2024-07,,,,,,,,,,,,,
LN0017857,2023-09,,,,,,,,,,,,,
LN0017867,2023-12,,,,,,,,,,,,,
LN0017875,2025-02,,,,,,,,,,,,,
LN0017879,2022-10,,,,,,,,,,,,,
LN0017915,2025-01,,,,,,,,,,,,,
LN0017942,2022-09,,,,,,,,,,,,,
LN0017953,2023-11,,,,,,,,,,,,,
LN0017980,2025-03,,,,,,,,,,,,,
LN0018038,2024-12,,,,,,,,,,,,,
LN0018050,2024-10,,,,,,,,,,,,,
LN0018055,2024-06,,,,,,,,,,,,,
LN0018057,2023-12,,,,,,,,,,,,,
LN0018095,2025-02,,,,,,,,,,,,,
LN0018103,2023-10,,,,,,,,,,,,,
LN0018132,2025-11,,,,,,,,,,,,,
LN0018139,2024-06,,,,,,,,,,,,,
LN0018171,2024-03,,,,,,,,,,,,,
LN0018194,2024-03,,,,,,,,,,,,,
LN0018195,2023-03,,,,,,,,,,,,,
LN0018204,2023-04,,,,,,,,,,,,,
LN0018211,2025-08,,,,,,,,,,,,,
LN0018215,2024-11,,,,,,,,,,,,,
LN0018221,2022-03,,,,,,,,,,,,,
LN0018246,2025-06,,,,,,,,,,,,,
LN0018248,2024-04,,,,,,,,,,,,,
LN0018255,2023-01,,,,,,,,,,,,,
LN0018270,2022-12,,,,,,,,,,,,,
LN0018273,2025-12,,,,,,,,,,,,,
LN0018305,2025-07,,,,,,,,,,,,,
LN0018308,2023-03,,,,,,,,,,,,,
LN0018315,2025-01,,,,,,,,,,,,,
LN0018331,2024-01,,,,,,,,,,,,,
LN0018342,2023-07,,,,,,,,,,,,,
LN0018388,2025-01,,,,,,,,,,,,,
LN0018395,2023-07,,,,,,,,,,,,,
LN0018414,2025-01,,,,,,,,,,,,,
LN0018435,2024-08,,,,,,,,,,,,,
LN0018439,2024-12,,,,,,,,,,,,,
LN0018453,2023-08,,,,,,,,,,,,,
LN0018472,2023-10,,,,,,,,,,,,,
LN0018487,2026-04,,,,,,,,,,,,,
LN0018511,2024-11,,,,,,,,,,,,,
LN0018523,2025-02,,,,,,,,,,,,,
LN0018568,2025-02,,,,,,,,,,,,,
LN0018576,2022-11,,,,,,,,,,,,,
LN0018587,2023-01,,,,,,,,,,,,,
LN0018590,2025-07,,,,,,,,,,,,,
LN0018603,2023-02,,,,,,,,,,,,,
LN0018639,2024-08,,,,,,,,,,,,,
LN0018655,2024-05,,,,,,,,,,,,,
LN0018658,2024-12,,,,,,,,,,,,,
LN0018672,2024-12,,,,,,,,,,,,,
LN0018673,2023-07,,,,,,,,,,,,,
LN0018677,2023-08,,,,,,,,,,,,,
LN0018682,2024-01,,,,,,,,,,,,,
LN0018699,2024-07,,,,,,,,,,,,,
LN0018703,2024-11,,,,,,,,,,,,,
LN0018710,2023-08,,,,,,,,,,,,,
LN0018721,2023-10,,,,,,,,,,,,,
LN0018724,2024-09,,,,,,,,,,,,,
LN0018731,2023-11,,,,,,,,,,,,,
LN0018742,2024-02,,,,,,,,,,,,,
LN0018755,2025-10,,,,,,,,,,,,,
LN0018793,2023-12,,,,,,,,,,,,,
LN0018808,2025-03,,,,,,,,,,,,,
LN0018861,2024-06,,,,,,,,,,,,,
LN0018864,2025-02,,,,,,,,,,,,,
LN0018891,2025-09,,,,,,,,,,,,,
LN0018893,2023-11,,,,,,,,,,,,,
LN0018903,2023-06,,,,,,,,,,,,,
LN0018915,2023-07,,,,,,,,,,,,,
LN0018919,2025-03,,,,,,,,,,,,,
LN0018930,2024-11,,,,,,,,,,,,,
LN0018940,2025-11,,,,,,,,,,,,,
LN0018942,2023-11,,,,,,,,,,,,,
LN0018948,2023-09,,,,,,,,,,,,,
LN0018963,2024-01,,,,,,,,,,,,,
LN0018966,2024-01,,,,,,,,,,,,,
LN0018968,2023-07,,,,,,,,,,,,,
LN0018972,2024-02,,,,,,,,,,,,,
LN0018977,2024-05,,,,,,,,,,,,,
LN0019046,2024-09,,,,,,,,,,,,,
LN0019050,2023-09,,,,,,,,,,,,,
LN0019111,2025-09,,,,,,,,,,,,,
LN0019152,2023-07,,,,,,,,,,,,,
LN0019164,2025-08,,,,,,,,,,,,,
LN0019166,2023-06,,,,,,,,,,,,,
LN0019178,2023-05,,,,,,,,,,,,,
LN0019186,2025-09,,,,,,,,,,,,,
LN0019206,2024-11,,,,,,,,,,,,,
LN0019227,2024-12,,,,,,,,,,,,,
LN0019236,2024-11,,,,,,,,,,,,,
LN0019242,2025-04,,,,,,,,,,,,,
LN0019263,2024-04,,,,,,,,,,,,,
LN0019266,2024-01,,,,,,,,,,,,,
LN0019274,2024-06,,,,,,,,,,,,,
LN0019288,2025-09,,,,,,,,,,,,,
LN0019302,2023-11,,,,,,,,,,,,,
LN0019331,2023-11,,,,,,,,,,,,,
LN0019339,2023-10,,,,,,,,,,,,,
LN0019372,2023-11,,,,,,,,,,,,,
LN0019374,2024-03,,,,,,,,,,,,,
LN0019383,2024-01,,,,,,,,,,,,,
LN0019418,2025-10,,,,,,,,,,,,,
LN0019434,2025-03,,,,,,,,,,,,,
LN0019454,2024-02,,,,,,,,,,,,,
LN0019471,2025-04,,,,,,,,,,,,,
LN0019478,2025-02,,,,,,,,,,,,,
LN0019479,2024-12,,,,,,,,,,,,,
LN0019491,2024-01,,,,,,,,,,,,,
LN0019542,2023-06,,,,,,,,,,,,,
LN0019560,2024-05,,,,,,,,,,,,,
LN0019579,2023-12,,,,,,,,,,,,,
LN0019586,2022-05,,,,,,,,,,,,,
LN0019603,2025-07,,,,,,,,,,,,,
LN0019605,2026-01,,,,,,,,,,,,,
LN0019609,2026-04,,,,,,,,,,,,,
LN0019611,2024-12,,,,,,,,,,,,,
LN0019627,2023-11,,,,,,,,,,,,,
LN0019632,2022-08,,,,,,,,,,,,,
LN0019633,2025-01,,,,,,,,,,,,,
LN0019651,2023-08,,,,,,,,,,,,,
LN0019668,2023-02,,,,,,,,,,,,,
LN0019671,2023-02,,,,,,,,,,,,,
LN0019714,2024-12,,,,,,,,,,,,,
LN0019718,2025-12,,,,,,,,,,,,,
LN0019728,2025-05,,,,,,,,,,,,,
LN0019730,2024-03,,,,,,,,,,,,,
LN0019743,2025-06,,,,,,,,,,,,,
LN0019765,2024-12,,,,,,,,,,,,,
LN0019768,2024-09,,,,,,,,,,,,,
LN0019770,2025-02,,,,,,,,,,,,,
LN0019785,2023-12,,,,,,,,,,,,,
LN0019796,2025-03,,,,,,,,,,,,,
LN0019824,2024-12,,,,,,,,,,,,,
LN0019828,2024-03,,,,,,,,,,,,,
LN0019840,2025-03,,,,,,,,,,,,,
LN0019861,2026-01,,,,,,,,,,,,,
LN0019892,2024-10,,,,,,,,,,,,,
LN0019926,2024-01,,,,,,,,,,,,,
LN0019928,2023-04,,,,,,,,,,,,,
LN0019966,2023-04,,,,,,,,,,,,,
LN0019980,2022-11,,,,,,,,,,,,,
LN0019986,2023-11,,,,,,,,,,,,,
LN0019987,2024-09,,,,,,,,,,,,,
LN0019993,2023-09,,,,,,,,,,,,,
LN0020000,2025-02,,,,,,,,,,,,,
LN0020002,2025-03,,,,,,,,,,,,,
LN0020016,2022-11,,,,,,,,,,,,,
LN0020021,2024-02,,,,,,,,,,,,,
LN0020043,2024-01,,,,,,,,,,,,,
LN0020046,2024-04,,,,,,,,,,,,,
LN0020076,2024-07,,,,,,,,,,,,,
LN0020105,2024-11,,,,,,,,,,,,,
LN0020111,2023-09,,,,,,,,,,,,,
LN0020126,2024-05,,,,,,,,,,,,,
LN0020148,2024-06,,,,,,,,,,,,,
LN0020170,2025-12,,,,,,,,,,,,,
LN0020181,2023-05,,,,,,,,,,,,,
LN0020187,2024-04,,,,,,,,,,,,,
LN0020190,2023-01,,,,,,,,,,,,,
LN0020197,2024-11,,,,,,,,,,,,,
LN0020198,2024-06,,,,,,,,,,,,,
LN0020218,2023-11,,,,,,,,,,,,,
LN0020240,2024-10,,,,,,,,,,,,,
LN0020253,2023-08,,,,,,,,,,,,,
LN0020257,2024-12,,,,,,,,,,,,,
LN0020258,2025-07,,,,,,,,,,,,,
LN0020267,2025-12,,,,,,,,,,,,,
LN0020268,2025-01,,,,,,,,,,,,,
LN0020279,2024-11,,,,,,,,,,,,,
LN0020281,2024-06,,,,,,,,,,,,,
LN0020312,2024-04,,,,,,,,,,,,,
LN0020335,2024-01,,,,,,,,,,,,,
LN0020357,2024-09,,,,,,,,,,,,,
LN0020358,2023-05,,,,,,,,,,,,,
LN0020374,2025-09,,,,,,,,,,,,,
LN0020381,2023-01,,,,,,,,,,,,,
LN0020382,2024-09,,,,,,,,,,,,,
LN0020446,2024-04,,,,,,,,,,,,,
LN0020479,2025-04,,,,,,,,,,,,,
LN0020487,2025-04,,,,,,,,,,,,,
LN0020492,2022-12,,,,,,,,,,,,,
LN0020497,2025-04,,,,,,,,,,,,,
LN0020512,2025-07,,,,,,,,,,,,,
LN0020521,2024-02,,,,,,,,,,,,,
LN0020533,2023-12,,,,,,,,,,,,,
LN0020537,2022-09,,,,,,,,,,,,,
LN0020539,2023-08,,,,,,,,,,,,,
LN0020551,2026-01,,,,,,,,,,,,,
LN0020560,2023-12,,,,,,,,,,,,,
LN0020561,2025-07,,,,,,,,,,,,,
LN0020589,2023-02,,,,,,,,,,,,,
LN0020590,2024-08,,,,,,,,,,,,,
LN0020592,2024-03,,,,,,,,,,,,,
LN0020594,2024-01,,,,,,,,,,,,,
LN0020595,2022-04,,,,,,,,,,,,,
LN0020607,2025-08,,,,,,,,,,,,,
LN0020646,2023-12,,,,,,,,,,,,,
LN0020672,2025-07,,,,,,,,,,,,,
LN0020681,2024-01,,,,,,,,,,,,,
LN0020707,2023-06,,,,,,,,,,,,,
LN0020753,2024-07,,,,,,,,,,,,,
LN0020769,2023-03,,,,,,,,,,,,,
LN0020772,2023-05,,,,,,,,,,,,,
LN0020777,2025-01,,,,,,,,,,,,,
LN0020797,2024-06,,,,,,,,,,,,,
LN0020830,2024-12,,,,,,,,,,,,,
LN0020835,2025-01,,,,,,,,,,,,,
LN0020848,2025-02,,,,,,,,,,,,,
LN0020858,2024-08,,,,,,,,,,,,,
LN0020869,2022-08,,,,,,,,,,,,,
LN0020893,2025-10,,,,,,,,,,,,,
LN0020919,2023-06,,,,,,,,,,,,,
LN0020920,2024-06,,,,,,,,,,,,,
LN0020940,2023-09,,,,,,,,,,,,,
LN0020945,2024-02,,,,,,,,,,,,,
LN0020948,2024-01,,,,,,,,,,,,,
LN0020951,2023-12,,,,,,,,,,,,,
LN0020966,2024-05,,,,,,,,,,,,,
LN0020987,2023-02,,,,,,,,,,,,,
LN0021001,2024-03,,,,,,,,,,,,,
LN0021002,2024-07,,,,,,,,,,,,,
LN0021011,2022-04,,,,,,,,,,,,,
LN0021030,2024-04,,,,,,,,,,,,,
LN0021051,2024-12,,,,,,,,,,,,,
LN0021076,2023-10,,,,,,,,,,,,,
LN0021102,2025-06,,,,,,,,,,,,,
LN0021138,2023-02,,,,,,,,,,,,,
LN0021149,2023-05,,,,,,,,,,,,,
LN0021172,2024-02,,,,,,,,,,,,,
LN0021175,2024-03,,,,,,,,,,,,,
LN0021217,2024-12,,,,,,,,,,,,,
LN0021246,2024-10,,,,,,,,,,,,,
LN0021262,2025-02,,,,,,,,,,,,,
LN0021268,2024-03,,,,,,,,,,,,,
LN0021269,2023-07,,,,,,,,,,,,,
LN0021297,2025-02,,,,,,,,,,,,,
LN0021304,2024-06,,,,,,,,,,,,,
LN0021306,2024-01,,,,,,,,,,,,,
LN0021309,2023-12,,,,,,,,,,,,,
LN0021316,2025-05,,,,,,,,,,,,,
LN0021317,2023-10,,,,,,,,,,,,,
LN0021328,2025-08,,,,,,,,,,,,,
LN0021374,2023-02,,,,,,,,,,,,,
LN0021387,2023-12,,,,,,,,,,,,,
LN0021430,2026-01,,,,,,,,,,,,,
LN0021450,2024-01,,,,,,,,,,,,,
LN0021453,2025-07,,,,,,,,,,,,,
LN0021480,2025-07,,,,,,,,,,,,,
LN0021481,2024-12,,,,,,,,,,,,,
LN0021483,2023-12,,,,,,,,,,,,,
LN0021490,2023-10,,,,,,,,,,,,,
LN0021497,2023-09,,,,,,,,,,,,,
LN0021498,2026-04,,,,,,,,,,,,,
LN0021523,2025-08,,,,,,,,,,,,,
LN0021592,2022-09,,,,,,,,,,,,,
LN0021598,2023-12,,,,,,,,,,,,,
LN0021628,2023-07,,,,,,,,,,,,,
LN0021629,2024-03,,,,,,,,,,,,,
LN0021630,2025-08,,,,,,,,,,,,,
LN0021647,2022-12,,,,,,,,,,,,,
LN0021663,2023-10,,,,,,,,,,,,,
LN0021679,2025-03,,,,,,,,,,,,,
LN0021704,2022-05,,,,,,,,,,,,,
LN0021711,2025-05,,,,,,,,,,,,,
LN0021725,2023-12,,,,,,,,,,,,,
LN0021726,2025-09,,,,,,,,,,,,,
LN0021731,2024-04,,,,,,,,,,,,,
LN0021761,2025-03,,,,,,,,,,,,,
LN0021767,2023-12,,,,,,,,,,,,,
LN0021770,2023-11,,,,,,,,,,,,,
LN0021836,2024-11,,,,,,,,,,,,,
LN0021839,2025-11,,,,,,,,,,,,,
LN0021840,2023-07,,,,,,,,,,,,,
LN0021852,2025-03,,,,,,,,,,,,,
LN0021898,2024-09,,,,,,,,,,,,,
LN0021901,2023-09,,,,,,,,,,,,,
LN0021924,2023-06,,,,,,,,,,,,,
LN0021933,2023-06,,,,,,,,,,,,,
LN0021967,2023-03,,,,,,,,,,,,,
LN0021974,2024-11,,,,,,,,,,,,,
LN0021979,2025-05,,,,,,,,,,,,,
LN0021991,2024-03,,,,,,,,,,,,,
LN0022015,2025-07,,,,,,,,,,,,,
LN0022016,2024-04,,,,,,,,,,,,,
LN0022067,2023-07,,,,,,,,,,,,,
LN0022091,2024-11,,,,,,,,,,,,,
LN0022103,2023-10,,,,,,,,,,,,,
LN0022117,2023-12,,,,,,,,,,,,,
LN0022125,2025-10,,,,,,,,,,,,,
LN0022127,2025-10,,,,,,,,,,,,,
LN0022131,2025-02,,,,,,,,,,,,,
LN0022142,2025-05,,,,,,,,,,,,,
LN0022150,2022-06,,,,,,,,,,,,,
LN0022166,2025-04,,,,,,,,,,,,,
LN0022167,2024-08,,,,,,,,,,,,,
LN0022170,2025-02,,,,,,,,,,,,,
LN0022182,2024-03,,,,,,,,,,,,,
LN0022201,2024-11,,,,,,,,,,,,,
LN0022230,2023-04,,,,,,,,,,,,,
LN0022262,2024-01,,,,,,,,,,,,,
LN0022263,2024-02,,,,,,,,,,,,,
LN0022286,2024-04,,,,,,,,,,,,,
LN0022305,2024-02,,,,,,,,,,,,,
LN0022316,2023-11,,,,,,,,,,,,,
LN0022354,2024-05,,,,,,,,,,,,,
LN0022374,2023-03,,,,,,,,,,,,,
LN0022375,2024-09,,,,,,,,,,,,,
LN0022389,2025-03,,,,,,,,,,,,,
LN0022396,2024-06,,,,,,,,,,,,,
LN0022404,2024-02,,,,,,,,,,,,,
LN0022407,2024-07,,,,,,,,,,,,,
LN0022427,2024-05,,,,,,,,,,,,,
LN0022432,2023-12,,,,,,,,,,,,,
LN0022436,2024-07,,,,,,,,,,,,,
LN0022461,2022-09,,,,,,,,,,,,,
LN0022479,2024-07,,,,,,,,,,,,,
LN0022532,2023-12,,,,,,,,,,,,,
LN0022541,2024-06,,,,,,,,,,,,,
LN0022574,2023-01,,,,,,,,,,,,,
LN0022576,2024-09,,,,,,,,,,,,,
LN0022584,2026-01,,,,,,,,,,,,,
LN0022601,2024-08,,,,,,,,,,,,,
LN0022603,2024-02,,,,,,,,,,,,,
LN0022621,2024-01,,,,,,,,,,,,,
LN0022626,2023-12,,,,,,,,,,,,,
LN0022639,2024-05,,,,,,,,,,,,,
LN0022644,2025-01,,,,,,,,,,,,,
LN0022656,2025-09,,,,,,,,,,,,,
LN0022696,2024-09,,,,,,,,,,,,,
LN0022708,2024-09,,,,,,,,,,,,,
LN0022725,2023-09,,,,,,,,,,,,,
LN0022727,2025-05,,,,,,,,,,,,,
LN0022728,2023-10,,,,,,,,,,,,,
LN0022737,2024-11,,,,,,,,,,,,,
LN0022750,2023-04,,,,,,,,,,,,,
LN0022762,2024-09,,,,,,,,,,,,,
LN0022817,2022-12,,,,,,,,,,,,,
LN0022821,2025-02,,,,,,,,,,,,,
LN0022846,2024-11,,,,,,,,,,,,,
LN0022865,2022-12,,,,,,,,,,,,,
LN0022871,2024-05,,,,,,,,,,,,,
LN0022873,2022-06,,,,,,,,,,,,,
LN0022877,2024-06,,,,,,,,,,,,,
LN0022886,2023-01,,,,,,,,,,,,,
LN0022895,2022-11,,,,,,,,,,,,,
LN0022903,2023-02,,,,,,,,,,,,,
LN0022953,2025-11,,,,,,,,,,,,,
LN0022978,2026-02,,,,,,,,,,,,,
LN0023001,2023-11,,,,,,,,,,,,,
LN0023033,2024-11,,,,,,,,,,,,,
LN0023045,2023-03,,,,,,,,,,,,,
LN0023054,2023-07,,,,,,,,,,,,,
LN0023060,2023-09,,,,,,,,,,,,,
LN0023077,2023-02,,,,,,,,,,,,,
LN0023078,2024-01,,,,,,,,,,,,,
LN0023081,2026-01,,,,,,,,,,,,,
LN0023084,2025-03,,,,,,,,,,,,,
LN0023096,2023-11,,,,,,,,,,,,,
LN0023111,2023-08,,,,,,,,,,,,,
LN0023131,2024-11,,,,,,,,,,,,,
LN0023134,2024-01,,,,,,,,,,,,,
LN0023156,2025-05,,,,,,,,,,,,,
LN0023197,2023-07,,,,,,,,,,,,,
LN0023215,2023-04,,,,,,,,,,,,,
LN0023221,2024-04,,,,,,,,,,,,,
LN0023241,2024-02,,,,,,,,,,,,,
LN0023244,2025-12,,,,,,,,,,,,,
LN0023245,2023-11,,,,,,,,,,,,,
LN0023275,2026-03,,,,,,,,,,,,,
LN0023299,2025-02,,,,,,,,,,,,,
LN0023311,2024-07,,,,,,,,,,,,,
LN0023314,2022-11,,,,,,,,,,,,,
LN0023330,2025-06,,,,,,,,,,,,,
LN0023360,2024-12,,,,,,,,,,,,,
LN0023365,2022-11,,,,,,,,,,,,,
LN0023366,2024-12,,,,,,,,,,,,,
LN0023377,2024-09,,,,,,,,,,,,,
LN0023379,2024-10,,,,,,,,,,,,,
LN0023392,2026-03,,,,,,,,,,,,,
LN0023394,2023-12,,,,,,,,,,,,,
LN0023397,2025-02,,,,,,,,,,,,,
LN0023410,2023-07,,,,,,,,,,,,,
LN0023442,2025-03,,,,,,,,,,,,,
LN0023454,2025-03,,,,,,,,,,,,,
LN0023458,2024-11,,,,,,,,,,,,,
LN0023462,2026-01,,,,,,,,,,,,,
LN0023466,2023-09,,,,,,,,,,,,,
LN0023480,2024-03,,,,,,,,,,,,,
LN0023485,2024-03,,,,,,,,,,,,,
LN0023508,2024-06,,,,,,,,,,,,,
LN0023551,2023-06,,,,,,,,,,,,,
LN0023559,2024-02,,,,,,,,,,,,,
LN0023575,2025-07,,,,,,,,,,,,,
LN0023580,2024-03,,,,,,,,,,,,,
LN0023599,2025-11,,,,,,,,,,,,,
LN0023617,2024-07,,,,,,,,,,,,,
LN0023621,2024-07,,,,,,,,,,,,,
LN0023628,2025-08,,,,,,,,,,,,,
LN0023631,2025-06,,,,,,,,,,,,,
LN0023632,2023-04,,,,,,,,,,,,,
LN0023637,2023-04,,,,,,,,,,,,,
LN0023638,2025-05,,,,,,,,,,,,,
LN0023658,2023-12,,,,,,,,,,,,,
LN0023723,2024-09,,,,,,,,,,,,,
LN0023746,2023-10,,,,,,,,,,,,,
LN0023779,2024-09,,,,,,,,,,,,,
LN0023780,2024-04,,,,,,,,,,,,,
LN0023782,2024-06,,,,,,,,,,,,,
LN0023802,2024-08,,,,,,,,,,,,,
LN0023805,2023-02,,,,,,,,,,,,,
LN0023835,2023-12,,,,,,,,,,,,,
LN0023849,2025-03,,,,,,,,,,,,,
LN0023850,2025-11,,,,,,,,,,,,,
LN0023854,2024-07,,,,,,,,,,,,,
LN0023871,2024-08,,,,,,,,,,,,,
LN0023873,2024-12,,,,,,,,,,,,,
LN0023876,2023-09,,,,,,,,,,,,,
LN0023905,2024-04,,,,,,,,,,,,,
LN0023910,2023-07,,,,,,,,,,,,,
LN0023914,2023-03,,,,,,,,,,,,,
LN0023915,2024-06,,,,,,,,,,,,,
LN0023916,2025-05,,,,,,,,,,,,,
LN0023919,2023-06,,,,,,,,,,,,,
LN0023935,2023-01,,,,,,,,,,,,,
LN0023956,2025-01,,,,,,,,,,,,,
LN0023957,2025-02,,,,,,,,,,,,,
LN0023960,2024-08,,,,,,,,,,,,,
LN0023989,2026-05,,,,,,,,,,,,,
LN0024001,2024-06,,,,,,,,,,,,,
LN0024019,2024-10,,,,,,,,,,,,,
LN0024025,2024-06,,,,,,,,,,,,,
LN0024037,2024-06,,,,,,,,,,,,,
LN0024039,2025-02,,,,,,,,,,,,,
LN0024041,2023-09,,,,,,,,,,,,,
LN0024051,2025-08,,,,,,,,,,,,,
LN0024066,2022-05,,,,,,,,,,,,,
LN0024086,2024-04,,,,,,,,,,,,,
LN0024109,2025-10,,,,,,,,,,,,,
LN0024119,2024-08,,,,,,,,,,,,,
LN0024120,2024-05,,,,,,,,,,,,,
LN0024149,2024-08,,,,,,,,,,,,,
LN0024177,2023-12,,,,,,,,,,,,,
LN0024194,2023-03,,,,,,,,,,,,,
LN0024201,2025-10,,,,,,,,,,,,,
LN0024223,2025-01,,,,,,,,,,,,,
LN0024233,2023-01,,,,,,,,,,,,,
LN0024239,2024-12,,,,,,,,,,,,,
LN0024260,2025-10,,,,,,,,,,,,,
LN0024262,2023-10,,,,,,,,,,,,,
LN0024264,2023-05,,,,,,,,,,,,,
LN0024268,2023-07,,,,,,,,,,,,,
LN0024269,2024-06,,,,,,,,,,,,,
LN0024276,2025-05,,,,,,,,,,,,,
LN0024278,2025-02,,,,,,,,,,,,,
LN0024285,2024-04,,,,,,,,,,,,,
LN0024288,2024-01,,,,,,,,,,,,,
LN0024295,2024-05,,,,,,,,,,,,,
LN0024303,2024-01,,,,,,,,,,,,,
LN0024324,2022-07,,,,,,,,,,,,,
LN0024327,2023-05,,,,,,,,,,,,,
LN0024339,2025-03,,,,,,,,,,,,,
LN0024342,2024-03,,,,,,,,,,,,,
LN0024347,2023-04,,,,,,,,,,,,,
LN0024352,2023-10,,,,,,,,,,,,,
LN0024379,2024-04,,,,,,,,,,,,,
LN0024387,2023-06,,,,,,,,,,,,,
LN0024389,2025-03,,,,,,,,,,,,,
LN0024404,2024-02,,,,,,,,,,,,,
LN0024405,2024-04,,,,,,,,,,,,,
LN0024430,2022-10,,,,,,,,,,,,,
LN0024445,2025-09,,,,,,,,,,,,,
LN0024450,2024-12,,,,,,,,,,,,,
LN0024460,2024-10,,,,,,,,,,,,,
LN0024461,2023-12,,,,,,,,,,,,,
LN0024492,2023-05,,,,,,,,,,,,,
LN0024497,2025-10,,,,,,,,,,,,,
LN0024564,2024-08,,,,,,,,,,,,,
LN0024566,2025-02,,,,,,,,,,,,,
LN0024567,2025-05,,,,,,,,,,,,,
LN0024574,2024-12,,,,,,,,,,,,,
LN0024615,2024-04,,,,,,,,,,,,,
LN0024655,2025-10,,,,,,,,,,,,,
LN0024663,2024-08,,,,,,,,,,,,,
LN0024700,2025-02,,,,,,,,,,,,,
LN0024710,2024-07,,,,,,,,,,,,,
LN0024746,2025-09,,,,,,,,,,,,,
LN0024764,2025-07,,,,,,,,,,,,,
LN0024787,2025-05,,,,,,,,,,,,,
LN0024789,2025-08,,,,,,,,,,,,,
LN0024792,2023-04,,,,,,,,,,,,,
LN0024796,2025-03,,,,,,,,,,,,,
LN0024797,2024-12,,,,,,,,,,,,,
LN0024819,2024-01,,,,,,,,,,,,,
LN0024831,2025-09,,,,,,,,,,,,,
LN0024848,2026-06,,,,,,,,,,,,,
LN0024884,2024-01,,,,,,,,,,,,,
LN0024894,2023-04,,,,,,,,,,,,,
LN0024900,2025-06,,,,,,,,,,,,,
LN0024907,2023-08,,,,,,,,,,,,,
LN0024912,2025-05,,,,,,,,,,,,,
LN0024940,2024-05,,,,,,,,,,,,,
LN0024948,2024-09,,,,,,,,,,,,,
LN0024954,2024-04,,,,,,,,,,,,,
LN0024967,2023-11,,,,,,,,,,,,,
LN0024979,2024-10,,,,,,,,,,,,,
LN0024984,2025-08,,,,,,,,,,,,,
LN0024993,2024-02,,,,,,,,,,,,,
LN0025002,2025-06,,,,,,,,,,,,,
LN0025015,2024-01,,,,,,,,,,,,,
LN0025026,2023-06,,,,,,,,,,,,,
LN0025030,2024-04,,,,,,,,,,,,,
LN0025032,2024-08,,,,,,,,,,,,,
LN0025061,2022-04,,,,,,,,,,,,,
LN0025062,2023-03,,,,,,,,,,,,,
LN0025069,2023-09,,,,,,,,,,,,,
LN0025082,2023-05,,,,,,,,,,,,,
LN0025097,2024-08,,,,,,,,,,,,,
LN0025104,2024-05,,,,,,,,,,,,,
LN0025121,2023-04,,,,,,,,,,,,,
LN0025136,2025-09,,,,,,,,,,,,,
LN0025213,2024-10,,,,,,,,,,,,,
LN0025238,2023-03,,,,,,,,,,,,,
LN0025257,2026-03,,,,,,,,,,,,,
LN0025261,2025-04,,,,,,,,,,,,,
LN0025281,2023-09,,,,,,,,,,,,,
LN0025293,2025-01,,,,,,,,,,,,,
LN0025295,2022-12,,,,,,,,,,,,,
LN0025303,2024-07,,,,,,,,,,,,,
LN0025309,2025-12,,,,,,,,,,,,,
LN0025310,2026-03,,,,,,,,,,,,,
LN0025345,2023-04,,,,,,,,,,,,,
LN0025348,2024-03,,,,,,,,,,,,,
LN0025361,2024-01,,,,,,,,,,,,,
LN0025366,2023-03,,,,,,,,,,,,,
LN0025373,2024-01,,,,,,,,,,,,,
LN0025384,2025-12,,,,,,,,,,,,,
LN0025390,2023-06,,,,,,,,,,,,,
LN0025410,2026-01,,,,,,,,,,,,,
LN0025425,2024-02,,,,,,,,,,,,,
LN0025452,2025-06,,,,,,,,,,,,,
LN0025471,2022-12,,,,,,,,,,,,,
LN0025477,2023-08,,,,,,,,,,,,,
LN0025480,2024-04,,,,,,,,,,,,,
LN0025485,2023-11,,,,,,,,,,,,,
LN0025493,2024-04,,,,,,,,,,,,,
LN0025538,2024-11,,,,,,,,,,,,,
LN0025553,2025-02,,,,,,,,,,,,,
LN0025557,2025-03,,,,,,,,,,,,,
LN0025559,2023-04,,,,,,,,,,,,,
LN0025566,2025-03,,,,,,,,,,,,,
LN0025607,2024-04,,,,,,,,,,,,,
LN0025636,2024-06,,,,,,,,,,,,,
LN0025640,2024-01,,,,,,,,,,,,,
LN0025654,2022-12,,,,,,,,,,,,,
LN0025704,2023-08,,,,,,,,,,,,,
LN0025705,2024-10,,,,,,,,,,,,,
LN0025720,2023-12,,,,,,,,,,,,,
LN0025742,2024-05,,,,,,,,,,,,,
LN0025746,2025-08,,,,,,,,,,,,,
LN0025756,2025-01,,,,,,,,,,,,,
LN0025763,2025-02,,,,,,,,,,,,,
LN0025776,2023-08,,,,,,,,,,,,,
LN0025788,2022-12,,,,,,,,,,,,,
LN0025797,2024-11,,,,,,,,,,,,,
LN0025803,2025-02,,,,,,,,,,,,,
LN0025813,2025-05,,,,,,,,,,,,,
LN0025817,2024-08,,,,,,,,,,,,,
LN0025825,2023-09,,,,,,,,,,,,,
LN0025858,2023-09,,,,,,,,,,,,,
LN0025863,2023-06,,,,,,,,,,,,,
LN0025866,2023-10,,,,,,,,,,,,,
LN0025876,2023-05,,,,,,,,,,,,,
LN0025881,2025-03,,,,,,,,,,,,,
LN0025886,2025-01,,,,,,,,,,,,,
LN0025917,2024-07,,,,,,,,,,,,,
LN0025922,2023-09,,,,,,,,,,,,,
LN0025933,2024-09,,,,,,,,,,,,,
LN0025939,2024-03,,,,,,,,,,,,,
LN0025943,2026-02,,,,,,,,,,,,,
LN0025952,2025-03,,,,,,,,,,,,,
LN0025973,2022-10,,,,,,,,,,,,,
LN0026001,2024-05,,,,,,,,,,,,,
LN0026005,2024-06,,,,,,,,,,,,,
LN0026030,2022-11,,,,,,,,,,,,,
LN0026053,2022-09,,,,,,,,,,,,,
LN0026063,2024-12,,,,,,,,,,,,,
LN0026091,2023-06,,,,,,,,,,,,,
LN0026111,2025-08,,,,,,,,,,,,,
LN0026124,2024-07,,,,,,,,,,,,,
LN0026150,2024-11,,,,,,,,,,,,,
LN0026158,2024-02,,,,,,,,,,,,,
LN0026170,2024-02,,,,,,,,,,,,,
LN0026179,2024-03,,,,,,,,,,,,,
LN0026186,2023-12,,,,,,,,,,,,,
LN0026202,2025-02,,,,,,,,,,,,,
LN0026226,2023-06,,,,,,,,,,,,,
LN0026231,2024-12,,,,,,,,,,,,,
LN0026237,2023-10,,,,,,,,,,,,,
LN0026263,2023-04,,,,,,,,,,,,,
LN0026270,2024-09,,,,,,,,,,,,,
LN0026289,2024-02,,,,,,,,,,,,,
LN0026296,2024-03,,,,,,,,,,,,,
LN0026328,2025-01,,,,,,,,,,,,,
LN0026343,2025-03,,,,,,,,,,,,,
LN0026363,2024-12,,,,,,,,,,,,,
LN0026383,2024-05,,,,,,,,,,,,,
LN0026408,2025-05,,,,,,,,,,,,,
LN0026444,2023-12,,,,,,,,,,,,,
LN0026445,2023-09,,,,,,,,,,,,,
LN0026448,2023-12,,,,,,,,,,,,,
LN0026462,2023-08,,,,,,,,,,,,,
LN0026470,2023-10,,,,,,,,,,,,,
LN0026476,2025-02,,,,,,,,,,,,,
LN0026478,2025-09,,,,,,,,,,,,,
LN0026481,2023-12,,,,,,,,,,,,,
LN0026498,2023-11,,,,,,,,,,,,,
LN0026499,2022-11,,,,,,,,,,,,,
LN0026508,2023-12,,,,,,,,,,,,,
LN0026511,2022-08,,,,,,,,,,,,,
LN0026516,2025-10,,,,,,,,,,,,,
LN0026519,2025-05,,,,,,,,,,,,,
LN0026530,2024-04,,,,,,,,,,,,,
LN0026570,2024-02,,,,,,,,,,,,,
LN0026617,2024-08,,,,,,,,,,,,,
LN0026673,2024-03,,,,,,,,,,,,,
LN0026682,2025-04,,,,,,,,,,,,,
LN0026688,2024-06,,,,,,,,,,,,,
LN0026698,2023-05,,,,,,,,,,,,,
LN0026725,2024-11,,,,,,,,,,,,,
LN0026736,2024-02,,,,,,,,,,,,,
LN0026752,2025-04,,,,,,,,,,,,,
LN0026763,2024-05,,,,,,,,,,,,,
LN0026771,2023-02,,,,,,,,,,,,,
LN0026794,2024-06,,,,,,,,,,,,,
LN0026802,2024-08,,,,,,,,,,,,,
LN0026821,2025-07,,,,,,,,,,,,,
LN0026869,2024-11,,,,,,,,,,,,,
LN0026872,2024-03,,,,,,,,,,,,,
LN0026881,2026-01,,,,,,,,,,,,,
LN0026907,2024-02,,,,,,,,,,,,,
LN0026913,2024-07,,,,,,,,,,,,,
LN0026931,2025-03,,,,,,,,,,,,,
LN0026940,2024-12,,,,,,,,,,,,,
LN0026942,2025-03,,,,,,,,,,,,,
LN0026947,2024-01,,,,,,,,,,,,,
LN0026964,2024-05,,,,,,,,,,,,,
LN0026977,2024-09,,,,,,,,,,,,,
LN0026986,2023-12,,,,,,,,,,,,,
LN0027008,2023-09,,,,,,,,,,,,,
LN0027024,2024-08,,,,,,,,,,,,,
LN0027044,2024-01,,,,,,,,,,,,,
LN0027065,2024-03,,,,,,,,,,,,,
LN0027073,2023-02,,,,,,,,,,,,,
LN0027083,2024-01,,,,,,,,,,,,,
LN0027098,2023-06,,,,,,,,,,,,,
LN0027112,2025-10,,,,,,,,,,,,,
LN0027123,2024-01,,,,,,,,,,,,,
LN0027142,2024-05,,,,,,,,,,,,,
LN0027156,2025-03,,,,,,,,,,,,,
LN0027161,2022-12,,,,,,,,,,,,,
LN0027167,2024-12,,,,,,,,,,,,,
LN0027186,2026-04,,,,,,,,,,,,,
LN0027223,2023-12,,,,,,,,,,,,,
LN0027225,2023-10,,,,,,,,,,,,,
LN0027234,2024-05,,,,,,,,,,,,,
LN0027255,2025-03,,,,,,,,,,,,,
LN0027257,2023-05,,,,,,,,,,,,,
LN0027273,2023-03,,,,,,,,,,,,,
LN0027290,2023-11,,,,,,,,,,,,,
LN0027305,2024-07,,,,,,,,,,,,,
LN0027330,2023-11,,,,,,,,,,,,,
LN0027337,2022-11,,,,,,,,,,,,,
LN0027347,2025-09,,,,,,,,,,,,,
LN0027360,2023-11,,,,,,,,,,,,,
LN0027369,2024-12,,,,,,,,,,,,,
LN0027378,2022-11,,,,,,,,,,,,,
LN0027406,2024-04,,,,,,,,,,,,,
LN0027410,2025-02,,,,,,,,,,,,,
LN0027415,2025-07,,,,,,,,,,,,,
LN0027418,2024-08,,,,,,,,,,,,,
LN0027420,2024-04,,,,,,,,,,,,,
LN0027428,2023-01,,,,,,,,,,,,,
LN0027445,2024-06,,,,,,,,,,,,,
LN0027455,2026-04,,,,,,,,,,,,,
LN0027470,2023-07,,,,,,,,,,,,,
LN0027482,2024-09,,,,,,,,,,,,,
LN0027500,2025-04,,,,,,,,,,,,,
LN0027513,2023-12,,,,,,,,,,,,,
LN0027519,2023-01,,,,,,,,,,,,,
LN0027539,2024-07,,,,,,,,,,,,,
LN0027550,2023-10,,,,,,,,,,,,,
LN0027583,2025-07,,,,,,,,,,,,,
LN0027608,2024-05,,,,,,,,,,,,,
LN0027613,2023-04,,,,,,,,,,,,,
LN0027634,2023-08,,,,,,,,,,,,,
LN0027649,2024-09,,,,,,,,,,,,,
LN0027653,2024-07,,,,,,,,,,,,,
LN0027689,2023-04,,,,,,,,,,,,,
LN0027692,2024-08,,,,,,,,,,,,,
LN0027699,2025-01,,,,,,,,,,,,,
LN0027705,2025-07,,,,,,,,,,,,,
LN0027710,2023-07,,,,,,,,,,,,,
LN0027716,2024-11,,,,,,,,,,,,,
LN0027718,2024-06,,,,,,,,,,,,,
LN0027723,2024-03,,,,,,,,,,,,,
LN0027740,2022-08,,,,,,,,,,,,,
LN0027751,2024-10,,,,,,,,,,,,,
LN0027752,2024-01,,,,,,,,,,,,,
LN0027756,2024-03,,,,,,,,,,,,,
LN0027757,2025-01,,,,,,,,,,,,,
LN0027758,2025-05,,,,,,,,,,,,,
LN0027761,2023-10,,,,,,,,,,,,,
LN0027773,2023-08,,,,,,,,,,,,,
LN0027790,2026-01,,,,,,,,,,,,,
LN0027822,2022-07,,,,,,,,,,,,,
LN0027842,2025-06,,,,,,,,,,,,,
LN0027850,2024-05,,,,,,,,,,,,,
LN0027860,2024-07,,,,,,,,,,,,,
LN0027862,2024-03,,,,,,,,,,,,,
LN0027886,2024-03,,,,,,,,,,,,,
LN0027897,2024-02,,,,,,,,,,,,,
LN0027900,2022-07,,,,,,,,,,,,,
LN0027907,2023-11,,,,,,,,,,,,,
LN0027922,2022-08,,,,,,,,,,,,,
LN0027931,2024-05,,,,,,,,,,,,,
LN0027935,2024-09,,,,,,,,,,,,,
LN0027955,2024-02,,,,,,,,,,,,,
LN0027963,2024-05,,,,,,,,,,,,,
LN0027992,2023-09,,,,,,,,,,,,,
LN0028005,2023-01,,,,,,,,,,,,,
LN0028017,2022-12,,,,,,,,,,,,,
LN0028035,2024-01,,,,,,,,,,,,,
LN0028043,2023-12,,,,,,,,,,,,,
LN0028052,2023-02,,,,,,,,,,,,,
LN0028087,2022-06,,,,,,,,,,,,,
LN0028089,2025-04,,,,,,,,,,,,,
LN0028094,2026-04,,,,,,,,,,,,,
LN0028096,2023-08,,,,,,,,,,,,,
LN0028097,2023-07,,,,,,,,,,,,,
LN0028112,2024-01,,,,,,,,,,,,,
LN0028118,2023-01,,,,,,,,,,,,,
LN0028122,2025-11,,,,,,,,,,,,,
LN0028124,2024-07,,,,,,,,,,,,,
LN0028139,2025-05,,,,,,,,,,,,,
LN0028146,2024-10,,,,,,,,,,,,,
LN0028167,2023-08,,,,,,,,,,,,,
LN0028173,2025-01,,,,,,,,,,,,,
LN0028180,2023-10,,,,,,,,,,,,,
LN0028189,2023-02,,,,,,,,,,,,,
LN0028192,2024-01,,,,,,,,,,,,,
LN0028204,2024-04,,,,,,,,,,,,,
LN0028208,2025-02,,,,,,,,,,,,,
LN0028209,2024-05,,,,,,,,,,,,,
LN0028272,2025-04,,,,,,,,,,,,,
LN0028299,2023-09,,,,,,,,,,,,,
LN0028303,2022-09,,,,,,,,,,,,,
LN0028309,2024-02,,,,,,,,,,,,,
LN0028315,2025-07,,,,,,,,,,,,,
LN0028337,2023-10,,,,,,,,,,,,,
LN0028351,2024-05,,,,,,,,,,,,,
LN0028354,2023-10,,,,,,,,,,,,,
LN0028360,2022-12,,,,,,,,,,,,,
LN0028383,2023-10,,,,,,,,,,,,,
LN0028389,2025-06,,,,,,,,,,,,,
LN0028403,2024-07,,,,,,,,,,,,,
LN0028459,2024-02,,,,,,,,,,,,,
LN0028528,2024-09,,,,,,,,,,,,,
LN0028544,2022-09,,,,,,,,,,,,,
LN0028549,2023-08,,,,,,,,,,,,,
LN0028551,2025-12,,,,,,,,,,,,,
LN0028564,2022-12,,,,,,,,,,,,,
LN0028572,2025-01,,,,,,,,,,,,,
LN0028579,2023-11,,,,,,,,,,,,,
LN0028581,2025-07,,,,,,,,,,,,,
LN0028608,2024-03,,,,,,,,,,,,,
LN0028659,2022-04,,,,,,,,,,,,,
LN0028661,2024-08,,,,,,,,,,,,,
LN0028662,2026-04,,,,,,,,,,,,,
LN0028685,2026-05,,,,,,,,,,,,,
LN0028686,2025-04,,,,,,,,,,,,,
LN0028695,2023-09,,,,,,,,,,,,,
LN0028722,2024-08,,,,,,,,,,,,,
LN0028728,2024-09,,,,,,,,,,,,,
LN0028741,2023-10,,,,,,,,,,,,,
LN0028773,2023-02,,,,,,,,,,,,,
LN0028780,2023-05,,,,,,,,,,,,,
LN0028792,2024-05,,,,,,,,,,,,,
LN0028793,2023-09,,,,,,,,,,,,,
LN0028797,2023-09,,,,,,,,,,,,,
LN0028813,2024-10,,,,,,,,,,,,,
LN0028828,2025-03,,,,,,,,,,,,,
LN0028840,2022-12,,,,,,,,,,,,,
LN0028862,2025-05,,,,,,,,,,,,,
LN0028873,2024-03,,,,,,,,,,,,,
LN0028877,2024-10,,,,,,,,,,,,,
LN0028878,2023-07,,,,,,,,,,,,,
LN0028890,2025-11,,,,,,,,,,,,,
LN0028896,2024-07,,,,,,,,,,,,,
LN0028913,2023-10,,,,,,,,,,,,,
LN0028915,2025-04,,,,,,,,,,,,,
LN0028916,2023-12,,,,,,,,,,,,,
LN0028940,2024-11,,,,,,,,,,,,,
LN0028947,2025-12,,,,,,,,,,,,,
LN0028983,2023-08,,,,,,,,,,,,,
LN0028993,2023-04,,,,,,,,,,,,,
LN0029012,2024-05,,,,,,,,,,,,,
LN0029033,2023-06,,,,,,,,,,,,,
LN0029076,2025-06,,,,,,,,,,,,,
LN0029095,2025-06,,,,,,,,,,,,,
LN0029110,2024-06,,,,,,,,,,,,,
LN0029130,2024-01,,,,,,,,,,,,,
LN0029132,2024-11,,,,,,,,,,,,,
LN0029158,2025-06,,,,,,,,,,,,,
LN0029164,2024-11,,,,,,,,,,,,,
LN0029180,2024-07,,,,,,,,,,,,,
LN0029190,2023-08,,,,,,,,,,,,,
LN0029192,2024-08,,,,,,,,,,,,,
LN0029228,2025-05,,,,,,,,,,,,,
LN0029238,2023-08,,,,,,,,,,,,,
LN0029247,2025-10,,,,,,,,,,,,,
LN0029287,2023-09,,,,,,,,,,,,,
LN0029294,2023-01,,,,,,,,,,,,,
LN0029312,2024-02,,,,,,,,,,,,,
LN0029315,2024-05,,,,,,,,,,,,,
LN0029318,2024-04,,,,,,,,,,,,,
LN0029409,2023-10,,,,,,,,,,,,,
LN0029427,2024-07,,,,,,,,,,,,,
LN0029432,2024-02,,,,,,,,,,,,,
LN0029468,2024-11,,,,,,,,,,,,,
LN0029475,2024-11,,,,,,,,,,,,,
LN0029487,2022-06,,,,,,,,,,,,,
LN0029493,2023-09,,,,,,,,,,,,,
LN0029504,2024-09,,,,,,,,,,,,,
LN0029506,2024-01,,,,,,,,,,,,,
LN0029519,2024-03,,,,,,,,,,,,,
LN0029545,2023-08,,,,,,,,,,,,,
LN0029548,2024-04,,,,,,,,,,,,,
LN0029550,2024-11,,,,,,,,,,,,,
LN0029555,2024-05,,,,,,,,,,,,,
LN0029566,2023-01,,,,,,,,,,,,,
LN0029567,2024-02,,,,,,,,,,,,,
LN0029572,2023-11,,,,,,,,,,,,,
LN0029589,2023-02,,,,,,,,,,,,,
LN0029600,2023-12,,,,,,,,,,,,,
LN0029618,2023-07,,,,,,,,,,,,,
LN0029628,2023-09,,,,,,,,,,,,,
LN0029629,2024-07,,,,,,,,,,,,,
LN0029650,2023-08,,,,,,,,,,,,,
LN0029652,2025-07,,,,,,,,,,,,,
LN0029666,2025-09,,,,,,,,,,,,,
LN0029672,2022-10,,,,,,,,,,,,,
LN0029691,2022-12,,,,,,,,,,,,,
LN0029692,2025-06,,,,,,,,,,,,,
LN0029695,2024-09,,,,,,,,,,,,,
LN0029718,2024-08,,,,,,,,,,,,,
LN0029740,2025-12,,,,,,,,,,,,,
LN0029767,2024-02,,,,,,,,,,,,,
LN0029780,2024-01,,,,,,,,,,,,,
LN0029783,2024-04,,,,,,,,,,,,,
LN0029791,2024-02,,,,,,,,,,,,,
LN0029796,2024-06,,,,,,,,,,,,,
LN0029801,2024-03,,,,,,,,,,,,,
LN0029805,2025-05,,,,,,,,,,,,,
LN0029815,2024-04,,,,,,,,,,,,,
LN0029829,2025-11,,,,,,,,,,,,,
LN0029845,2023-09,,,,,,,,,,,,,
LN0029875,2024-02,,,,,,,,,,,,,
LN0029901,2025-04,,,,,,,,,,,,,
LN0029927,2026-03,,,,,,,,,,,,,
LN0029946,2022-11,,,,,,,,,,,,,
LN0029967,2024-05,,,,,,,,,,,,,
LN0029968,2022-04,,,,,,,,,,,,,
LN0029986,2023-09,,,,,,,,,,,,,
LN0029987,2023-07,,,,,,,,,,,,,
LN0029992,2023-06,,,,,,,,,,,,,
LN0029993,2023-04,,,,,,,,,,,,,
LN0029997,2024-04,,,,,,,,,,,,,
LN0030004,2023-02,,,,,,,,,,,,,
LN0030021,2024-12,,,,,,,,,,,,,
LN0030043,2025-10,,,,,,,,,,,,,
LN0030064,2024-04,,,,,,,,,,,,,
LN0030077,2024-09,,,,,,,,,,,,,
LN0030104,2023-06,,,,,,,,,,,,,
LN0030133,2024-01,,,,,,,,,,,,,
LN0030135,2025-10,,,,,,,,,,,,,
LN0030154,2023-12,,,,,,,,,,,,,
LN0030179,2022-12,,,,,,,,,,,,,
LN0030190,2023-03,,,,,,,,,,,,,
LN0030247,2025-04,,,,,,,,,,,,,
LN0030249,2023-08,,,,,,,,,,,,,
LN0030298,2025-07,,,,,,,,,,,,,
LN0030351,2023-09,,,,,,,,,,,,,
LN0030394,2024-08,,,,,,,,,,,,,
LN0030408,2025-03,,,,,,,,,,,,,
LN0030424,2023-11,,,,,,,,,,,,,
LN0030426,2023-03,,,,,,,,,,,,,
LN0030431,2022-11,,,,,,,,,,,,,
LN0030436,2024-08,,,,,,,,,,,,,
LN0030447,2023-02,,,,,,,,,,,,,
LN0030450,2023-05,,,,,,,,,,,,,
LN0030454,2024-04,,,,,,,,,,,,,
LN0030468,2023-09,,,,,,,,,,,,,
LN0030469,2026-03,,,,,,,,,,,,,
LN0030476,2023-11,,,,,,,,,,,,,
LN0030479,2024-07,,,,,,,,,,,,,
LN0030515,2023-09,,,,,,,,,,,,,
LN0030540,2025-04,,,,,,,,,,,,,
LN0030560,2023-08,,,,,,,,,,,,,
LN0030569,2024-03,,,,,,,,,,,,,
LN0030570,2023-11,,,,,,,,,,,,,
LN0030606,2025-07,,,,,,,,,,,,,
LN0030661,2025-12,,,,,,,,,,,,,
LN0030674,2023-01,,,,,,,,,,,,,
LN0030680,2025-04,,,,,,,,,,,,,
LN0030701,2023-08,,,,,,,,,,,,,
LN0030708,2025-04,,,,,,,,,,,,,
LN0030716,2024-08,,,,,,,,,,,,,
LN0030725,2024-10,,,,,,,,,,,,,
LN0030736,2024-06,,,,,,,,,,,,,
LN0030763,2024-09,,,,,,,,,,,,,
LN0030773,2024-01,,,,,,,,,,,,,
LN0030792,2025-01,,,,,,,,,,,,,
LN0030795,2025-10,,,,,,,,,,,,,
LN0030804,2025-11,,,,,,,,,,,,,
LN0030815,2022-11,,,,,,,,,,,,,
LN0030830,2024-10,,,,,,,,,,,,,
LN0030837,2025-03,,,,,,,,,,,,,
LN0030838,2023-09,,,,,,,,,,,,,
LN0030854,2024-12,,,,,,,,,,,,,
LN0030883,2024-05,,,,,,,,,,,,,
LN0030893,2025-08,,,,,,,,,,,,,
LN0030897,2024-11,,,,,,,,,,,,,
LN0030917,2024-09,,,,,,,,,,,,,
LN0030937,2024-09,,,,,,,,,,,,,
LN0030944,2024-01,,,,,,,,,,,,,
LN0030958,2025-10,,,,,,,,,,,,,
LN0030979,2025-11,,,,,,,,,,,,,
LN0030982,2025-06,,,,,,,,,,,,,
LN0030993,2023-07,,,,,,,,,,,,,
LN0030997,2024-08,,,,,,,,,,,,,
LN0031004,2026-03,,,,,,,,,,,,,
LN0031006,2025-12,,,,,,,,,,,,,
LN0031010,2023-04,,,,,,,,,,,,,
LN0031022,2024-01,,,,,,,,,,,,,
LN0031024,2023-03,,,,,,,,,,,,,
LN0031027,2024-08,,,,,,,,,,,,,
LN0031044,2023-11,,,,,,,,,,,,,
LN0031079,2024-08,,,,,,,,,,,,,
LN0031092,2025-02,,,,,,,,,,,,,
LN0031102,2024-03,,,,,,,,,,,,,
LN0031104,2025-02,,,,,,,,,,,,,
LN0031119,2024-01,,,,,,,,,,,,,
LN0031128,2025-07,,,,,,,,,,,,,
LN0031132,2025-04,,,,,,,,,,,,,
LN0031151,2022-03,,,,,,,,,,,,,
LN0031153,2024-08,,,,,,,,,,,,,
LN0031161,2022-11,,,,,,,,,,,,,
LN0031172,2024-04,,,,,,,,,,,,,
LN0031181,2024-08,,,,,,,,,,,,,
LN0031182,2025-08,,,,,,,,,,,,,
LN0031183,2023-02,,,,,,,,,,,,,
LN0031190,2024-09,,,,,,,,,,,,,
LN0031193,2025-05,,,,,,,,,,,,,
LN0031202,2023-10,,,,,,,,,,,,,
LN0031227,2024-05,,,,,,,,,,,,,
LN0031269,2025-08,,,,,,,,,,,,,
LN0031283,2023-10,,,,,,,,,,,,,
LN0031307,2023-03,,,,,,,,,,,,,
LN0031344,2023-10,,,,,,,,,,,,,
LN0031355,2024-12,,,,,,,,,,,,,
LN0031368,2024-04,,,,,,,,,,,,,
LN0031371,2024-05,,,,,,,,,,,,,
LN0031431,2023-05,,,,,,,,,,,,,
LN0031460,2025-02,,,,,,,,,,,,,
LN0031467,2025-09,,,,,,,,,,,,,
LN0031480,2024-02,,,,,,,,,,,,,
LN0031517,2023-11,,,,,,,,,,,,,
LN0031541,2024-01,,,,,,,,,,,,,
LN0031552,2025-06,,,,,,,,,,,,,
LN0031558,2025-01,,,,,,,,,,,,,
LN0031559,2023-11,,,,,,,,,,,,,
LN0031590,2025-09,,,,,,,,,,,,,
LN0031614,2023-07,,,,,,,,,,,,,
LN0031642,2023-12,,,,,,,,,,,,,
LN0031663,2022-12,,,,,,,,,,,,,
LN0031670,2023-12,,,,,,,,,,,,,
LN0031683,2024-11,,,,,,,,,,,,,
LN0031690,2023-06,,,,,,,,,,,,,
LN0031698,2025-09,,,,,,,,,,,,,
LN0031755,2024-11,,,,,,,,,,,,,
LN0031799,2023-02,,,,,,,,,,,,,
LN0031803,2024-03,,,,,,,,,,,,,
LN0031806,2023-12,,,,,,,,,,,,,
LN0031807,2022-11,,,,,,,,,,,,,
LN0031815,2024-08,,,,,,,,,,,,,
LN0031816,2024-09,,,,,,,,,,,,,
LN0031834,2023-04,,,,,,,,,,,,,
LN0031839,2023-03,,,,,,,,,,,,,
LN0031862,2024-11,,,,,,,,,,,,,
LN0031865,2025-03,,,,,,,,,,,,,
LN0031872,2024-02,,,,,,,,,,,,,
LN0031879,2022-11,,,,,,,,,,,,,
LN0031884,2023-03,,,,,,,,,,,,,
LN0031890,2025-02,,,,,,,,,,,,,
LN0031898,2023-12,,,,,,,,,,,,,
LN0031924,2024-06,,,,,,,,,,,,,
LN0031939,2023-06,,,,,,,,,,,,,
LN0031964,2024-09,,,,,,,,,,,,,
LN0031976,2024-06,,,,,,,,,,,,,
LN0031993,2023-04,,,,,,,,,,,,,
LN0031998,2025-02,,,,,,,,,,,,,
LN0032013,2024-01,,,,,,,,,,,,,
LN0032015,2023-03,,,,,,,,,,,,,
LN0032039,2023-03,,,,,,,,,,,,,
LN0032053,2025-05,,,,,,,,,,,,,
LN0032068,2023-10,,,,,,,,,,,,,
LN0032091,2025-02,,,,,,,,,,,,,
LN0032108,2024-08,,,,,,,,,,,,,
LN0032109,2024-04,,,,,,,,,,,,,
LN0032118,2026-06,,,,,,,,,,,,,
LN0032151,2024-04,,,,,,,,,,,,,
LN0032159,2024-06,,,,,,,,,,,,,
LN0032169,2024-02,,,,,,,,,,,,,
LN0032191,2025-04,,,,,,,,,,,,,
LN0032196,2025-07,,,,,,,,,,,,,
LN0032207,2023-12,,,,,,,,,,,,,
LN0032210,2024-05,,,,,,,,,,,,,
LN0032214,2023-09,,,,,,,,,,,,,
LN0032215,2024-02,,,,,,,,,,,,,
LN0032220,2024-09,,,,,,,,,,,,,
LN0032222,2024-04,,,,,,,,,,,,,
LN0032224,2025-01,,,,,,,,,,,,,
LN0032225,2025-05,,,,,,,,,,,,,
LN0032232,2023-07,,,,,,,,,,,,,
LN0032239,2023-03,,,,,,,,,,,,,
LN0032243,2024-08,,,,,,,,,,,,,
LN0032245,2024-04,,,,,,,,,,,,,
LN0032256,2024-04,,,,,,,,,,,,,
LN0032271,2025-04,,,,,,,,,,,,,
LN0032288,2023-10,,,,,,,,,,,,,
LN0032310,2023-03,,,,,,,,,,,,,
LN0032331,2025-01,,,,,,,,,,,,,
LN0032344,2024-04,,,,,,,,,,,,,
LN0032366,2024-10,,,,,,,,,,,,,
LN0032382,2023-08,,,,,,,,,,,,,
LN0032414,2023-09,,,,,,,,,,,,,
LN0032425,2026-03,,,,,,,,,,,,,
LN0032448,2024-02,,,,,,,,,,,,,
LN0032451,2023-06,,,,,,,,,,,,,
LN0032474,2024-01,,,,,,,,,,,,,
LN0032478,2023-12,,,,,,,,,,,,,
LN0032501,2024-05,,,,,,,,,,,,,
LN0032503,2024-07,,,,,,,,,,,,,
LN0032547,2026-04,,,,,,,,,,,,,
LN0032555,2025-07,,,,,,,,,,,,,
LN0032559,2024-09,,,,,,,,,,,,,
LN0032581,2024-09,,,,,,,,,,,,,
LN0032594,2023-10,,,,,,,,,,,,,
LN0032602,2025-01,,,,,,,,,,,,,
LN0032606,2024-04,,,,,,,,,,,,,
LN0032611,2025-03,,,,,,,,,,,,,
LN0032617,2024-09,,,,,,,,,,,,,
LN0032620,2024-12,,,,,,,,,,,,,
LN0032630,2023-08,,,,,,,,,,,,,
LN0032634,2025-01,,,,,,,,,,,,,
LN0032677,2025-01,,,,,,,,,,,,,
LN0032678,2025-09,,,,,,,,,,,,,
LN0032685,2024-02,,,,,,,,,,,,,
LN0032687,2025-03,,,,,,,,,,,,,
LN0032697,2023-10,,,,,,,,,,,,,
LN0032740,2024-01,,,,,,,,,,,,,
LN0032743,2024-02,,,,,,,,,,,,,
LN0032782,2025-09,,,,,,,,,,,,,
LN0032809,2023-10,,,,,,,,,,,,,
LN0032811,2023-06,,,,,,,,,,,,,
LN0032816,2023-10,,,,,,,,,,,,,
LN0032825,2023-05,,,,,,,,,,,,,
LN0032831,2024-01,,,,,,,,,,,,,
LN0032832,2023-07,,,,,,,,,,,,,
LN0032868,2024-07,,,,,,,,,,,,,
LN0032896,2023-05,,,,,,,,,,,,,
LN0032903,2023-09,,,,,,,,,,,,,
LN0032953,2024-12,,,,,,,,,,,,,
LN0032954,2023-05,,,,,,,,,,,,,
LN0032957,2024-12,,,,,,,,,,,,,
LN0032963,2025-06,,,,,,,,,,,,,
LN0032968,2023-08,,,,,,,,,,,,,
LN0032976,2025-02,,,,,,,,,,,,,
LN0032987,2024-10,,,,,,,,,,,,,
LN0032999,2023-05,,,,,,,,,,,,,
LN0033004,2023-07,,,,,,,,,,,,,
LN0033039,2024-03,,,,,,,,,,,,,
LN0033042,2024-11,,,,,,,,,,,,,
LN0033057,2025-09,,,,,,,,,,,,,
LN0033061,2025-02,,,,,,,,,,,,,
LN0033064,2024-09,,,,,,,,,,,,,
LN0033086,2024-09,,,,,,,,,,,,,
LN0033121,2024-07,,,,,,,,,,,,,
LN0033135,2023-04,,,,,,,,,,,,,
LN0033144,2024-11,,,,,,,,,,,,,
LN0033146,2024-10,,,,,,,,,,,,,
LN0033160,2023-07,,,,,,,,,,,,,
LN0033189,2025-01,,,,,,,,,,,,,
LN0033203,2024-09,,,,,,,,,,,,,
LN0033258,2024-01,,,,,,,,,,,,,
LN0033290,2024-06,,,,,,,,,,,,,
LN0033311,2025-03,,,,,,,,,,,,,
LN0033317,2023-03,,,,,,,,,,,,,
LN0033329,2024-10,,,,,,,,,,,,,
LN0033340,2025-01,,,,,,,,,,,,,
LN0033353,2025-07,,,,,,,,,,,,,
LN0033364,2024-03,,,,,,,,,,,,,
LN0033372,2024-12,,,,,,,,,,,,,
LN0033450,2025-11,,,,,,,,,,,,,
LN0033461,2023-03,,,,,,,,,,,,,
LN0033466,2024-07,,,,,,,,,,,,,
LN0033492,2023-03,,,,,,,,,,,,,
LN0033582,2025-08,,,,,,,,,,,,,
LN0033591,2023-07,,,,,,,,,,,,,
LN0033592,2024-05,,,,,,,,,,,,,
LN0033594,2025-10,,,,,,,,,,,,,
LN0033635,2024-02,,,,,,,,,,,,,
LN0033649,2025-03,,,,,,,,,,,,,
LN0033678,2025-04,,,,,,,,,,,,,
LN0033682,2024-09,,,,,,,,,,,,,
LN0033684,2023-03,,,,,,,,,,,,,
LN0033716,2024-04,,,,,,,,,,,,,
LN0033718,2023-10,,,,,,,,,,,,,
LN0033721,2023-04,,,,,,,,,,,,,
LN0033733,2025-10,,,,,,,,,,,,,
LN0033741,2023-12,,,,,,,,,,,,,
LN0033749,2023-06,,,,,,,,,,,,,
LN0033773,2023-04,,,,,,,,,,,,,
LN0033777,2024-10,,,,,,,,,,,,,
LN0033797,2024-01,,,,,,,,,,,,,
LN0033813,2023-07,,,,,,,,,,,,,
LN0033831,2024-09,,,,,,,,,,,,,
LN0033837,2023-08,,,,,,,,,,,,,
LN0033844,2022-02,,,,,,,,,,,,,
LN0033856,2025-05,,,,,,,,,,,,,
LN0033872,2025-12,,,,,,,,,,,,,
LN0033878,2024-07,,,,,,,,,,,,,
LN0033889,2024-08,,,,,,,,,,,,,
LN0033892,2023-03,,,,,,,,,,,,,
LN0033900,2023-07,,,,,,,,,,,,,
LN0033951,2023-10,,,,,,,,,,,,,
LN0033969,2024-03,,,,,,,,,,,,,
LN0033989,2024-07,,,,,,,,,,,,,
LN0033991,2024-11,,,,,,,,,,,,,
LN0033995,2024-10,,,,,,,,,,,,,
LN0034011,2025-12,,,,,,,,,,,,,
LN0034015,2024-05,,,,,,,,,,,,,
LN0034021,2024-06,,,,,,,,,,,,,
LN0034030,2023-03,,,,,,,,,,,,,
LN0034032,2024-06,,,,,,,,,,,,,
LN0034034,2025-06,,,,,,,,,,,,,
LN0034037,2023-10,,,,,,,,,,,,,
LN0034044,2024-08,,,,,,,,,,,,,
LN0034051,2025-10,,,,,,,,,,,,,
LN0034085,2025-09,,,,,,,,,,,,,
LN0034093,2023-04,,,,,,,,,,,,,
LN0034127,2025-09,,,,,,,,,,,,,
LN0034128,2024-01,,,,,,,,,,,,,
LN0034137,2023-04,,,,,,,,,,,,,
LN0034140,2024-01,,,,,,,,,,,,,
LN0034160,2025-01,,,,,,,,,,,,,
LN0034185,2025-12,,,,,,,,,,,,,
LN0034210,2024-03,,,,,,,,,,,,,
LN0034247,2025-09,,,,,,,,,,,,,
LN0034250,2022-10,,,,,,,,,,,,,
LN0034252,2023-08,,,,,,,,,,,,,
LN0034254,2025-02,,,,,,,,,,,,,
LN0034266,2023-12,,,,,,,,,,,,,
LN0034314,2023-09,,,,,,,,,,,,,
LN0034332,2023-08,,,,,,,,,,,,,
LN0034333,2023-09,,,,,,,,,,,,,
LN0034342,2025-01,,,,,,,,,,,,,
LN0034346,2024-08,,,,,,,,,,,,,
LN0034354,2026-01,,,,,,,,,,,,,
LN0034356,2025-05,,,,,,,,,,,,,
LN0034367,2024-06,,,,,,,,,,,,,
LN0034384,2023-09,,,,,,,,,,,,,
LN0034387,2023-02,,,,,,,,,,,,,
LN0034389,2023-06,,,,,,,,,,,,,
LN0034425,2025-11,,,,,,,,,,,,,
LN0034430,2024-05,,,,,,,,,,,,,
LN0034437,2025-09,,,,,,,,,,,,,
LN0034443,2024-06,,,,,,,,,,,,,
LN0034447,2024-10,,,,,,,,,,,,,
LN0034472,2024-11,,,,,,,,,,,,,
LN0034491,2024-10,,,,,,,,,,,,,
LN0034510,2023-09,,,,,,,,,,,,,
LN0034513,2023-11,,,,,,,,,,,,,
LN0034514,2024-08,,,,,,,,,,,,,
LN0034535,2025-11,,,,,,,,,,,,,
LN0034555,2023-06,,,,,,,,,,,,,
LN0034565,2024-10,,,,,,,,,,,,,
LN0034573,2025-05,,,,,,,,,,,,,
LN0034577,2023-04,,,,,,,,,,,,,
LN0034581,2025-06,,,,,,,,,,,,,
LN0034587,2025-01,,,,,,,,,,,,,
LN0034589,2024-10,,,,,,,,,,,,,
LN0034613,2025-03,,,,,,,,,,,,,
LN0034620,2023-04,,,,,,,,,,,,,
LN0034633,2024-05,,,,,,,,,,,,,
LN0034645,2023-10,,,,,,,,,,,,,
LN0034649,2022-09,,,,,,,,,,,,,
LN0034655,2023-04,,,,,,,,,,,,,
LN0034664,2024-02,,,,,,,,,,,,,
LN0034678,2023-12,,,,,,,,,,,,,
LN0034702,2022-09,,,,,,,,,,,,,
LN0034723,2023-12,,,,,,,,,,,,,
LN0034751,2025-02,,,,,,,,,,,,,
LN0034773,2024-08,,,,,,,,,,,,,
LN0034779,2023-08,,,,,,,,,,,,,
LN0034826,2024-02,,,,,,,,,,,,,
LN0034839,2024-07,,,,,,,,,,,,,
LN0034845,2025-04,,,,,,,,,,,,,
LN0034851,2024-07,,,,,,,,,,,,,
LN0034854,2022-12,,,,,,,,,,,,,
LN0034865,2024-04,,,,,,,,,,,,,
LN0034869,2024-06,,,,,,,,,,,,,
LN0034880,2023-11,,,,,,,,,,,,,
LN0034911,2023-07,,,,,,,,,,,,,
LN0034939,2023-11,,,,,,,,,,,,,
LN0034952,2023-11,,,,,,,,,,,,,
LN0034956,2023-03,,,,,,,,,,,,,
LN0034986,2024-09,,,,,,,,,,,,,
LN0035003,2022-12,,,,,,,,,,,,,
LN0035016,2024-10,,,,,,,,,,,,,
LN0035024,2022-07,,,,,,,,,,,,,
LN0035035,2023-12,,,,,,,,,,,,,
LN0035102,2023-12,,,,,,,,,,,,,
LN0035109,2023-04,,,,,,,,,,,,,
LN0035121,2025-05,,,,,,,,,,,,,
LN0035136,2025-12,,,,,,,,,,,,,
LN0035137,2026-05,,,,,,,,,,,,,
LN0035139,2023-10,,,,,,,,,,,,,
LN0035167,2023-03,,,,,,,,,,,,,
LN0035176,2024-03,,,,,,,,,,,,,
LN0035180,2024-06,,,,,,,,,,,,,
LN0035190,2024-12,,,,,,,,,,,,,
LN0035214,2024-10,,,,,,,,,,,,,
LN0035216,2025-05,,,,,,,,,,,,,
LN0035232,2024-11,,,,,,,,,,,,,
LN0035248,2025-11,,,,,,,,,,,,,
LN0035268,2024-02,,,,,,,,,,,,,
LN0035287,2023-11,,,,,,,,,,,,,
LN0035303,2024-09,,,,,,,,,,,,,
LN0035329,2025-01,,,,,,,,,,,,,
LN0035330,2023-12,,,,,,,,,,,,,
LN0035337,2022-10,,,,,,,,,,,,,
LN0035340,2025-01,,,,,,,,,,,,,
LN0035348,2025-05,,,,,,,,,,,,,
LN0035360,2026-04,,,,,,,,,,,,,
LN0035373,2024-11,,,,,,,,,,,,,
LN0035376,2024-05,,,,,,,,,,,,,
LN0035377,2022-12,,,,,,,,,,,,,
LN0035397,2024-07,,,,,,,,,,,,,
LN0035413,2024-08,,,,,,,,,,,,,
LN0035418,2025-04,,,,,,,,,,,,,
LN0035436,2024-12,,,,,,,,,,,,,
LN0035445,2024-01,,,,,,,,,,,,,
LN0035464,2025-04,,,,,,,,,,,,,
LN0035490,2024-12,,,,,,,,,,,,,
LN0035497,2023-06,,,,,,,,,,,,,
LN0035504,2025-07,,,,,,,,,,,,,
LN0035518,2024-11,,,,,,,,,,,,,
LN0035565,2025-08,,,,,,,,,,,,,
LN0035603,2023-05,,,,,,,,,,,,,
LN0035606,2026-05,,,,,,,,,,,,,
LN0035614,2023-12,,,,,,,,,,,,,
LN0035621,2024-04,,,,,,,,,,,,,
LN0035622,2024-07,,,,,,,,,,,,,
LN0035667,2024-10,,,,,,,,,,,,,
LN0035696,2024-09,,,,,,,,,,,,,
LN0035708,2023-01,,,,,,,,,,,,,
LN0035742,2024-10,,,,,,,,,,,,,
LN0035751,2023-02,,,,,,,,,,,,,
LN0035754,2025-03,,,,,,,,,,,,,
LN0035776,2024-11,,,,,,,,,,,,,
LN0035784,2025-02,,,,,,,,,,,,,
LN0035806,2023-08,,,,,,,,,,,,,
LN0035820,2023-04,,,,,,,,,,,,,
LN0035846,2022-08,,,,,,,,,,,,,
LN0035863,2024-11,,,,,,,,,,,,,
LN0035875,2023-12,,,,,,,,,,,,,
LN0035887,2024-08,,,,,,,,,,,,,
LN0035905,2024-08,,,,,,,,,,,,,
LN0035909,2025-03,,,,,,,,,,,,,
LN0035911,2024-05,,,,,,,,,,,,,
LN0035922,2023-11,,,,,,,,,,,,,
LN0035928,2024-06,,,,,,,,,,,,,
LN0035932,2023-08,,,,,,,,,,,,,
LN0035940,2024-09,,,,,,,,,,,,,
LN0035941,2025-10,,,,,,,,,,,,,
LN0035942,2023-06,,,,,,,,,,,,,
LN0035962,2025-07,,,,,,,,,,,,,
LN0035985,2024-01,,,,,,,,,,,,,
LN0036006,2023-11,,,,,,,,,,,,,
LN0036037,2025-05,,,,,,,,,,,,,
LN0036048,2025-06,,,,,,,,,,,,,
LN0036056,2025-06,,,,,,,,,,,,,
LN0036062,2023-09,,,,,,,,,,,,,
LN0036074,2025-01,,,,,,,,,,,,,
LN0036107,2024-09,,,,,,,,,,,,,
LN0036111,2024-01,,,,,,,,,,,,,
LN0036150,2023-05,,,,,,,,,,,,,
LN0036163,2023-11,,,,,,,,,,,,,
LN0036166,2025-02,,,,,,,,,,,,,
LN0036180,2023-10,,,,,,,,,,,,,
LN0036189,2024-04,,,,,,,,,,,,,
LN0036205,2023-02,,,,,,,,,,,,,
LN0036208,2022-06,,,,,,,,,,,,,
LN0036235,2023-11,,,,,,,,,,,,,
LN0036239,2024-12,,,,,,,,,,,,,
LN0036266,2025-01,,,,,,,,,,,,,
LN0036284,2025-02,,,,,,,,,,,,,
LN0036286,2023-08,,,,,,,,,,,,,
LN0036297,2024-01,,,,,,,,,,,,,
LN0036305,2023-07,,,,,,,,,,,,,
LN0036315,2023-06,,,,,,,,,,,,,
LN0036321,2023-08,,,,,,,,,,,,,
LN0036330,2023-07,,,,,,,,,,,,,
LN0036331,2023-11,,,,,,,,,,,,,
LN0036342,2024-10,,,,,,,,,,,,,
LN0036363,2023-05,,,,,,,,,,,,,
LN0036366,2024-09,,,,,,,,,,,,,
LN0036370,2024-09,,,,,,,,,,,,,
LN0036371,2023-02,,,,,,,,,,,,,
LN0036373,2023-12,,,,,,,,,,,,,
LN0036381,2023-07,,,,,,,,,,,,,
LN0036383,2024-04,,,,,,,,,,,,,
LN0036397,2025-01,,,,,,,,,,,,,
LN0036404,2024-02,,,,,,,,,,,,,
LN0036409,2024-07,,,,,,,,,,,,,
LN0036410,2024-04,,,,,,,,,,,,,
LN0036413,2023-07,,,,,,,,,,,,,
LN0036417,2025-06,,,,,,,,,,,,,
LN0036421,2024-05,,,,,,,,,,,,,
LN0036422,2025-06,,,,,,,,,,,,,
LN0036431,2024-02,,,,,,,,,,,,,
LN0036437,2026-03,,,,,,,,,,,,,
LN0036445,2024-06,,,,,,,,,,,,,
LN0036468,2023-05,,,,,,,,,,,,,
LN0036477,2025-01,,,,,,,,,,,,,
LN0036492,2024-04,,,,,,,,,,,,,
LN0036495,2022-11,,,,,,,,,,,,,
LN0036519,2024-10,,,,,,,,,,,,,
LN0036520,2025-05,,,,,,,,,,,,,
LN0036537,2025-04,,,,,,,,,,,,,
LN0036572,2023-12,,,,,,,,,,,,,
LN0036581,2024-12,,,,,,,,,,,,,
LN0036608,2023-12,,,,,,,,,,,,,
LN0036614,2024-03,,,,,,,,,,,,,
LN0036616,2023-12,,,,,,,,,,,,,
LN0036629,2024-06,,,,,,,,,,,,,
LN0036639,2024-06,,,,,,,,,,,,,
LN0036640,2025-09,,,,,,,,,,,,,
LN0036650,2023-07,,,,,,,,,,,,,
LN0036655,2025-03,,,,,,,,,,,,,
LN0036661,2022-10,,,,,,,,,,,,,
LN0036668,2023-10,,,,,,,,,,,,,
LN0036685,2025-08,,,,,,,,,,,,,
LN0036689,2026-03,,,,,,,,,,,,,
LN0036700,2024-10,,,,,,,,,,,,,
LN0036713,2024-10,,,,,,,,,,,,,
LN0036715,2023-08,,,,,,,,,,,,,
LN0036736,2024-12,,,,,,,,,,,,,
LN0036739,2024-11,,,,,,,,,,,,,
LN0036743,2025-06,,,,,,,,,,,,,
LN0036746,2024-11,,,,,,,,,,,,,
LN0036761,2023-06,,,,,,,,,,,,,
LN0036773,2025-03,,,,,,,,,,,,,
LN0036793,2025-01,,,,,,,,,,,,,
LN0036794,2023-04,,,,,,,,,,,,,
LN0036795,2025-08,,,,,,,,,,,,,
LN0036801,2025-01,,,,,,,,,,,,,
LN0036832,2026-01,,,,,,,,,,,,,
LN0036837,2024-01,,,,,,,,,,,,,
LN0036842,2025-03,,,,,,,,,,,,,
LN0036853,2024-12,,,,,,,,,,,,,
LN0036943,2023-12,,,,,,,,,,,,,
LN0036945,2023-01,,,,,,,,,,,,,
LN0036970,2024-04,,,,,,,,,,,,,
LN0036972,2022-10,,,,,,,,,,,,,
LN0036983,2025-08,,,,,,,,,,,,,
LN0036995,2023-12,,,,,,,,,,,,,
LN0037011,2024-04,,,,,,,,,,,,,
LN0037012,2025-05,,,,,,,,,,,,,
LN0037016,2025-03,,,,,,,,,,,,,
LN0037062,2025-02,,,,,,,,,,,,,
LN0037069,2022-11,,,,,,,,,,,,,
LN0037073,2025-12,,,,,,,,,,,,,
LN0037088,2025-05,,,,,,,,,,,,,
LN0037097,2023-12,,,,,,,,,,,,,
LN0037131,2024-12,,,,,,,,,,,,,
LN0037133,2022-12,,,,,,,,,,,,,
LN0037157,2025-07,,,,,,,,,,,,,
LN0037158,2025-07,,,,,,,,,,,,,
LN0037178,2023-11,,,,,,,,,,,,,
LN0037185,2025-02,,,,,,,,,,,,,
LN0037198,2024-02,,,,,,,,,,,,,
LN0037201,2023-04,,,,,,,,,,,,,
LN0037214,2024-12,,,,,,,,,,,,,
LN0037225,2025-07,,,,,,,,,,,,,
LN0037236,2023-09,,,,,,,,,,,,,
LN0037246,2024-04,,,,,,,,,,,,,
LN0037258,2023-04,,,,,,,,,,,,,
LN0037260,2023-12,,,,,,,,,,,,,
LN0037263,2026-02,,,,,,,,,,,,,
LN0037358,2024-07,,,,,,,,,,,,,
LN0037361,2023-07,,,,,,,,,,,,,
LN0037362,2024-03,,,,,,,,,,,,,
LN0037364,2023-05,,,,,,,,,,,,,
LN0037393,2025-10,,,,,,,,,,,,,
LN0037414,2023-03,,,,,,,,,,,,,
LN0037432,2023-09,,,,,,,,,,,,,
LN0037435,2023-12,,,,,,,,,,,,,
LN0037438,2023-12,,,,,,,,,,,,,
LN0037453,2024-04,,,,,,,,,,,,,
LN0037457,2023-01,,,,,,,,,,,,,
LN0037470,2024-10,,,,,,,,,,,,,
LN0037474,2023-10,,,,,,,,,,,,,
LN0037475,2023-12,,,,,,,,,,,,,
LN0037518,2023-07,,,,,,,,,,,,,
LN0037542,2024-08,,,,,,,,,,,,,
LN0037544,2024-07,,,,,,,,,,,,,
LN0037550,2025-05,,,,,,,,,,,,,
LN0037551,2024-09,,,,,,,,,,,,,
LN0037563,2025-08,,,,,,,,,,,,,
LN0037576,2023-11,,,,,,,,,,,,,
LN0037606,2024-03,,,,,,,,,,,,,
LN0037612,2023-09,,,,,,,,,,,,,
LN0037636,2024-03,,,,,,,,,,,,,
LN0037668,2023-01,,,,,,,,,,,,,
LN0037677,2025-06,,,,,,,,,,,,,
LN0037682,2024-08,,,,,,,,,,,,,
LN0037691,2024-06,,,,,,,,,,,,,
LN0037706,2025-06,,,,,,,,,,,,,
LN0037755,2026-02,,,,,,,,,,,,,
LN0037759,2023-11,,,,,,,,,,,,,
LN0037793,2025-02,,,,,,,,,,,,,
LN0037798,2025-09,,,,,,,,,,,,,
LN0037810,2025-11,,,,,,,,,,,,,
LN0037846,2025-04,,,,,,,,,,,,,
LN0037874,2024-07,,,,,,,,,,,,,
LN0037933,2024-03,,,,,,,,,,,,,
LN0037944,2024-06,,,,,,,,,,,,,
LN0037954,2022-10,,,,,,,,,,,,,
LN0037981,2023-10,,,,,,,,,,,,,
LN0037985,2023-04,,,,,,,,,,,,,
LN0038039,2024-03,,,,,,,,,,,,,
LN0038048,2025-05,,,,,,,,,,,,,
LN0038051,2024-09,,,,,,,,,,,,,
LN0038078,2025-09,,,,,,,,,,,,,
LN0038094,2026-01,,,,,,,,,,,,,
LN0038097,2024-03,,,,,,,,,,,,,
LN0038104,2025-06,,,,,,,,,,,,,
LN0038117,2023-03,,,,,,,,,,,,,
LN0038137,2023-10,,,,,,,,,,,,,
LN0038160,2023-10,,,,,,,,,,,,,
LN0038169,2025-02,,,,,,,,,,,,,
LN0038176,2024-08,,,,,,,,,,,,,
LN0038193,2024-11,,,,,,,,,,,,,
LN0038209,2024-11,,,,,,,,,,,,,
LN0038229,2024-10,,,,,,,,,,,,,
LN0038232,2024-01,,,,,,,,,,,,,
LN0038240,2025-01,,,,,,,,,,,,,
LN0038241,2025-03,,,,,,,,,,,,,
LN0038284,2025-11,,,,,,,,,,,,,
LN0038292,2023-06,,,,,,,,,,,,,
LN0038299,2025-10,,,,,,,,,,,,,
LN0038309,2024-01,,,,,,,,,,,,,
LN0038321,2024-09,,,,,,,,,,,,,
LN0038332,2025-03,,,,,,,,,,,,,
LN0038335,2023-03,,,,,,,,,,,,,
LN0038340,2025-11,,,,,,,,,,,,,
LN0038356,2024-04,,,,,,,,,,,,,
LN0038365,2024-11,,,,,,,,,,,,,
LN0038370,2023-09,,,,,,,,,,,,,
LN0038373,2023-01,,,,,,,,,,,,,
LN0038386,2024-05,,,,,,,,,,,,,
LN0038407,2025-10,,,,,,,,,,,,,
LN0038409,2024-02,,,,,,,,,,,,,
LN0038415,2026-01,,,,,,,,,,,,,
LN0038427,2022-06,,,,,,,,,,,,,
LN0038431,2026-04,,,,,,,,,,,,,
LN0038440,2022-10,,,,,,,,,,,,,
LN0038462,2023-08,,,,,,,,,,,,,
LN0038477,2023-06,,,,,,,,,,,,,
LN0038516,2023-07,,,,,,,,,,,,,
LN0038522,2024-03,,,,,,,,,,,,,
LN0038529,2024-08,,,,,,,,,,,,,
LN0038589,2025-03,,,,,,,,,,,,,
LN0038591,2022-12,,,,,,,,,,,,,
LN0038603,2025-10,,,,,,,,,,,,,
LN0038619,2025-01,,,,,,,,,,,,,
LN0038657,2024-07,,,,,,,,,,,,,
LN0038661,2025-03,,,,,,,,,,,,,
LN0038663,2023-12,,,,,,,,,,,,,
LN0038685,2026-01,,,,,,,,,,,,,
LN0038721,2026-02,,,,,,,,,,,,,
LN0038728,2025-05,,,,,,,,,,,,,
LN0038734,2026-03,,,,,,,,,,,,,
LN0038739,2023-12,,,,,,,,,,,,,
LN0038744,2025-11,,,,,,,,,,,,,
LN0038748,2024-08,,,,,,,,,,,,,
LN0038770,2024-05,,,,,,,,,,,,,
LN0038772,2023-12,,,,,,,,,,,,,
LN0038778,2024-12,,,,,,,,,,,,,
LN0038779,2023-10,,,,,,,,,,,,,
LN0038794,2023-06,,,,,,,,,,,,,
LN0038850,2024-07,,,,,,,,,,,,,
LN0038852,2024-11,,,,,,,,,,,,,
LN0038872,2023-09,,,,,,,,,,,,,
LN0038900,2025-05,,,,,,,,,,,,,
LN0038906,2023-06,,,,,,,,,,,,,
LN0038937,2024-04,,,,,,,,,,,,,
LN0038938,2024-05,,,,,,,,,,,,,
LN0038979,2023-03,,,,,,,,,,,,,
LN0038988,2022-08,,,,,,,,,,,,,
LN0039001,2025-03,,,,,,,,,,,,,
LN0039020,2024-06,,,,,,,,,,,,,
LN0039038,2025-08,,,,,,,,,,,,,
LN0039040,2024-09,,,,,,,,,,,,,
LN0039045,2023-09,,,,,,,,,,,,,
LN0039053,2023-01,,,,,,,,,,,,,
LN0039056,2023-08,,,,,,,,,,,,,
LN0039059,2025-06,,,,,,,,,,,,,
LN0039060,2023-07,,,,,,,,,,,,,
LN0039062,2023-08,,,,,,,,,,,,,
LN0039084,2022-10,,,,,,,,,,,,,
LN0039093,2023-08,,,,,,,,,,,,,
LN0039094,2023-06,,,,,,,,,,,,,
LN0039122,2024-12,,,,,,,,,,,,,
LN0039130,2023-09,,,,,,,,,,,,,
LN0039137,2023-03,,,,,,,,,,,,,
LN0039139,2025-06,,,,,,,,,,,,,
LN0039144,2023-06,,,,,,,,,,,,,
LN0039147,2023-07,,,,,,,,,,,,,
LN0039160,2022-09,,,,,,,,,,,,,
LN0039167,2023-04,,,,,,,,,,,,,
LN0039174,2023-09,,,,,,,,,,,,,
LN0039202,2025-02,,,,,,,,,,,,,
LN0039208,2024-09,,,,,,,,,,,,,
LN0039213,2025-04,,,,,,,,,,,,,
LN0039214,2025-03,,,,,,,,,,,,,
LN0039228,2023-09,,,,,,,,,,,,,
LN0039242,2023-05,,,,,,,,,,,,,
LN0039246,2025-05,,,,,,,,,,,,,
LN0039248,2024-02,,,,,,,,,,,,,
LN0039256,2023-07,,,,,,,,,,,,,
LN0039260,2023-01,,,,,,,,,,,,,
LN0039268,2024-06,,,,,,,,,,,,,
LN0039269,2024-04,,,,,,,,,,,,,
LN0039270,2024-10,,,,,,,,,,,,,
LN0039274,2025-05,,,,,,,,,,,,,
LN0039278,2023-04,,,,,,,,,,,,,
LN0039286,2025-05,,,,,,,,,,,,,
LN0039293,2024-07,,,,,,,,,,,,,
LN0039304,2023-04,,,,,,,,,,,,,
LN0039310,2023-02,,,,,,,,,,,,,
LN0039336,2023-09,,,,,,,,,,,,,
LN0039345,2022-10,,,,,,,,,,,,,
LN0039347,2023-05,,,,,,,,,,,,,
LN0039348,2023-04,,,,,,,,,,,,,
LN0039353,2025-06,,,,,,,,,,,,,
LN0039354,2026-03,,,,,,,,,,,,,
LN0039360,2025-07,,,,,,,,,,,,,
LN0039382,2024-09,,,,,,,,,,,,,
LN0039397,2025-01,,,,,,,,,,,,,
LN0039411,2024-05,,,,,,,,,,,,,
LN0039416,2024-06,,,,,,,,,,,,,
LN0039438,2025-07,,,,,,,,,,,,,
LN0039441,2023-08,,,,,,,,,,,,,
LN0039446,2025-03,,,,,,,,,,,,,
LN0039451,2024-05,,,,,,,,,,,,,
LN0039497,2024-04,,,,,,,,,,,,,
LN0039515,2023-07,,,,,,,,,,,,,
LN0039524,2024-12,,,,,,,,,,,,,
LN0039531,2024-01,,,,,,,,,,,,,
LN0039546,2023-11,,,,,,,,,,,,,
LN0039570,2025-09,,,,,,,,,,,,,
LN0039576,2025-06,,,,,,,,,,,,,
LN0039584,2023-12,,,,,,,,,,,,,
LN0039596,2024-01,,,,,,,,,,,,,
LN0039604,2023-08,,,,,,,,,,,,,
LN0039606,2024-01,,,,,,,,,,,,,
LN0039625,2024-06,,,,,,,,,,,,,
LN0039629,2023-11,,,,,,,,,,,,,
LN0039649,2023-06,,,,,,,,,,,,,
LN0039658,2025-04,,,,,,,,,,,,,
LN0039676,2025-04,,,,,,,,,,,,,
LN0039683,2023-03,,,,,,,,,,,,,
LN0039687,2025-12,,,,,,,,,,,,,
LN0039705,2025-05,,,,,,,,,,,,,
LN0039742,2025-08,,,,,,,,,,,,,
LN0039753,2025-03,,,,,,,,,,,,,
LN0039815,2025-04,,,,,,,,,,,,,
LN0039818,2022-10,,,,,,,,,,,,,
LN0039819,2023-07,,,,,,,,,,,,,
LN0039837,2022-11,,,,,,,,,,,,,
LN0039843,2024-10,,,,,,,,,,,,,
LN0039881,2024-12,,,,,,,,,,,,,
LN0039887,2024-01,,,,,,,,,,,,,
LN0039902,2024-07,,,,,,,,,,,,,
LN0039914,2023-10,,,,,,,,,,,,,
LN0039935,2024-03,,,,,,,,,,,,,
LN0039943,2024-07,,,,,,,,,,,,,
LN0039961,2023-03,,,,,,,,,,,,,
LN0039966,2025-07,,,,,,,,,,,,,
LN0039974,2023-02,,,,,,,,,,,,,
LN0039992,2023-10,,,,,,,,,,,,,
LN0040005,2024-02,,,,,,,,,,,,,
LN0040023,2022-12,,,,,,,,,,,,,
LN0040031,2023-08,,,,,,,,,,,,,
LN0040059,2024-05,,,,,,,,,,,,,
LN0040066,2024-09,,,,,,,,,,,,,
LN0040088,2024-04,,,,,,,,,,,,,
LN0040102,2024-02,,,,,,,,,,,,,
LN0040121,2022-11,,,,,,,,,,,,,
LN0040156,2024-11,,,,,,,,,,,,,
LN0040197,2024-04,,,,,,,,,,,,,
LN0040201,2025-05,,,,,,,,,,,,,
LN0040203,2025-05,,,,,,,,,,,,,
LN0040217,2023-12,,,,,,,,,,,,,
LN0040229,2026-03,,,,,,,,,,,,,
LN0040256,2024-06,,,,,,,,,,,,,
LN0040272,2023-05,,,,,,,,,,,,,
LN0040283,2024-12,,,,,,,,,,,,,
LN0040318,2024-04,,,,,,,,,,,,,
LN0040360,2024-05,,,,,,,,,,,,,
LN0040361,2025-10,,,,,,,,,,,,,
LN0040362,2023-02,,,,,,,,,,,,,
LN0040364,2023-12,,,,,,,,,,,,,
LN0040378,2025-02,,,,,,,,,,,,,
LN0040382,2024-05,,,,,,,,,,,,,
LN0040449,2024-05,,,,,,,,,,,,,
LN0040457,2024-07,,,,,,,,,,,,,
LN0040460,2025-02,,,,,,,,,,,,,
LN0040466,2023-09,,,,,,,,,,,,,
LN0040490,2023-09,,,,,,,,,,,,,
LN0040491,2023-08,,,,,,,,,,,,,
LN0040516,2024-01,,,,,,,,,,,,,
LN0040519,2023-07,,,,,,,,,,,,,
LN0040533,2024-06,,,,,,,,,,,,,
LN0040545,2023-09,,,,,,,,,,,,,
LN0040547,2024-08,,,,,,,,,,,,,
LN0040561,2024-05,,,,,,,,,,,,,
LN0040596,2024-12,,,,,,,,,,,,,
LN0040638,2024-12,,,,,,,,,,,,,
LN0040690,2025-11,,,,,,,,,,,,,
LN0040700,2025-05,,,,,,,,,,,,,
LN0040714,2024-01,,,,,,,,,,,,,
LN0040760,2023-10,,,,,,,,,,,,,
LN0040766,2024-08,,,,,,,,,,,,,
LN0040780,2025-05,,,,,,,,,,,,,
LN0040788,2023-11,,,,,,,,,,,,,
LN0040795,2025-04,,,,,,,,,,,,,
LN0040796,2024-11,,,,,,,,,,,,,
LN0040801,2024-02,,,,,,,,,,,,,
LN0040817,2023-08,,,,,,,,,,,,,
LN0040829,2022-11,,,,,,,,,,,,,
LN0040835,2023-10,,,,,,,,,,,,,
LN0040842,2025-07,,,,,,,,,,,,,
LN0040849,2023-09,,,,,,,,,,,,,
LN0040857,2024-04,,,,,,,,,,,,,
LN0040858,2022-07,,,,,,,,,,,,,
LN0040880,2024-03,,,,,,,,,,,,,
LN0040889,2024-09,,,,,,,,,,,,,
LN0040894,2024-01,,,,,,,,,,,,,
LN0040907,2023-09,,,,,,,,,,,,,
LN0040910,2025-11,,,,,,,,,,,,,
LN0040919,2024-01,,,,,,,,,,,,,
LN0040939,2026-01,,,,,,,,,,,,,
LN0040952,2023-12,,,,,,,,,,,,,
LN0040988,2024-05,,,,,,,,,,,,,
LN0040989,2022-10,,,,,,,,,,,,,
LN0040994,2023-07,,,,,,,,,,,,,
LN0040998,2023-12,,,,,,,,,,,,,
LN0041018,2024-01,,,,,,,,,,,,,
LN0041049,2022-08,,,,,,,,,,,,,
LN0041107,2025-03,,,,,,,,,,,,,
LN0041112,2025-02,,,,,,,,,,,,,
LN0041119,2024-01,,,,,,,,,,,,,
LN0041120,2023-05,,,,,,,,,,,,,
LN0041122,2024-08,,,,,,,,,,,,,
LN0041127,2024-08,,,,,,,,,,,,,
LN0041132,2023-12,,,,,,,,,,,,,
LN0041148,2024-09,,,,,,,,,,,,,
LN0041158,2024-11,,,,,,,,,,,,,
LN0041162,2025-11,,,,,,,,,,,,,
LN0041188,2024-12,,,,,,,,,,,,,
LN0041191,2024-01,,,,,,,,,,,,,
LN0041202,2023-11,,,,,,,,,,,,,
LN0041204,2024-07,,,,,,,,,,,,,
LN0041210,2023-08,,,,,,,,,,,,,
LN0041218,2026-02,,,,,,,,,,,,,
LN0041226,2025-01,,,,,,,,,,,,,
LN0041229,2022-10,,,,,,,,,,,,,
LN0041234,2026-03,,,,,,,,,,,,,
LN0041235,2023-06,,,,,,,,,,,,,
LN0041307,2024-05,,,,,,,,,,,,,
LN0041310,2024-04,,,,,,,,,,,,,
LN0041318,2026-02,,,,,,,,,,,,,
LN0041323,2025-05,,,,,,,,,,,,,
LN0041343,2023-07,,,,,,,,,,,,,
LN0041373,2023-08,,,,,,,,,,,,,
LN0041392,2023-08,,,,,,,,,,,,,
LN0041408,2024-08,,,,,,,,,,,,,
LN0041413,2025-01,,,,,,,,,,,,,
LN0041416,2025-02,,,,,,,,,,,,,
LN0041419,2023-06,,,,,,,,,,,,,
LN0041423,2024-07,,,,,,,,,,,,,
LN0041429,2024-05,,,,,,,,,,,,,
LN0041430,2024-02,,,,,,,,,,,,,
LN0041434,2023-12,,,,,,,,,,,,,
LN0041439,2023-04,,,,,,,,,,,,,
LN0041483,2024-02,,,,,,,,,,,,,
LN0041489,2023-10,,,,,,,,,,,,,
LN0041510,2023-01,,,,,,,,,,,,,
LN0041517,2022-12,,,,,,,,,,,,,
LN0041523,2023-12,,,,,,,,,,,,,
LN0041554,2025-03,,,,,,,,,,,,,
LN0041586,2025-03,,,,,,,,,,,,,
LN0041599,2024-09,,,,,,,,,,,,,
LN0041613,2024-02,,,,,,,,,,,,,
LN0041637,2023-05,,,,,,,,,,,,,
LN0041654,2025-02,,,,,,,,,,,,,
LN0041670,2025-04,,,,,,,,,,,,,
LN0041682,2024-01,,,,,,,,,,,,,
LN0041686,2024-05,,,,,,,,,,,,,
LN0041687,2024-09,,,,,,,,,,,,,
LN0041730,2023-04,,,,,,,,,,,,,
LN0041740,2023-07,,,,,,,,,,,,,
LN0041760,2023-08,,,,,,,,,,,,,
LN0041779,2023-12,,,,,,,,,,,,,
LN0041781,2024-05,,,,,,,,,,,,,
LN0041783,2026-03,,,,,,,,,,,,,
LN0041788,2025-02,,,,,,,,,,,,,
LN0041791,2022-11,,,,,,,,,,,,,
LN0041796,2024-02,,,,,,,,,,,,,
LN0041804,2024-06,,,,,,,,,,,,,
LN0041851,2024-03,,,,,,,,,,,,,
LN0041856,2025-02,,,,,,,,,,,,,
LN0041869,2025-08,,,,,,,,,,,,,
LN0041921,2023-09,,,,,,,,,,,,,
LN0041925,2025-03,,,,,,,,,,,,,
LN0041927,2025-05,,,,,,,,,,,,,
LN0041948,2024-07,,,,,,,,,,,,,
LN0041981,2022-09,,,,,,,,,,,,,
LN0041984,2024-04,,,,,,,,,,,,,
LN0041986,2023-06,,,,,,,,,,,,,
LN0041990,2023-12,,,,,,,,,,,,,
LN0042013,2025-02,,,,,,,,,,,,,
LN0042015,2023-09,,,,,,,,,,,,,
LN0042043,2022-11,,,,,,,,,,,,,
LN0042053,2023-04,,,,,,,,,,,,,
LN0042056,2025-01,,,,,,,,,,,,,
LN0042064,2023-04,,,,,,,,,,,,,
LN0042069,2024-06,,,,,,,,,,,,,
LN0042094,2024-08,,,,,,,,,,,,,
LN0042096,2024-06,,,,,,,,,,,,,
LN0042107,2023-05,,,,,,,,,,,,,
LN0042110,2024-01,,,,,,,,,,,,,
LN0042156,2023-01,,,,,,,,,,,,,
LN0042170,2025-11,,,,,,,,,,,,,
LN0042182,2023-03,,,,,,,,,,,,,
LN0042211,2025-02,,,,,,,,,,,,,
LN0042213,2025-01,,,,,,,,,,,,,
LN0042218,2022-08,,,,,,,,,,,,,
LN0042231,2025-11,,,,,,,,,,,,,
LN0042239,2025-08,,,,,,,,,,,,,
LN0042242,2024-11,,,,,,,,,,,,,
LN0042245,2024-09,,,,,,,,,,,,,
LN0042249,2023-06,,,,,,,,,,,,,
LN0042251,2024-05,,,,,,,,,,,,,
LN0042265,2024-04,,,,,,,,,,,,,
LN0042282,2023-01,,,,,,,,,,,,,
LN0042313,2024-01,,,,,,,,,,,,,
LN0042326,2024-03,,,,,,,,,,,,,
LN0042336,2023-09,,,,,,,,,,,,,
LN0042367,2024-01,,,,,,,,,,,,,
LN0042373,2023-06,,,,,,,,,,,,,
LN0042405,2025-03,,,,,,,,,,,,,
LN0042419,2024-10,,,,,,,,,,,,,
LN0042425,2024-04,,,,,,,,,,,,,
LN0042442,2024-02,,,,,,,,,,,,,
LN0042460,2025-02,,,,,,,,,,,,,
LN0042464,2024-11,,,,,,,,,,,,,
LN0042469,2025-08,,,,,,,,,,,,,
LN0042478,2023-12,,,,,,,,,,,,,
LN0042486,2024-03,,,,,,,,,,,,,
LN0042490,2023-07,,,,,,,,,,,,,
LN0042535,2024-08,,,,,,,,,,,,,
LN0042637,2023-11,,,,,,,,,,,,,
LN0042639,2025-01,,,,,,,,,,,,,
LN0042665,2025-05,,,,,,,,,,,,,
LN0042672,2024-07,,,,,,,,,,,,,
LN0042692,2024-06,,,,,,,,,,,,,
LN0042748,2025-11,,,,,,,,,,,,,
LN0042753,2025-02,,,,,,,,,,,,,
LN0042757,2023-12,,,,,,,,,,,,,
LN0042781,2023-03,,,,,,,,,,,,,
LN0042786,2024-01,,,,,,,,,,,,,
LN0042821,2024-12,,,,,,,,,,,,,
LN0042828,2024-07,,,,,,,,,,,,,
LN0042890,2025-09,,,,,,,,,,,,,
LN0042894,2024-11,,,,,,,,,,,,,
LN0042910,2024-07,,,,,,,,,,,,,
LN0042919,2024-09,,,,,,,,,,,,,
LN0042921,2023-10,,,,,,,,,,,,,
LN0042925,2024-07,,,,,,,,,,,,,
LN0042929,2023-02,,,,,,,,,,,,,
LN0042972,2025-02,,,,,,,,,,,,,
LN0042996,2025-06,,,,,,,,,,,,,
LN0043054,2024-09,,,,,,,,,,,,,
LN0043065,2026-01,,,,,,,,,,,,,
LN0043075,2023-02,,,,,,,,,,,,,
LN0043080,2025-02,,,,,,,,,,,,,
LN0043133,2025-04,,,,,,,,,,,,,
LN0043154,2024-08,,,,,,,,,,,,,
LN0043178,2024-11,,,,,,,,,,,,,
LN0043182,2025-07,,,,,,,,,,,,,
LN0043190,2024-08,,,,,,,,,,,,,
LN0043196,2023-04,,,,,,,,,,,,,
LN0043213,2025-02,,,,,,,,,,,,,
LN0043226,2023-04,,,,,,,,,,,,,
LN0043229,2024-02,,,,,,,,,,,,,
LN0043234,2023-07,,,,,,,,,,,,,
LN0043243,2025-02,,,,,,,,,,,,,
LN0043259,2024-09,,,,,,,,,,,,,
LN0043278,2023-02,,,,,,,,,,,,,
LN0043315,2024-11,,,,,,,,,,,,,
LN0043317,2025-07,,,,,,,,,,,,,
LN0043318,2024-12,,,,,,,,,,,,,
LN0043335,2023-01,,,,,,,,,,,,,
LN0043337,2025-10,,,,,,,,,,,,,
LN0043341,2025-01,,,,,,,,,,,,,
LN0043352,2024-09,,,,,,,,,,,,,
LN0043381,2023-12,,,,,,,,,,,,,
LN0043400,2023-06,,,,,,,,,,,,,
LN0043416,2023-07,,,,,,,,,,,,,
LN0043444,2023-04,,,,,,,,,,,,,
LN0043495,2024-01,,,,,,,,,,,,,
LN0043512,2024-02,,,,,,,,,,,,,
LN0043519,2024-01,,,,,,,,,,,,,
LN0043551,2023-08,,,,,,,,,,,,,
LN0043552,2026-03,,,,,,,,,,,,,
LN0043556,2022-09,,,,,,,,,,,,,
LN0043566,2025-07,,,,,,,,,,,,,
LN0043570,2024-09,,,,,,,,,,,,,
LN0043581,2024-06,,,,,,,,,,,,,
LN0043582,2024-10,,,,,,,,,,,,,
LN0043587,2025-01,,,,,,,,,,,,,
LN0043605,2024-03,,,,,,,,,,,,,
LN0043609,2025-07,,,,,,,,,,,,,
LN0043612,2023-07,,,,,,,,,,,,,
LN0043613,2023-08,,,,,,,,,,,,,
LN0043630,2024-02,,,,,,,,,,,,,
LN0043637,2024-06,,,,,,,,,,,,,
LN0043640,2023-04,,,,,,,,,,,,,
LN0043662,2024-05,,,,,,,,,,,,,
LN0043676,2024-02,,,,,,,,,,,,,
LN0043737,2024-05,,,,,,,,,,,,,
LN0043739,2024-07,,,,,,,,,,,,,
LN0043753,2025-03,,,,,,,,,,,,,
LN0043760,2025-04,,,,,,,,,,,,,
LN0043785,2025-07,,,,,,,,,,,,,
LN0043790,2025-02,,,,,,,,,,,,,
LN0043796,2024-09,,,,,,,,,,,,,
LN0043827,2023-11,,,,,,,,,,,,,
LN0043836,2023-09,,,,,,,,,,,,,
LN0043849,2024-04,,,,,,,,,,,,,
LN0043854,2024-12,,,,,,,,,,,,,
LN0043873,2024-06,,,,,,,,,,,,,
LN0043878,2024-09,,,,,,,,,,,,,
LN0043922,2023-02,,,,,,,,,,,,,
LN0043966,2023-11,,,,,,,,,,,,,
LN0044045,2023-06,,,,,,,,,,,,,
LN0044052,2024-03,,,,,,,,,,,,,
LN0044054,2023-08,,,,,,,,,,,,,
LN0044057,2023-01,,,,,,,,,,,,,
LN0044068,2025-05,,,,,,,,,,,,,
LN0044079,2022-06,,,,,,,,,,,,,
LN0044092,2023-05,,,,,,,,,,,,,
LN0044101,2025-07,,,,,,,,,,,,,
LN0044104,2025-12,,,,,,,,,,,,,
LN0044112,2024-05,,,,,,,,,,,,,
LN0044132,2025-06,,,,,,,,,,,,,
LN0044137,2025-06,,,,,,,,,,,,,
LN0044141,2023-09,,,,,,,,,,,,,
LN0044153,2026-04,,,,,,,,,,,,,
LN0044158,2022-08,,,,,,,,,,,,,
LN0044164,2024-05,,,,,,,,,,,,,
LN0044176,2023-06,,,,,,,,,,,,,
LN0044178,2025-04,,,,,,,,,,,,,
LN0044193,2024-04,,,,,,,,,,,,,
LN0044196,2023-10,,,,,,,,,,,,,
LN0044203,2024-06,,,,,,,,,,,,,
LN0044221,2023-09,,,,,,,,,,,,,
LN0044226,2024-06,,,,,,,,,,,,,
LN0044257,2022-08,,,,,,,,,,,,,
LN0044262,2024-12,,,,,,,,,,,,,
LN0044266,2022-09,,,,,,,,,,,,,
LN0044267,2023-07,,,,,,,,,,,,,
LN0044272,2023-03,,,,,,,,,,,,,
LN0044278,2024-05,,,,,,,,,,,,,
LN0044289,2022-10,,,,,,,,,,,,,
LN0044336,2023-11,,,,,,,,,,,,,
LN0044338,2024-10,,,,,,,,,,,,,
LN0044379,2025-04,,,,,,,,,,,,,
LN0044389,2024-07,,,,,,,,,,,,,
LN0044390,2024-10,,,,,,,,,,,,,
LN0044394,2024-03,,,,,,,,,,,,,
LN0044406,2023-07,,,,,,,,,,,,,
LN0044420,2023-10,,,,,,,,,,,,,
LN0044421,2025-06,,,,,,,,,,,,,
LN0044429,2024-05,,,,,,,,,,,,,
LN0044433,2024-07,,,,,,,,,,,,,
LN0044440,2023-05,,,,,,,,,,,,,
LN0044444,2025-01,,,,,,,,,,,,,
LN0044454,2025-12,,,,,,,,,,,,,
LN0044465,2024-04,,,,,,,,,,,,,
LN0044479,2024-11,,,,,,,,,,,,,
LN0044504,2024-08,,,,,,,,,,,,,
LN0044519,2024-02,,,,,,,,,,,,,
LN0044530,2024-12,,,,,,,,,,,,,
LN0044531,2023-03,,,,,,,,,,,,,
LN0044541,2026-01,,,,,,,,,,,,,
LN0044574,2025-03,,,,,,,,,,,,,
LN0044598,2023-11,,,,,,,,,,,,,
LN0044601,2024-11,,,,,,,,,,,,,
LN0044603,2025-08,,,,,,,,,,,,,
LN0044611,2023-11,,,,,,,,,,,,,
LN0044627,2024-08,,,,,,,,,,,,,
LN0044639,2024-10,,,,,,,,,,,,,
LN0044653,2025-07,,,,,,,,,,,,,
LN0044681,2025-04,,,,,,,,,,,,,
LN0044699,2024-10,,,,,,,,,,,,,
LN0044735,2024-09,,,,,,,,,,,,,
LN0044738,2023-04,,,,,,,,,,,,,
LN0044742,2025-05,,,,,,,,,,,,,
LN0044762,2025-09,,,,,,,,,,,,,
LN0044775,2024-08,,,,,,,,,,,,,
LN0044777,2024-05,,,,,,,,,,,,,
LN0044783,2025-06,,,,,,,,,,,,,
LN0044833,2023-06,,,,,,,,,,,,,
LN0044840,2022-11,,,,,,,,,,,,,
LN0044846,2025-02,,,,,,,,,,,,,
LN0044855,2024-09,,,,,,,,,,,,,
LN0044860,2025-04,,,,,,,,,,,,,
LN0044865,2024-05,,,,,,,,,,,,,
LN0044882,2025-01,,,,,,,,,,,,,
LN0044934,2025-01,,,,,,,,,,,,,
LN0044935,2024-02,,,,,,,,,,,,,
LN0044936,2023-11,,,,,,,,,,,,,
LN0044949,2025-05,,,,,,,,,,,,,
LN0045016,2025-03,,,,,,,,,,,,,
LN0045022,2023-08,,,,,,,,,,,,,
LN0045034,2023-01,,,,,,,,,,,,,
LN0045039,2024-03,,,,,,,,,,,,,
LN0045045,2023-03,,,,,,,,,,,,,
LN0045047,2023-02,,,,,,,,,,,,,
LN0045054,2025-04,,,,,,,,,,,,,
LN0045058,2025-10,,,,,,,,,,,,,
LN0045094,2024-08,,,,,,,,,,,,,
LN0045099,2023-11,,,,,,,,,,,,,
LN0045114,2024-02,,,,,,,,,,,,,
LN0045120,2023-12,,,,,,,,,,,,,
LN0045134,2025-09,,,,,,,,,,,,,
LN0045138,2022-09,,,,,,,,,,,,,
LN0045145,2023-03,,,,,,,,,,,,,
LN0045173,2023-05,,,,,,,,,,,,,
LN0045192,2024-09,,,,,,,,,,,,,
LN0045203,2024-02,,,,,,,,,,,,,
LN0045228,2024-05,,,,,,,,,,,,,
LN0045236,2023-08,,,,,,,,,,,,,
LN0045239,2024-08,,,,,,,,,,,,,
LN0045246,2024-11,,,,,,,,,,,,,
LN0045252,2024-06,,,,,,,,,,,,,
LN0045277,2024-06,,,,,,,,,,,,,
LN0045292,2023-05,,,,,,,,,,,,,
LN0045296,2023-11,,,,,,,,,,,,,
LN0045297,2024-12,,,,,,,,,,,,,
LN0045298,2023-02,,,,,,,,,,,,,
LN0045299,2023-05,,,,,,,,,,,,,
LN0045311,2025-05,,,,,,,,,,,,,
LN0045316,2023-04,,,,,,,,,,,,,
LN0045321,2023-01,,,,,,,,,,,,,
LN0045327,2024-10,,,,,,,,,,,,,
LN0045334,2024-02,,,,,,,,,,,,,
LN0045336,2024-04,,,,,,,,,,,,,
LN0045346,2023-11,,,,,,,,,,,,,
LN0045361,2024-02,,,,,,,,,,,,,
LN0045391,2023-12,,,,,,,,,,,,,
LN0045407,2023-08,,,,,,,,,,,,,
LN0045409,2023-10,,,,,,,,,,,,,
LN0045418,2022-06,,,,,,,,,,,,,
LN0045450,2024-09,,,,,,,,,,,,,
LN0045456,2026-01,,,,,,,,,,,,,
LN0045463,2024-10,,,,,,,,,,,,,
LN0045483,2024-07,,,,,,,,,,,,,
LN0045484,2025-06,,,,,,,,,,,,,
LN0045492,2024-10,,,,,,,,,,,,,
LN0045495,2022-11,,,,,,,,,,,,,
LN0045514,2023-09,,,,,,,,,,,,,
LN0045527,2025-02,,,,,,,,,,,,,
LN0045537,2023-03,,,,,,,,,,,,,
LN0045545,2025-02,,,,,,,,,,,,,
LN0045555,2023-07,,,,,,,,,,,,,
LN0045563,2025-06,,,,,,,,,,,,,
LN0045567,2025-03,,,,,,,,,,,,,
LN0045569,2024-08,,,,,,,,,,,,,
LN0045570,2024-08,,,,,,,,,,,,,
LN0045574,2024-10,,,,,,,,,,,,,
LN0045591,2024-03,,,,,,,,,,,,,
LN0045595,2022-08,,,,,,,,,,,,,
LN0045601,2025-01,,,,,,,,,,,,,
LN0045605,2022-10,,,,,,,,,,,,,
LN0045612,2022-12,,,,,,,,,,,,,
LN0045650,2025-03,,,,,,,,,,,,,
LN0045676,2024-10,,,,,,,,,,,,,
LN0045679,2024-04,,,,,,,,,,,,,
LN0045727,2025-03,,,,,,,,,,,,,
LN0045730,2023-12,,,,,,,,,,,,,
LN0045732,2026-03,,,,,,,,,,,,,
LN0045740,2023-09,,,,,,,,,,,,,
LN0045755,2024-02,,,,,,,,,,,,,
LN0045762,2025-03,,,,,,,,,,,,,
LN0045776,2023-03,,,,,,,,,,,,,
LN0045800,2024-08,,,,,,,,,,,,,
LN0045827,2024-07,,,,,,,,,,,,,
LN0045845,2025-01,,,,,,,,,,,,,
LN0045854,2024-06,,,,,,,,,,,,,
LN0045872,2023-10,,,,,,,,,,,,,
LN0045875,2025-01,,,,,,,,,,,,,
LN0045878,2023-05,,,,,,,,,,,,,
LN0045902,2025-02,,,,,,,,,,,,,
LN0045909,2024-04,,,,,,,,,,,,,
LN0045951,2025-09,,,,,,,,,,,,,
LN0045962,2025-12,,,,,,,,,,,,,
LN0045966,2023-06,,,,,,,,,,,,,
LN0045969,2024-05,,,,,,,,,,,,,
LN0045976,2025-07,,,,,,,,,,,,,
LN0045982,2023-05,,,,,,,,,,,,,
LN0045983,2025-01,,,,,,,,,,,,,
LN0045986,2024-10,,,,,,,,,,,,,
LN0046032,2025-05,,,,,,,,,,,,,
LN0046037,2024-06,,,,,,,,,,,,,
LN0046046,2023-12,,,,,,,,,,,,,
LN0046049,2023-07,,,,,,,,,,,,,
LN0046051,2024-01,,,,,,,,,,,,,
LN0046052,2024-08,,,,,,,,,,,,,
LN0046067,2023-03,,,,,,,,,,,,,
LN0046109,2024-11,,,,,,,,,,,,,
LN0046127,2023-06,,,,,,,,,,,,,
LN0046143,2024-03,,,,,,,,,,,,,
LN0046202,2024-07,,,,,,,,,,,,,
LN0046241,2024-07,,,,,,,,,,,,,
LN0046244,2024-07,,,,,,,,,,,,,
LN0046266,2025-02,,,,,,,,,,,,,
LN0046271,2023-07,,,,,,,,,,,,,
LN0046276,2023-03,,,,,,,,,,,,,
LN0046287,2024-05,,,,,,,,,,,,,
LN0046291,2024-01,,,,,,,,,,,,,
LN0046294,2023-08,,,,,,,,,,,,,
LN0046299,2024-09,,,,,,,,,,,,,
LN0046307,2023-03,,,,,,,,,,,,,
LN0046315,2026-02,,,,,,,,,,,,,
LN0046330,2025-07,,,,,,,,,,,,,
LN0046331,2025-04,,,,,,,,,,,,,
LN0046348,2024-05,,,,,,,,,,,,,
LN0046362,2024-05,,,,,,,,,,,,,
LN0046370,2025-03,,,,,,,,,,,,,
LN0046383,2023-04,,,,,,,,,,,,,
LN0046385,2025-07,,,,,,,,,,,,,
LN0046386,2024-04,,,,,,,,,,,,,
LN0046403,2023-05,,,,,,,,,,,,,
LN0046405,2023-11,,,,,,,,,,,,,
LN0046455,2024-08,,,,,,,,,,,,,
LN0046463,2025-09,,,,,,,,,,,,,
LN0046469,2023-04,,,,,,,,,,,,,
LN0046478,2024-01,,,,,,,,,,,,,
LN0046483,2025-03,,,,,,,,,,,,,
LN0046484,2023-07,,,,,,,,,,,,,
LN0046486,2023-08,,,,,,,,,,,,,
LN0046495,2022-11,,,,,,,,,,,,,
LN0046520,2022-10,,,,,,,,,,,,,
LN0046521,2022-10,,,,,,,,,,,,,
LN0046534,2025-02,,,,,,,,,,,,,
LN0046548,2025-01,,,,,,,,,,,,,
LN0046554,2025-01,,,,,,,,,,,,,
LN0046571,2025-05,,,,,,,,,,,,,
LN0046587,2024-08,,,,,,,,,,,,,
LN0046593,2025-06,,,,,,,,,,,,,
LN0046596,2026-01,,,,,,,,,,,,,
LN0046608,2024-09,,,,,,,,,,,,,
LN0046615,2024-07,,,,,,,,,,,,,
LN0046619,2024-06,,,,,,,,,,,,,
LN0046627,2025-10,,,,,,,,,,,,,
LN0046645,2024-08,,,,,,,,,,,,,
LN0046685,2024-01,,,,,,,,,,,,,
LN0046702,2025-12,,,,,,,,,,,,,
LN0046748,2024-07,,,,,,,,,,,,,
LN0046755,2025-04,,,,,,,,,,,,,
LN0046776,2024-07,,,,,,,,,,,,,
LN0046781,2023-05,,,,,,,,,,,,,
LN0046786,2023-10,,,,,,,,,,,,,
LN0046815,2025-04,,,,,,,,,,,,,
LN0046823,2023-11,,,,,,,,,,,,,
LN0046839,2024-12,,,,,,,,,,,,,
LN0046843,2024-02,,,,,,,,,,,,,
LN0046854,2024-05,,,,,,,,,,,,,
LN0046886,2023-05,,,,,,,,,,,,,
LN0046892,2024-02,,,,,,,,,,,,,
LN0046903,2024-11,,,,,,,,,,,,,
LN0046920,2024-02,,,,,,,,,,,,,
LN0046936,2025-04,,,,,,,,,,,,,
LN0046945,2025-06,,,,,,,,,,,,,
LN0046954,2023-08,,,,,,,,,,,,,
LN0046956,2024-04,,,,,,,,,,,,,
LN0046991,2023-07,,,,,,,,,,,,,
LN0047005,2023-12,,,,,,,,,,,,,
LN0047009,2025-10,,,,,,,,,,,,,
LN0047018,2025-03,,,,,,,,,,,,,
LN0047020,2025-09,,,,,,,,,,,,,
LN0047033,2024-01,,,,,,,,,,,,,
LN0047034,2025-03,,,,,,,,,,,,,
LN0047046,2024-07,,,,,,,,,,,,,
LN0047055,2023-08,,,,,,,,,,,,,
LN0047122,2023-07,,,,,,,,,,,,,
LN0047123,2024-03,,,,,,,,,,,,,
LN0047125,2023-05,,,,,,,,,,,,,
LN0047153,2025-02,,,,,,,,,,,,,
LN0047168,2024-07,,,,,,,,,,,,,
LN0047178,2025-03,,,,,,,,,,,,,
LN0047182,2024-08,,,,,,,,,,,,,
LN0047204,2023-12,,,,,,,,,,,,,
LN0047223,2024-10,,,,,,,,,,,,,
LN0047239,2025-03,,,,,,,,,,,,,
LN0047249,2024-04,,,,,,,,,,,,,
LN0047257,2025-02,,,,,,,,,,,,,
LN0047265,2024-04,,,,,,,,,,,,,
LN0047290,2025-06,,,,,,,,,,,,,
LN0047292,2022-11,,,,,,,,,,,,,
LN0047298,2025-07,,,,,,,,,,,,,
LN0047300,2024-12,,,,,,,,,,,,,
LN0047305,2024-05,,,,,,,,,,,,,
LN0047348,2022-11,,,,,,,,,,,,,
LN0047357,2024-02,,,,,,,,,,,,,
LN0047370,2025-03,,,,,,,,,,,,,
LN0047372,2023-08,,,,,,,,,,,,,
LN0047380,2024-06,,,,,,,,,,,,,
LN0047383,2024-12,,,,,,,,,,,,,
LN0047437,2022-07,,,,,,,,,,,,,
LN0047441,2024-05,,,,,,,,,,,,,
LN0047462,2025-01,,,,,,,,,,,,,
LN0047485,2024-04,,,,,,,,,,,,,
LN0047494,2022-11,,,,,,,,,,,,,
LN0047497,2024-09,,,,,,,,,,,,,
LN0047498,2024-06,,,,,,,,,,,,,
LN0047502,2025-02,,,,,,,,,,,,,
LN0047542,2023-12,,,,,,,,,,,,,
LN0047547,2025-02,,,,,,,,,,,,,
LN0047560,2024-06,,,,,,,,,,,,,
LN0047571,2025-09,,,,,,,,,,,,,
LN0047581,2024-06,,,,,,,,,,,,,
LN0047582,2023-05,,,,,,,,,,,,,
LN0047589,2022-11,,,,,,,,,,,,,
LN0047617,2025-01,,,,,,,,,,,,,
LN0047619,2023-11,,,,,,,,,,,,,
LN0047647,2023-08,,,,,,,,,,,,,
LN0047667,2024-04,,,,,,,,,,,,,
LN0047668,2022-09,,,,,,,,,,,,,
LN0047689,2025-12,,,,,,,,,,,,,
LN0047700,2024-07,,,,,,,,,,,,,
LN0047703,2025-04,,,,,,,,,,,,,
LN0047704,2023-04,,,,,,,,,,,,,
LN0047730,2024-03,,,,,,,,,,,,,
LN0047753,2024-05,,,,,,,,,,,,,
LN0047778,2024-12,,,,,,,,,,,,,
LN0047788,2023-12,,,,,,,,,,,,,
LN0047808,2024-03,,,,,,,,,,,,,
LN0047811,2023-09,,,,,,,,,,,,,
LN0047821,2023-07,,,,,,,,,,,,,
LN0047825,2025-01,,,,,,,,,,,,,
LN0047832,2025-03,,,,,,,,,,,,,
LN0047852,2025-03,,,,,,,,,,,,,
LN0047922,2024-09,,,,,,,,,,,,,
LN0047948,2023-10,,,,,,,,,,,,,
LN0047953,2024-02,,,,,,,,,,,,,
LN0047960,2023-07,,,,,,,,,,,,,
LN0047968,2025-01,,,,,,,,,,,,,
LN0047974,2024-05,,,,,,,,,,,,,
LN0048000,2022-12,,,,,,,,,,,,,
LN0048003,2024-05,,,,,,,,,,,,,
LN0048017,2023-11,,,,,,,,,,,,,
LN0048022,2024-12,,,,,,,,,,,,,
LN0048059,2025-08,,,,,,,,,,,,,
LN0048097,2023-12,,,,,,,,,,,,,
LN0048111,2024-04,,,,,,,,,,,,,
LN0048112,2023-07,,,,,,,,,,,,,
LN0048128,2024-09,,,,,,,,,,,,,
LN0048134,2024-05,,,,,,,,,,,,,
LN0048139,2025-07,,,,,,,,,,,,,
LN0048177,2024-02,,,,,,,,,,,,,
LN0048206,2026-05,,,,,,,,,,,,,
LN0048208,2023-05,,,,,,,,,,,,,
LN0048226,2024-04,,,,,,,,,,,,,
LN0048239,2023-09,,,,,,,,,,,,,
LN0048247,2023-04,,,,,,,,,,,,,
LN0048261,2023-05,,,,,,,,,,,,,
LN0048276,2025-01,,,,,,,,,,,,,
LN0048277,2023-04,,,,,,,,,,,,,
LN0048294,2025-11,,,,,,,,,,,,,
LN0048305,2023-01,,,,,,,,,,,,,
LN0048311,2023-10,,,,,,,,,,,,,
LN0048333,2023-06,,,,,,,,,,,,,
LN0048355,2023-12,,,,,,,,,,,,,
LN0048373,2023-10,,,,,,,,,,,,,
LN0048377,2026-05,,,,,,,,,,,,,
LN0048388,2024-09,,,,,,,,,,,,,
LN0048424,2024-02,,,,,,,,,,,,,
LN0048441,2024-02,,,,,,,,,,,,,
LN0048465,2023-08,,,,,,,,,,,,,
LN0048469,2024-06,,,,,,,,,,,,,
LN0048472,2023-09,,,,,,,,,,,,,
LN0048485,2023-07,,,,,,,,,,,,,
LN0048494,2022-02,,,,,,,,,,,,,
LN0048504,2023-04,,,,,,,,,,,,,
LN0048512,2023-10,,,,,,,,,,,,,
LN0048530,2023-09,,,,,,,,,,,,,
LN0048538,2024-07,,,,,,,,,,,,,
LN0048563,2023-03,,,,,,,,,,,,,
LN0048568,2023-02,,,,,,,,,,,,,
LN0048588,2024-12,,,,,,,,,,,,,
LN0048599,2025-07,,,,,,,,,,,,,
LN0048600,2025-01,,,,,,,,,,,,,
LN0048631,2023-10,,,,,,,,,,,,,
LN0048633,2024-06,,,,,,,,,,,,,
LN0048647,2024-12,,,,,,,,,,,,,
LN0048678,2026-04,,,,,,,,,,,,,
LN0048680,2024-09,,,,,,,,,,,,,
LN0048712,2024-11,,,,,,,,,,,,,
LN0048714,2025-01,,,,,,,,,,,,,
LN0048715,2023-01,,,,,,,,,,,,,
LN0048726,2024-10,,,,,,,,,,,,,
LN0048732,2022-09,,,,,,,,,,,,,
LN0048774,2022-11,,,,,,,,,,,,,
LN0048800,2023-06,,,,,,,,,,,,,
LN0048820,2024-05,,,,,,,,,,,,,
LN0048828,2024-12,,,,,,,,,,,,,
LN0048847,2023-08,,,,,,,,,,,,,
LN0048868,2024-09,,,,,,,,,,,,,
LN0048873,2024-07,,,,,,,,,,,,,
LN0048887,2023-08,,,,,,,,,,,,,
LN0048895,2023-10,,,,,,,,,,,,,
LN0048896,2022-03,,,,,,,,,,,,,
LN0048908,2022-11,,,,,,,,,,,,,
LN0048937,2024-06,,,,,,,,,,,,,
LN0048945,2025-08,,,,,,,,,,,,,
LN0048948,2026-01,,,,,,,,,,,,,
LN0048951,2024-08,,,,,,,,,,,,,
LN0048956,2024-01,,,,,,,,,,,,,
LN0048967,2025-04,,,,,,,,,,,,,
LN0048973,2024-06,,,,,,,,,,,,,
LN0048992,2024-02,,,,,,,,,,,,,
LN0049001,2023-01,,,,,,,,,,,,,
LN0049010,2024-02,,,,,,,,,,,,,
LN0049015,2024-06,,,,,,,,,,,,,
LN0049025,2025-09,,,,,,,,,,,,,
LN0049027,2025-05,,,,,,,,,,,,,
LN0049047,2025-07,,,,,,,,,,,,,
LN0049048,2024-09,,,,,,,,,,,,,
LN0049061,2024-06,,,,,,,,,,,,,
LN0049067,2023-12,,,,,,,,,,,,,
LN0049077,2024-02,,,,,,,,,,,,,
LN0049078,2023-12,,,,,,,,,,,,,
LN0049088,2025-12,,,,,,,,,,,,,
LN0049099,2024-07,,,,,,,,,,,,,
LN0049119,2023-05,,,,,,,,,,,,,
LN0049122,2024-09,,,,,,,,,,,,,
LN0049123,2024-10,,,,,,,,,,,,,
LN0049139,2024-10,,,,,,,,,,,,,
LN0049141,2023-07,,,,,,,,,,,,,
LN0049143,2023-10,,,,,,,,,,,,,
LN0049167,2025-05,,,,,,,,,,,,,
LN0049170,2025-02,,,,,,,,,,,,,
LN0049174,2025-05,,,,,,,,,,,,,
LN0049176,2024-11,,,,,,,,,,,,,
LN0049185,2023-07,,,,,,,,,,,,,
LN0049188,2025-06,,,,,,,,,,,,,
LN0049221,2023-03,,,,,,,,,,,,,
LN0049228,2024-07,,,,,,,,,,,,,
LN0049248,2023-07,,,,,,,,,,,,,
LN0049271,2025-09,,,,,,,,,,,,,
LN0049279,2025-12,,,,,,,,,,,,,
LN0049309,2025-05,,,,,,,,,,,,,
LN0049331,2024-09,,,,,,,,,,,,,
LN0049357,2024-12,,,,,,,,,,,,,
LN0049372,2024-07,,,,,,,,,,,,,
LN0049384,2025-03,,,,,,,,,,,,,
LN0049395,2025-07,,,,,,,,,,,,,
LN0049441,2024-05,,,,,,,,,,,,,
LN0049462,2024-12,,,,,,,,,,,,,
LN0049465,2024-05,,,,,,,,,,,,,
LN0049470,2024-02,,,,,,,,,,,,,
LN0049473,2025-11,,,,,,,,,,,,,
LN0049508,2025-03,,,,,,,,,,,,,
LN0049521,2024-12,,,,,,,,,,,,,
LN0049530,2023-07,,,,,,,,,,,,,
LN0049552,2024-04,,,,,,,,,,,,,
LN0049570,2024-06,,,,,,,,,,,,,
LN0049572,2022-11,,,,,,,,,,,,,
LN0049602,2025-03,,,,,,,,,,,,,
LN0049603,2023-08,,,,,,,,,,,,,
LN0049613,2026-01,,,,,,,,,,,,,
LN0049622,2025-03,,,,,,,,,,,,,
LN0049636,2024-08,,,,,,,,,,,,,
LN0049644,2025-05,,,,,,,,,,,,,
LN0049646,2024-05,,,,,,,,,,,,,
LN0049648,2023-11,,,,,,,,,,,,,
LN0049672,2025-05,,,,,,,,,,,,,
LN0049704,2023-07,,,,,,,,,,,,,
LN0049715,2026-02,,,,,,,,,,,,,
LN0049740,2025-05,,,,,,,,,,,,,
LN0049759,2025-08,,,,,,,,,,,,,
LN0049765,2023-05,,,,,,,,,,,,,
LN0049768,2024-12,,,,,,,,,,,,,
LN0049780,2023-12,,,,,,,,,,,,,
LN0049781,2025-03,,,,,,,,,,,,,
LN0049782,2024-01,,,,,,,,,,,,,
LN0049787,2024-02,,,,,,,,,,,,,
LN0049794,2022-12,,,,,,,,,,,,,
LN0049825,2024-12,,,,,,,,,,,,,
LN0049841,2023-08,,,,,,,,,,,,,
LN0049856,2023-07,,,,,,,,,,,,,
LN0049869,2025-12,,,,,,,,,,,,,
LN0049885,2023-01,,,,,,,,,,,,,
LN0049892,2022-11,,,,,,,,,,,,,
LN0049896,2023-07,,,,,,,,,,,,,
LN0049911,2025-06,,,,,,,,,,,,,
LN0049917,2025-04,,,,,,,,,,,,,
LN0049921,2026-02,,,,,,,,,,,,,
LN0049927,2024-05,,,,,,,,,,,,,
LN0049964,2025-02,,,,,,,,,,,,,
LN0049993,2025-05,,,,,,,,,,,,,
