loan_id,reporting_month,prob_next_3m_delinquency,prob_next_6m_delinquency,prob_next_12m_default,prob_next_12m_prepayment,next_state,exception_required,exception_type,anomaly_score,top_driver_1,top_driver_2,top_driver_3,recommended_action,confidence
LN0000025,2023-08,0.0223,0.0571,0.0535,0.0495,Current,0,None,0.1424,interest_rate_imputed,balance_change_1m_pct,balance_to_orig_ratio,Standard Portfolio Surveillance,0.893
LN0000036,2023-08,0.014,0.026,0.0342,0.0495,Current,0,None,0.3029,credit_score_ordinal,interest_rate_imputed,balance_change_1m_pct,Standard Portfolio Surveillance,0.9315
LN0000053,2025-03,0.0038,0.0059,0.0081,0.0078,Default,1,Data Conflict,0.5236,balance_change_1m_pct,interest_rate_imputed,balance_to_orig_ratio,Audit & Data Quality Exception Review,0.9838
LN0000056,2024-02,0.0038,0.0059,0.0081,0.0078,Prepaid,0,None,0.6432,balance_change_1m_pct,balance_to_orig_ratio,credit_score_ordinal,Standard Portfolio Surveillance,0.9838
LN0000067,2024-01,0.0099,0.0179,0.0237,0.0495,Current,0,None,0.1759,credit_score_ordinal,balance_change_1m_pct,interest_rate_imputed,Standard Portfolio Surveillance,0.9525
LN0000113,2024-01,0.0561,0.1023,0.0847,0.0495,Current,0,None,0.23,credit_score_ordinal,interest_rate_imputed,balance_change_1m_pct,Standard Portfolio Surveillance,0.8305
LN0000122,2024-06,0.0099,0.0179,0.0237,0.0412,Current,0,None,0.2846,credit_score_ordinal,balance_to_orig_ratio,balance_change_1m_pct,Standard Portfolio Surveillance,0.9525
LN0000133,2023-08,0.014,0.026,0.0342,0.0495,Current,0,None,0.252,credit_score_ordinal,balance_change_1m_pct,interest_rate_imputed,Standard Portfolio Surveillance,0.9315
LN0000138,2025-01,0.0099,0.0179,0.0237,0.0412,Current,0,None,0.1736,interest_rate_imputed,balance_change_1m_pct,balance_to_orig_ratio,Standard Portfolio Surveillance,0.9525
LN0000146,2023-04,0.0175,0.0348,0.0374,0.0495,Current,0,None,0.2619,balance_change_1m_pct,interest_rate_imputed,balance_to_orig_ratio,Standard Portfolio Surveillance,0.9252
LN0000147,2023-09,0.014,0.026,0.0342,0.0412,Current,0,None,0.3949,balance_change_1m_pct,credit_score_ordinal,balance_to_orig_ratio,Standard Portfolio Surveillance,0.9315
LN0000189,2023-11,0.0345,0.048,0.0535,0.0412,Current,0,None,0.2817,credit_score_ordinal,interest_rate_imputed,balance_change_1m_pct,Standard Portfolio Surveillance,0.893
LN0000190,2023-05,0.0038,0.0059,0.0081,0.0078,Prepaid,0,None,0.583,balance_change_1m_pct,balance_to_orig_ratio,credit_score_ordinal,Standard Portfolio Surveillance,0.9838
LN0000195,2024-06,0.0223,0.048,0.0143,0.0235,Current,0,None,0.267,balance_change_1m_pct,interest_rate_imputed,balance_to_orig_ratio,Standard Portfolio Surveillance,0.9713
LN0000197,2023-10,0.0326,0.048,0.0535,0.0412,Current,0,None,0.3259,interest_rate_imputed,balance_change_1m_pct,balance_to_orig_ratio,Standard Portfolio Surveillance,0.893
LN0000198,2023-06,0.0099,0.0179,0.0237,0.0495,Current,0,None,0.1512,interest_rate_imputed,balance_change_1m_pct,balance_to_orig_ratio,Standard Portfolio Surveillance,0.9525
LN0000207,2023-11,0.014,0.026,0.0342,0.0495,Current,0,None,0.2196,credit_score_ordinal,balance_change_1m_pct,interest_rate_imputed,Standard Portfolio Surveillance,0.9315
LN0000215,2024-12,0.0345,0.048,0.0535,0.0412,Current,0,None,0.3986,balance_change_1m_pct,interest_rate_imputed,credit_score_ordinal,Standard Portfolio Surveillance,0.893
LN0000228,2025-01,0.02,0.0377,0.011,0.0101,Current,0,None,0.2343,credit_score_ordinal,interest_rate_imputed,balance_change_1m_pct,Standard Portfolio Surveillance,0.9781
LN0000238,2023-11,0.0223,0.048,0.0535,0.0412,Current,0,None,0.3113,credit_score_ordinal,interest_rate_imputed,balance_change_1m_pct,Standard Portfolio Surveillance,0.893
LN0000249,2024-06,0.0099,0.0179,0.0153,0.03,Current,0,None,0.3552,balance_change_1m_pct,credit_score_ordinal,interest_rate_imputed,Standard Portfolio Surveillance,0.9694
LN0000258,2023-06,0.014,0.026,0.0342,0.0495,Current,0,None,0.1487,interest_rate_imputed,balance_change_1m_pct,credit_score_ordinal,Standard Portfolio Surveillance,0.9315
LN0000262,2024-02,0.0038,0.0059,0.0081,0.0078,Default,0,None,0.6636,days_past_due,dpd_roll_max_6m,interest_rate_imputed,Audit & Data Quality Exception Review,0.9838
LN0000281,2023-02,0.0345,0.0571,0.0535,0.0495,30-59 DPD,0,None,0.2715,credit_score_ordinal,interest_rate_imputed,balance_change_1m_pct,Standard Portfolio Surveillance,0.893
LN0000308,2023-08,0.0038,0.0059,0.0081,0.0078,Default,1,Data Conflict,0.5575,days_past_due,dpd_roll_max_6m,credit_score_ordinal,Audit & Data Quality Exception Review,0.9838
LN0000329,2024-10,0.014,0.026,0.011,0.0235,Current,0,None,0.2905,credit_score_ordinal,interest_rate_imputed,balance_change_1m_pct,Standard Portfolio Surveillance,0.9781
LN0000351,2025-06,0.014,0.026,0.0153,0.03,Current,0,None,0.4778,balance_change_1m_pct,credit_score_ordinal,interest_rate_imputed,Standard Portfolio Surveillance,0.9694
LN0000362,2023-04,0.0403,0.0771,0.0614,0.0495,Current,0,None,0.0711,interest_rate_imputed,balance_change_1m_pct,balance_to_orig_ratio,Standard Portfolio Surveillance,0.8771
LN0000420,2023-09,0.0345,0.0571,0.0535,0.0355,Current,0,None,0.3816,dpd_roll_max_6m,interest_rate_imputed,balance_change_1m_pct,Standard Portfolio Surveillance,0.893
LN0000423,2023-06,0.0326,0.048,0.0535,0.0495,Current,0,None,0.1878,credit_score_ordinal,interest_rate_imputed,balance_change_1m_pct,Standard Portfolio Surveillance,0.893
LN0000456,2024-03,0.0321,0.0348,0.0374,0.0412,Current,0,None,0.2266,credit_score_ordinal,interest_rate_imputed,balance_change_1m_pct,Standard Portfolio Surveillance,0.9252
LN0000460,2024-06,0.0038,0.0059,0.0081,0.0078,Prepaid,0,None,0.5802,balance_change_1m_pct,balance_to_orig_ratio,interest_rate_imputed,Standard Portfolio Surveillance,0.9838
LN0000477,2024-07,0.0175,0.0348,0.0234,0.03,Current,0,None,0.537,interest_rate_imputed,credit_score_ordinal,balance_change_1m_pct,Standard Portfolio Surveillance,0.9531
LN0000493,2024-02,0.02,0.0377,0.0237,0.0412,Current,0,None,0.2035,credit_score_ordinal,interest_rate_imputed,balance_change_1m_pct,Standard Portfolio Surveillance,0.9525
LN0000501,2024-09,0.0345,0.048,0.0535,0.0495,Current,0,None,0.1856,interest_rate_imputed,balance_change_1m_pct,balance_to_orig_ratio,Standard Portfolio Surveillance,0.893
LN0000520,2023-12,0.0099,0.0179,0.0237,0.0495,30-59 DPD,0,None,0.2031,credit_score_ordinal,balance_change_1m_pct,interest_rate_imputed,Standard Portfolio Surveillance,0.9525
LN0000550,2023-01,0.0038,0.0059,0.0081,0.0078,Default,1,Data Conflict,0.3143,balance_change_1m_pct,interest_rate_imputed,balance_to_orig_ratio,Audit & Data Quality Exception Review,0.9838
LN0000557,2025-03,0.6989,0.6621,0.2064,0.0083,60-89 DPD,0,None,0.2901,credit_score_ordinal,interest_rate_imputed,balance_change_1m_pct,Active Credit Workout & Pre-Foreclosure Outreach,0.6
LN0000587,2023-02,0.0175,0.0648,0.0374,0.0495,Current,0,None,0.3008,credit_score_ordinal,interest_rate_imputed,balance_change_1m_pct,Standard Portfolio Surveillance,0.9252
LN0000595,2024-01,0.0099,0.0179,0.0237,0.0495,Current,0,None,0.2509,credit_score_ordinal,interest_rate_imputed,balance_change_1m_pct,Standard Portfolio Surveillance,0.9525
LN0000600,2024-08,0.0345,0.048,0.0535,0.0412,Current,0,None,0.1303,interest_rate_imputed,balance_change_1m_pct,balance_to_orig_ratio,Standard Portfolio Surveillance,0.893
LN0000607,2024-04,0.0403,0.0771,0.0614,0.03,30-59 DPD,0,None,0.2429,credit_score_ordinal,interest_rate_imputed,balance_change_1m_pct,Standard Portfolio Surveillance,0.8771
LN0000608,2023-06,0.014,0.026,0.0342,0.0495,Current,0,None,0.2062,balance_change_1m_pct,interest_rate_imputed,balance_to_orig_ratio,Standard Portfolio Surveillance,0.9315
LN0000613,2024-07,0.0038,0.0059,0.0081,0.0078,Default,1,Data Conflict,0.5198,credit_score_ordinal,interest_rate_imputed,balance_change_1m_pct,Audit & Data Quality Exception Review,0.9838
LN0000624,2024-03,0.0175,0.0348,0.0234,0.03,Current,0,None,0.3811,balance_change_1m_pct,credit_score_ordinal,interest_rate_imputed,Standard Portfolio Surveillance,0.9531
LN0000632,2025-04,0.0273,0.0644,0.0261,0.0235,Current,0,None,0.1927,credit_score_ordinal,interest_rate_imputed,balance_to_orig_ratio,Standard Portfolio Surveillance,0.9479
LN0000634,2025-08,0.0223,0.0156,0.0143,0.0101,Current,0,None,0.2662,interest_rate_imputed,balance_change_1m_pct,balance_to_orig_ratio,Standard Portfolio Surveillance,0.9713
LN0000636,2026-01,0.6989,0.6621,0.2064,0.0083,60-89 DPD,0,None,0.7286,days_past_due,dpd_roll_max_6m,balance_change_1m_pct,Audit & Data Quality Exception Review,0.6
LN0000651,2025-05,0.0321,0.0648,0.0374,0.0412,Current,0,None,0.2689,credit_score_ordinal,interest_rate_imputed,balance_change_1m_pct,Standard Portfolio Surveillance,0.9252
LN0000663,2024-08,0.0038,0.0059,0.0081,0.0078,Prepaid,0,None,0.6199,balance_change_1m_pct,balance_to_orig_ratio,interest_rate_imputed,Standard Portfolio Surveillance,0.9838
LN0000669,2024-02,0.0175,0.0648,0.0374,0.0495,Current,0,None,0.185,credit_score_ordinal,interest_rate_imputed,balance_change_1m_pct,Standard Portfolio Surveillance,0.9252
LN0000700,2025-11,0.0038,0.0059,0.0081,0.0078,Prepaid,0,None,0.6157,balance_change_1m_pct,balance_to_orig_ratio,interest_rate_imputed,Standard Portfolio Surveillance,0.9838
LN0000701,2025-11,0.0223,0.0156,0.0143,0.0101,Current,0,None,0.3782,balance_change_1m_pct,interest_rate_imputed,balance_to_orig_ratio,Standard Portfolio Surveillance,0.9713
LN0000717,2025-08,0.0099,0.0179,0.0153,0.0235,Current,0,None,0.4069,credit_score_ordinal,balance_change_1m_pct,balance_to_orig_ratio,Standard Portfolio Surveillance,0.9694
LN0000719,2024-11,0.0326,0.048,0.0261,0.03,Current,0,None,0.5016,interest_rate_imputed,balance_change_1m_pct,credit_score_ordinal,Standard Portfolio Surveillance,0.9479
LN0000735,2024-09,0.0326,0.048,0.0535,0.0412,Current,0,None,0.3996,balance_to_orig_ratio,balance_change_1m_pct,days_past_due,Standard Portfolio Surveillance,0.893
LN0000738,2023-12,0.0099,0.0179,0.0237,0.0495,Current,0,None,0.1825,interest_rate_imputed,credit_score_ordinal,balance_change_1m_pct,Standard Portfolio Surveillance,0.9525
LN0000739,2024-03,0.02,0.0377,0.0153,0.03,Current,0,None,0.1727,credit_score_ordinal,interest_rate_imputed,balance_change_1m_pct,Standard Portfolio Surveillance,0.9694
LN0000769,2023-02,0.0099,0.0179,0.0237,0.0495,Current,0,None,0.2795,balance_change_1m_pct,credit_score_ordinal,interest_rate_imputed,Standard Portfolio Surveillance,0.9525
LN0000808,2023-03,0.0942,0.1674,0.0847,0.0495,30-59 DPD,0,None,0.2266,balance_change_1m_pct,credit_score_ordinal,interest_rate_imputed,Standard Portfolio Surveillance,0.8305
LN0000811,2023-08,0.0485,0.0887,0.0535,0.0495,Current,0,None,0.2321,credit_score_ordinal,balance_change_1m_pct,interest_rate_imputed,Standard Portfolio Surveillance,0.893
LN0000816,2024-07,0.0321,0.0648,0.0374,0.0412,Current,0,None,0.2591,credit_score_ordinal,interest_rate_imputed,balance_change_1m_pct,Standard Portfolio Surveillance,0.9252
LN0000818,2022-10,0.0345,0.0571,0.0535,0.0495,Current,0,None,0.1081,credit_score_ordinal,balance_change_1m_pct,interest_rate_imputed,Standard Portfolio Surveillance,0.893
LN0000835,2025-05,0.0038,0.0059,0.0081,0.0078,Default,0,None,0.6378,days_past_due,dpd_roll_max_6m,credit_score_ordinal,Standard Portfolio Surveillance,0.9838
LN0000839,2024-01,0.0099,0.0179,0.0237,0.0495,Current,0,None,0.313,credit_score_ordinal,interest_rate_imputed,balance_change_1m_pct,Standard Portfolio Surveillance,0.9525
LN0000862,2025-10,0.0038,0.0059,0.0081,0.0078,Default,1,Data Conflict,0.3363,credit_score_ordinal,interest_rate_imputed,balance_to_orig_ratio,Audit & Data Quality Exception Review,0.9838
LN0000898,2023-05,0.0345,0.048,0.0535,0.0495,Current,0,None,0.2103,credit_score_ordinal,interest_rate_imputed,balance_change_1m_pct,Standard Portfolio Surveillance,0.893
LN0000906,2022-08,0.0038,0.0059,0.0081,0.0078,Default,1,Data Conflict,0.3155,credit_score_ordinal,interest_rate_imputed,balance_change_1m_pct,Audit & Data Quality Exception Review,0.9838
LN0000946,2024-03,0.0942,0.1674,0.0847,0.0495,30-59 DPD,0,None,0.3632,balance_change_1m_pct,interest_rate_imputed,balance_to_orig_ratio,Standard Portfolio Surveillance,0.8305
LN0000951,2025-10,0.0345,0.048,0.0143,0.0235,Current,0,None,0.216,interest_rate_imputed,balance_change_1m_pct,balance_to_orig_ratio,Standard Portfolio Surveillance,0.9713
LN0000955,2025-12,0.014,0.026,0.011,0.0101,Current,0,None,0.3141,interest_rate_imputed,balance_change_1m_pct,credit_score_ordinal,Standard Portfolio Surveillance,0.9781
LN0000970,2025-11,0.0099,0.0179,0.011,0.0101,Current,0,None,0.284,credit_score_ordinal,balance_change_1m_pct,interest_rate_imputed,Standard Portfolio Surveillance,0.9781
LN0000979,2025-05,0.0273,0.0644,0.0143,0.0235,Current,0,None,0.3746,credit_score_ordinal,interest_rate_imputed,balance_change_1m_pct,Standard Portfolio Surveillance,0.9713
LN0000997,2024-07,0.014,0.026,0.0342,0.0412,Current,0,None,0.1548,credit_score_ordinal,interest_rate_imputed,balance_change_1m_pct,Standard Portfolio Surveillance,0.9315
LN0001009,2024-05,0.02,0.0377,0.0153,0.0235,Prepaid,0,None,0.2981,credit_score_ordinal,interest_rate_imputed,balance_change_1m_pct,Standard Portfolio Surveillance,0.9694
LN0001028,2023-02,0.0099,0.0179,0.0237,0.0495,Current,0,None,0.1306,interest_rate_imputed,balance_change_1m_pct,balance_to_orig_ratio,Standard Portfolio Surveillance,0.9525
LN0001045,2024-07,0.6989,0.6621,0.2999,0.0172,30-59 DPD,0,None,0.4555,balance_change_1m_pct,interest_rate_imputed,credit_score_ordinal,Active Credit Workout & Pre-Foreclosure Outreach,0.6
LN0001055,2024-06,0.014,0.026,0.011,0.0235,Current,0,None,0.2546,interest_rate_imputed,credit_score_ordinal,balance_change_1m_pct,Standard Portfolio Surveillance,0.9781
LN0001101,2023-05,0.0561,0.1023,0.0847,0.0495,30-59 DPD,0,None,0.3367,credit_score_ordinal,balance_change_1m_pct,interest_rate_imputed,Standard Portfolio Surveillance,0.8305
LN0001103,2024-07,0.0942,0.0644,0.0847,0.0412,30-59 DPD,0,None,0.3679,credit_score_ordinal,interest_rate_imputed,balance_change_1m_pct,Standard Portfolio Surveillance,0.8305
LN0001142,2023-11,0.0099,0.0179,0.0237,0.0412,Current,0,None,0.1952,interest_rate_imputed,credit_score_ordinal,balance_change_1m_pct,Standard Portfolio Surveillance,0.9525
LN0001157,2024-06,0.0223,0.048,0.0535,0.0412,Current,0,None,0.3413,credit_score_ordinal,interest_rate_imputed,balance_change_1m_pct,Standard Portfolio Surveillance,0.893
LN0001194,2025-01,0.0687,0.0644,0.0261,0.0235,Current,0,None,0.1824,interest_rate_imputed,balance_to_orig_ratio,balance_change_1m_pct,Standard Portfolio Surveillance,0.9479
LN0001196,2024-05,0.0223,0.048,0.0535,0.0412,Current,0,None,0.1966,balance_change_1m_pct,interest_rate_imputed,balance_to_orig_ratio,Standard Portfolio Surveillance,0.893
LN0001197,2025-03,0.014,0.026,0.011,0.0235,Current,0,None,0.3605,credit_score_ordinal,interest_rate_imputed,balance_to_orig_ratio,Standard Portfolio Surveillance,0.9781
LN0001206,2024-05,0.0099,0.0179,0.0153,0.0235,Current,0,None,0.2468,interest_rate_imputed,balance_change_1m_pct,balance_to_orig_ratio,Standard Portfolio Surveillance,0.9694
LN0001212,2023-01,0.0485,0.0887,0.0535,0.0495,Current,0,None,0.2869,balance_change_1m_pct,interest_rate_imputed,balance_to_orig_ratio,Standard Portfolio Surveillance,0.893
LN0001225,2024-09,0.014,0.026,0.0245,0.0235,Current,0,None,0.2119,interest_rate_imputed,balance_to_orig_ratio,balance_change_1m_pct,Standard Portfolio Surveillance,0.9509
LN0001237,2023-08,0.0561,0.1023,0.0847,0.0495,30-59 DPD,0,None,0.1745,credit_score_ordinal,interest_rate_imputed,balance_change_1m_pct,Standard Portfolio Surveillance,0.8305
LN0001252,2023-11,0.0223,0.048,0.0535,0.0412,Current,0,None,0.1518,interest_rate_imputed,balance_change_1m_pct,balance_to_orig_ratio,Standard Portfolio Surveillance,0.893
LN0001272,2024-06,0.0345,0.048,0.0535,0.0495,Current,0,None,0.1412,credit_score_ordinal,interest_rate_imputed,balance_change_1m_pct,Standard Portfolio Surveillance,0.893
LN0001275,2025-01,0.0326,0.0156,0.0143,0.0101,Current,0,None,0.4158,credit_score_ordinal,balance_change_1m_pct,interest_rate_imputed,Standard Portfolio Surveillance,0.9713
LN0001290,2023-10,0.0038,0.0059,0.0081,0.0078,Prepaid,0,None,0.6348,balance_change_1m_pct,balance_to_orig_ratio,interest_rate_imputed,Standard Portfolio Surveillance,0.9838
LN0001324,2023-04,0.0223,0.0571,0.0535,0.0495,Current,0,None,0.1027,interest_rate_imputed,balance_change_1m_pct,balance_to_orig_ratio,Standard Portfolio Surveillance,0.893
LN0001356,2024-11,0.0038,0.0059,0.0081,0.0078,Prepaid,0,None,0.6185,balance_change_1m_pct,balance_to_orig_ratio,interest_rate_imputed,Standard Portfolio Surveillance,0.9838
LN0001377,2022-04,0.0038,0.0059,0.0081,0.0078,Default,1,Data Conflict,0.3337,credit_score_ordinal,interest_rate_imputed,balance_change_1m_pct,Audit & Data Quality Exception Review,0.9838
LN0001392,2023-05,0.0038,0.0059,0.0081,0.0078,Prepaid,0,None,0.6105,balance_change_1m_pct,balance_to_orig_ratio,credit_score_ordinal,Standard Portfolio Surveillance,0.9838
LN0001413,2024-12,0.0183,0.0309,0.0234,0.03,Current,0,None,0.3898,balance_change_1m_pct,credit_score_ordinal,interest_rate_imputed,Standard Portfolio Surveillance,0.9531
LN0001430,2023-11,0.0038,0.0059,0.0081,0.0078,Prepaid,0,None,0.6493,balance_change_1m_pct,balance_to_orig_ratio,interest_rate_imputed,Standard Portfolio Surveillance,0.9838
LN0001435,2025-08,0.0183,0.0309,0.0234,0.0235,Current,0,None,0.286,credit_score_ordinal,interest_rate_imputed,balance_change_1m_pct,Standard Portfolio Surveillance,0.9531
LN0001437,2022-04,0.0038,0.0059,0.0081,0.0078,Prepaid,0,None,0.5394,balance_to_orig_ratio,balance_change_1m_pct,credit_score_ordinal,Standard Portfolio Surveillance,0.9838
LN0001444,2023-12,0.0273,0.0644,0.0847,0.0412,Current,0,None,0.1576,interest_rate_imputed,balance_change_1m_pct,balance_to_orig_ratio,Standard Portfolio Surveillance,0.8305
LN0001479,2025-09,0.014,0.026,0.011,0.0235,Current,0,None,0.2775,credit_score_ordinal,interest_rate_imputed,balance_to_orig_ratio,Standard Portfolio Surveillance,0.9781
LN0001511,2024-04,0.02,0.0377,0.0237,0.0412,Current,0,None,0.302,credit_score_ordinal,interest_rate_imputed,balance_change_1m_pct,Standard Portfolio Surveillance,0.9525
LN0001513,2024-04,0.0223,0.048,0.0535,0.0495,Current,0,None,0.1382,interest_rate_imputed,credit_score_ordinal,balance_change_1m_pct,Standard Portfolio Surveillance,0.893
LN0001521,2024-08,0.0175,0.0648,0.0374,0.0412,Current,0,None,0.4167,credit_score_ordinal,balance_to_orig_ratio,balance_change_1m_pct,Standard Portfolio Surveillance,0.9252
LN0001526,2024-07,0.0175,0.0348,0.0374,0.0495,Current,0,None,0.2038,interest_rate_imputed,balance_change_1m_pct,credit_score_ordinal,Standard Portfolio Surveillance,0.9252
LN0001565,2025-01,0.0038,0.0059,0.0081,0.0078,Prepaid,0,None,0.801,balance_change_1m_pct,balance_to_orig_ratio,interest_rate_imputed,Audit & Data Quality Exception Review,0.9838
LN0001588,2025-01,0.0038,0.0059,0.0081,0.0078,Default,1,Data Conflict,0.3723,interest_rate_imputed,credit_score_ordinal,balance_change_1m_pct,Audit & Data Quality Exception Review,0.9838
LN0001594,2023-07,0.0345,0.0571,0.0535,0.0495,Current,0,None,0.1626,balance_change_1m_pct,credit_score_ordinal,interest_rate_imputed,Standard Portfolio Surveillance,0.893
LN0001640,2024-11,0.0099,0.0179,0.0237,0.0412,Current,0,None,0.2433,credit_score_ordinal,interest_rate_imputed,balance_change_1m_pct,Standard Portfolio Surveillance,0.9525
LN0001642,2024-05,0.0223,0.0571,0.0535,0.0495,Current,0,None,0.1775,interest_rate_imputed,balance_change_1m_pct,balance_to_orig_ratio,Standard Portfolio Surveillance,0.893
LN0001681,2024-09,0.02,0.0377,0.0237,0.0177,Current,0,None,0.298,interest_rate_imputed,credit_score_ordinal,balance_change_1m_pct,Standard Portfolio Surveillance,0.9525
LN0001682,2024-10,0.0223,0.0156,0.0143,0.0101,Current,0,None,0.2632,interest_rate_imputed,balance_change_1m_pct,balance_to_orig_ratio,Standard Portfolio Surveillance,0.9713
LN0001687,2025-01,0.0223,0.048,0.0261,0.03,Current,0,None,0.2337,credit_score_ordinal,interest_rate_imputed,balance_change_1m_pct,Standard Portfolio Surveillance,0.9479
LN0001697,2023-11,0.0038,0.0059,0.0081,0.0078,Default,1,Data Conflict,0.6962,days_past_due,dpd_roll_max_6m,balance_change_1m_pct,Audit & Data Quality Exception Review,0.9838
LN0001700,2025-04,0.0273,0.0644,0.0261,0.03,Current,0,None,0.2229,credit_score_ordinal,interest_rate_imputed,balance_change_1m_pct,Standard Portfolio Surveillance,0.9479
LN0001729,2024-08,0.0326,0.048,0.0261,0.03,Current,0,None,0.2143,interest_rate_imputed,balance_change_1m_pct,balance_to_orig_ratio,Standard Portfolio Surveillance,0.9479
LN0001745,2024-01,0.0118,0.0213,0.0237,0.0495,Current,0,None,0.1567,interest_rate_imputed,balance_change_1m_pct,balance_to_orig_ratio,Standard Portfolio Surveillance,0.9525
LN0001754,2023-08,0.0942,0.1674,0.0847,0.0495,30-59 DPD,0,None,0.0865,credit_score_ordinal,interest_rate_imputed,balance_change_1m_pct,Standard Portfolio Surveillance,0.8305
LN0001766,2024-06,0.014,0.026,0.0342,0.0412,Current,0,None,0.2314,credit_score_ordinal,interest_rate_imputed,balance_change_1m_pct,Standard Portfolio Surveillance,0.9315
LN0001770,2024-10,0.0223,0.048,0.0535,0.0495,Current,0,None,0.1627,interest_rate_imputed,balance_change_1m_pct,balance_to_orig_ratio,Standard Portfolio Surveillance,0.893
LN0001772,2023-07,0.0403,0.0771,0.0614,0.0495,Current,0,None,0.1705,credit_score_ordinal,interest_rate_imputed,balance_change_1m_pct,Standard Portfolio Surveillance,0.8771
LN0001773,2025-03,0.02,0.0377,0.011,0.0235,Current,0,None,0.2367,credit_score_ordinal,interest_rate_imputed,balance_to_orig_ratio,Standard Portfolio Surveillance,0.9781
LN0001795,2025-01,0.02,0.0377,0.011,0.0101,Current,0,None,0.3664,balance_change_1m_pct,credit_score_ordinal,balance_to_orig_ratio,Standard Portfolio Surveillance,0.9781
LN0001811,2024-04,0.0175,0.0648,0.0374,0.0412,30-59 DPD,0,None,0.2593,credit_score_ordinal,interest_rate_imputed,balance_change_1m_pct,Standard Portfolio Surveillance,0.9252
LN0001842,2023-05,0.0099,0.0179,0.0237,0.0495,Current,0,None,0.1057,credit_score_ordinal,interest_rate_imputed,balance_change_1m_pct,Standard Portfolio Surveillance,0.9525
LN0001849,2024-08,0.0942,0.1674,0.0847,0.0495,Current,0,None,0.2473,balance_change_1m_pct,interest_rate_imputed,balance_to_orig_ratio,Standard Portfolio Surveillance,0.8305
LN0001855,2025-11,0.0099,0.0179,0.0222,0.0101,Current,0,None,0.5403,balance_change_1m_pct,credit_score_ordinal,interest_rate_imputed,Standard Portfolio Surveillance,0.9557
LN0001859,2025-09,0.0345,0.048,0.0143,0.0235,Current,0,None,0.2841,balance_change_1m_pct,interest_rate_imputed,balance_to_orig_ratio,Standard Portfolio Surveillance,0.9713
LN0001860,2025-04,0.014,0.026,0.011,0.0101,Current,0,None,0.1435,interest_rate_imputed,balance_change_1m_pct,balance_to_orig_ratio,Standard Portfolio Surveillance,0.9781
LN0001864,2023-07,0.0038,0.0059,0.0081,0.0078,Prepaid,0,None,0.6187,balance_change_1m_pct,balance_to_orig_ratio,credit_score_ordinal,Standard Portfolio Surveillance,0.9838
LN0001869,2025-05,0.0326,0.048,0.0261,0.03,Current,0,None,0.2196,credit_score_ordinal,interest_rate_imputed,balance_change_1m_pct,Standard Portfolio Surveillance,0.9479
LN0001884,2024-01,0.0485,0.0887,0.0535,0.0495,30-59 DPD,0,None,0.1487,credit_score_ordinal,interest_rate_imputed,balance_change_1m_pct,Standard Portfolio Surveillance,0.893
LN0001885,2022-03,0.0038,0.0059,0.0081,0.0078,Prepaid,0,None,0.5733,balance_change_1m_pct,balance_to_orig_ratio,interest_rate_imputed,Standard Portfolio Surveillance,0.9838
LN0001903,2023-08,0.0038,0.0059,0.0081,0.0078,Prepaid,0,None,0.5944,balance_change_1m_pct,balance_to_orig_ratio,credit_score_ordinal,Standard Portfolio Surveillance,0.9838
LN0001915,2023-03,0.0223,0.048,0.0535,0.0495,30-59 DPD,0,None,0.2765,credit_score_ordinal,interest_rate_imputed,balance_change_1m_pct,Standard Portfolio Surveillance,0.893
LN0001927,2023-11,0.0175,0.0348,0.0374,0.0412,Current,0,None,0.2541,interest_rate_imputed,balance_change_1m_pct,balance_to_orig_ratio,Standard Portfolio Surveillance,0.9252
LN0001949,2025-05,0.014,0.026,0.0245,0.0235,Current,0,None,0.4657,balance_change_1m_pct,credit_score_ordinal,interest_rate_imputed,Standard Portfolio Surveillance,0.9509
LN0001961,2023-04,0.0403,0.0771,0.0614,0.0495,Current,0,None,0.3078,balance_change_1m_pct,interest_rate_imputed,credit_score_ordinal,Standard Portfolio Surveillance,0.8771
LN0001983,2025-09,0.02,0.0377,0.0222,0.0147,Current,0,None,0.4293,balance_change_1m_pct,credit_score_ordinal,interest_rate_imputed,Standard Portfolio Surveillance,0.9557
LN0001992,2023-08,0.0403,0.0771,0.0614,0.0495,Current,0,None,0.1172,interest_rate_imputed,credit_score_ordinal,balance_change_1m_pct,Standard Portfolio Surveillance,0.8771
LN0002011,2023-12,0.02,0.0377,0.0342,0.0495,Current,0,None,0.1731,credit_score_ordinal,interest_rate_imputed,balance_change_1m_pct,Standard Portfolio Surveillance,0.9315
LN0002014,2023-03,0.0038,0.0059,0.0081,0.0078,Prepaid,0,None,0.5588,balance_change_1m_pct,balance_to_orig_ratio,interest_rate_imputed,Standard Portfolio Surveillance,0.9838
LN0002017,2024-09,0.0038,0.0059,0.0081,0.0078,Prepaid,0,None,0.7627,balance_change_1m_pct,balance_to_orig_ratio,credit_score_ordinal,Audit & Data Quality Exception Review,0.9838
LN0002018,2024-08,0.0326,0.048,0.0261,0.03,Prepaid,0,None,0.1797,credit_score_ordinal,balance_change_1m_pct,interest_rate_imputed,Standard Portfolio Surveillance,0.9479
LN0002022,2023-06,0.014,0.026,0.0342,0.0495,Current,0,None,0.1631,interest_rate_imputed,credit_score_ordinal,balance_change_1m_pct,Standard Portfolio Surveillance,0.9315
LN0002023,2024-02,0.0223,0.048,0.0535,0.0495,Current,0,None,0.1663,interest_rate_imputed,credit_score_ordinal,balance_change_1m_pct,Standard Portfolio Surveillance,0.893
LN0002039,2024-11,0.02,0.0377,0.0342,0.0412,Current,0,None,0.1715,credit_score_ordinal,interest_rate_imputed,balance_change_1m_pct,Standard Portfolio Surveillance,0.9315
LN0002048,2023-07,0.0223,0.0571,0.0535,0.0495,Current,0,None,0.1422,balance_change_1m_pct,credit_score_ordinal,interest_rate_imputed,Standard Portfolio Surveillance,0.893
LN0002060,2023-01,0.0099,0.0179,0.0237,0.0495,Current,0,None,0.1216,credit_score_ordinal,interest_rate_imputed,balance_change_1m_pct,Standard Portfolio Surveillance,0.9525
LN0002084,2025-06,0.0273,0.0644,0.0261,0.0235,Current,0,None,0.2569,credit_score_ordinal,interest_rate_imputed,balance_change_1m_pct,Standard Portfolio Surveillance,0.9479
LN0002085,2025-08,0.02,0.0377,0.011,0.0101,Current,0,None,0.2615,credit_score_ordinal,interest_rate_imputed,balance_change_1m_pct,Standard Portfolio Surveillance,0.9781
LN0002093,2024-09,0.0273,0.0644,0.0847,0.0412,Current,0,None,0.6633,dpd_roll_max_6m,balance_change_1m_pct,balance_to_orig_ratio,Audit & Data Quality Exception Review,0.8305
LN0002107,2023-10,0.0223,0.0571,0.0535,0.0495,Current,0,None,0.3808,balance_change_1m_pct,interest_rate_imputed,credit_score_ordinal,Standard Portfolio Surveillance,0.893
LN0002110,2024-07,0.0118,0.0213,0.0245,0.03,Current,0,None,0.1819,interest_rate_imputed,balance_change_1m_pct,balance_to_orig_ratio,Standard Portfolio Surveillance,0.9509
LN0002120,2025-02,0.0175,0.0648,0.0106,0.0101,Current,0,None,0.2741,credit_score_ordinal,interest_rate_imputed,balance_to_orig_ratio,Standard Portfolio Surveillance,0.9788
LN0002124,2023-11,0.02,0.0377,0.0342,0.0495,Current,0,None,0.1036,credit_score_ordinal,interest_rate_imputed,balance_change_1m_pct,Standard Portfolio Surveillance,0.9315
LN0002185,2025-03,0.0687,0.0644,0.0143,0.0235,Current,0,None,0.4445,balance_change_1m_pct,credit_score_ordinal,interest_rate_imputed,Standard Portfolio Surveillance,0.9713
LN0002211,2024-12,0.02,0.0377,0.011,0.0235,Current,0,None,0.2277,interest_rate_imputed,balance_change_1m_pct,balance_to_orig_ratio,Standard Portfolio Surveillance,0.9781
LN0002214,2024-01,0.0099,0.0179,0.0237,0.0495,Current,0,None,0.1549,interest_rate_imputed,balance_change_1m_pct,credit_score_ordinal,Standard Portfolio Surveillance,0.9525
LN0002239,2025-05,0.0183,0.0309,0.0106,0.0101,Current,0,None,0.3833,balance_change_1m_pct,credit_score_ordinal,interest_rate_imputed,Standard Portfolio Surveillance,0.9788
LN0002249,2024-12,0.0345,0.048,0.0261,0.03,Current,0,None,0.2936,credit_score_ordinal,interest_rate_imputed,balance_change_1m_pct,Standard Portfolio Surveillance,0.9479
LN0002255,2024-06,0.02,0.0377,0.0245,0.03,Current,0,None,0.3106,credit_score_ordinal,interest_rate_imputed,balance_to_orig_ratio,Standard Portfolio Surveillance,0.9509
LN0002270,2024-04,0.0561,0.1023,0.0847,0.0495,30-59 DPD,0,None,0.1523,credit_score_ordinal,balance_change_1m_pct,interest_rate_imputed,Standard Portfolio Surveillance,0.8305
LN0002317,2024-01,0.0175,0.0348,0.0374,0.0412,Current,0,None,0.1966,interest_rate_imputed,balance_change_1m_pct,balance_to_orig_ratio,Standard Portfolio Surveillance,0.9252
LN0002336,2023-09,0.0038,0.0059,0.0081,0.0078,Default,1,Data Conflict,0.4929,balance_change_1m_pct,credit_score_ordinal,interest_rate_imputed,Audit & Data Quality Exception Review,0.9838
LN0002360,2023-09,0.0099,0.0179,0.0237,0.0495,Current,0,None,0.082,credit_score_ordinal,balance_change_1m_pct,interest_rate_imputed,Standard Portfolio Surveillance,0.9525
LN0002366,2024-11,0.0183,0.0309,0.0234,0.0235,Current,0,None,0.2645,balance_change_1m_pct,interest_rate_imputed,balance_to_orig_ratio,Standard Portfolio Surveillance,0.9531
LN0002381,2024-06,0.0326,0.048,0.0535,0.0495,Current,0,None,0.3,balance_change_1m_pct,interest_rate_imputed,balance_to_orig_ratio,Standard Portfolio Surveillance,0.893
LN0002401,2022-12,0.0038,0.0059,0.0081,0.0078,Default,1,Data Conflict,0.525,credit_score_ordinal,balance_change_1m_pct,balance_to_orig_ratio,Audit & Data Quality Exception Review,0.9838
LN0002410,2026-05,0.0118,0.0213,0.011,0.0101,Current,0,None,0.2398,credit_score_ordinal,interest_rate_imputed,balance_to_orig_ratio,Standard Portfolio Surveillance,0.9781
LN0002411,2025-02,0.0038,0.0059,0.0081,0.0078,Default,1,Data Conflict,0.4857,dpd_roll_max_6m,credit_score_ordinal,balance_change_1m_pct,Audit & Data Quality Exception Review,0.9838
LN0002427,2024-05,0.0223,0.048,0.0535,0.0412,Current,0,None,0.5946,dpd_roll_max_6m,interest_rate_imputed,credit_score_ordinal,Standard Portfolio Surveillance,0.893
LN0002458,2024-06,0.0403,0.0771,0.0614,0.0495,Current,0,None,0.1264,credit_score_ordinal,interest_rate_imputed,balance_change_1m_pct,Standard Portfolio Surveillance,0.8771
LN0002463,2025-03,0.0223,0.0156,0.0143,0.0101,Current,0,None,0.3176,interest_rate_imputed,balance_to_orig_ratio,balance_change_1m_pct,Standard Portfolio Surveillance,0.9713
LN0002478,2024-05,0.0223,0.048,0.0535,0.0495,Current,0,None,0.1313,interest_rate_imputed,balance_change_1m_pct,balance_to_orig_ratio,Standard Portfolio Surveillance,0.893
LN0002527,2025-03,0.0175,0.0348,0.0374,0.0412,Current,0,None,0.3953,credit_score_ordinal,interest_rate_imputed,balance_change_1m_pct,Standard Portfolio Surveillance,0.9252
LN0002534,2025-11,0.02,0.0377,0.011,0.0147,Current,0,None,0.2097,credit_score_ordinal,balance_change_1m_pct,balance_to_orig_ratio,Standard Portfolio Surveillance,0.9781
LN0002538,2024-10,0.0403,0.0771,0.0614,0.03,Current,0,None,0.1824,interest_rate_imputed,balance_change_1m_pct,balance_to_orig_ratio,Standard Portfolio Surveillance,0.8771
LN0002562,2024-10,0.0038,0.0059,0.0081,0.0078,Default,1,Data Conflict,0.6566,days_past_due,dpd_roll_max_6m,interest_rate_imputed,Audit & Data Quality Exception Review,0.9838
LN0002604,2025-02,0.0273,0.0644,0.0847,0.0412,Current,0,None,0.122,credit_score_ordinal,interest_rate_imputed,balance_change_1m_pct,Standard Portfolio Surveillance,0.8305
LN0002607,2025-02,0.0273,0.0644,0.0847,0.0412,Current,0,None,0.3446,balance_change_1m_pct,credit_score_ordinal,interest_rate_imputed,Standard Portfolio Surveillance,0.8305
LN0002611,2024-07,0.0273,0.0644,0.0847,0.0412,30-59 DPD,0,None,0.3365,interest_rate_imputed,balance_change_1m_pct,credit_score_ordinal,Standard Portfolio Surveillance,0.8305
LN0002621,2024-04,0.0038,0.0059,0.0081,0.0078,Prepaid,0,None,0.7939,balance_change_1m_pct,balance_to_orig_ratio,credit_score_ordinal,Audit & Data Quality Exception Review,0.9838
LN0002633,2023-07,0.014,0.026,0.0342,0.0495,Current,0,None,0.2751,interest_rate_imputed,balance_change_1m_pct,balance_to_orig_ratio,Standard Portfolio Surveillance,0.9315
LN0002636,2024-10,0.0326,0.048,0.0535,0.0495,Current,0,None,0.2068,interest_rate_imputed,credit_score_ordinal,balance_change_1m_pct,Standard Portfolio Surveillance,0.893
LN0002641,2023-12,0.014,0.026,0.0342,0.0412,Current,0,None,0.153,credit_score_ordinal,interest_rate_imputed,balance_change_1m_pct,Standard Portfolio Surveillance,0.9315
LN0002645,2022-11,0.0038,0.0059,0.0081,0.0078,Default,1,Data Conflict,0.4811,balance_change_1m_pct,interest_rate_imputed,balance_to_orig_ratio,Audit & Data Quality Exception Review,0.9838
LN0002653,2023-02,0.0345,0.0571,0.0535,0.0495,Current,0,None,0.2306,balance_change_1m_pct,interest_rate_imputed,balance_to_orig_ratio,Standard Portfolio Surveillance,0.893
LN0002692,2024-06,0.0099,0.0179,0.011,0.0235,Current,0,None,0.2506,balance_change_1m_pct,interest_rate_imputed,balance_to_orig_ratio,Standard Portfolio Surveillance,0.9781
LN0002696,2025-08,0.0223,0.0156,0.0143,0.0147,Current,0,None,0.2382,credit_score_ordinal,interest_rate_imputed,balance_to_orig_ratio,Standard Portfolio Surveillance,0.9713
LN0002719,2024-07,0.014,0.026,0.0222,0.0235,Current,0,None,0.4579,balance_change_1m_pct,credit_score_ordinal,interest_rate_imputed,Standard Portfolio Surveillance,0.9557
LN0002720,2024-02,0.0038,0.0059,0.0081,0.0078,Default,1,Data Conflict,0.4145,balance_change_1m_pct,credit_score_ordinal,interest_rate_imputed,Audit & Data Quality Exception Review,0.9838
LN0002724,2025-02,0.014,0.026,0.0245,0.03,Current,0,None,0.2275,balance_change_1m_pct,interest_rate_imputed,credit_score_ordinal,Standard Portfolio Surveillance,0.9509
LN0002728,2025-01,0.0099,0.0179,0.011,0.0147,Current,0,None,0.4827,balance_change_1m_pct,credit_score_ordinal,interest_rate_imputed,Standard Portfolio Surveillance,0.9781
LN0002731,2023-11,0.014,0.026,0.0342,0.0495,Current,0,None,0.3296,balance_change_1m_pct,credit_score_ordinal,interest_rate_imputed,Standard Portfolio Surveillance,0.9315
LN0002743,2023-08,0.0942,0.1674,0.0847,0.0495,Current,0,None,0.2994,balance_change_1m_pct,balance_to_orig_ratio,interest_rate_imputed,Standard Portfolio Surveillance,0.8305
LN0002757,2023-12,0.0345,0.048,0.0535,0.0412,30-59 DPD,0,None,0.2319,credit_score_ordinal,interest_rate_imputed,balance_change_1m_pct,Standard Portfolio Surveillance,0.893
LN0002761,2024-02,0.014,0.026,0.0342,0.0495,Current,0,None,0.2297,credit_score_ordinal,balance_change_1m_pct,interest_rate_imputed,Standard Portfolio Surveillance,0.9315
LN0002769,2024-12,0.0038,0.0059,0.0081,0.0078,Default,1,Data Conflict,0.6695,days_past_due,dpd_roll_max_6m,credit_score_ordinal,Audit & Data Quality Exception Review,0.9838
LN0002786,2024-04,0.0118,0.0213,0.0153,0.03,Current,0,None,0.2188,credit_score_ordinal,interest_rate_imputed,balance_change_1m_pct,Standard Portfolio Surveillance,0.9694
LN0002808,2023-12,0.0038,0.0059,0.0081,0.0078,Prepaid,0,None,0.5613,balance_change_1m_pct,balance_to_orig_ratio,credit_score_ordinal,Standard Portfolio Surveillance,0.9838
LN0002819,2025-05,0.0099,0.0179,0.0153,0.03,Current,0,None,0.3853,balance_change_1m_pct,credit_score_ordinal,interest_rate_imputed,Standard Portfolio Surveillance,0.9694
LN0002822,2022-06,0.0038,0.0059,0.0081,0.0078,Default,1,Data Conflict,0.4233,balance_change_1m_pct,credit_score_ordinal,balance_to_orig_ratio,Audit & Data Quality Exception Review,0.9838
LN0002828,2022-12,0.0038,0.0059,0.0081,0.0078,Prepaid,0,None,0.5784,balance_change_1m_pct,balance_to_orig_ratio,interest_rate_imputed,Standard Portfolio Surveillance,0.9838
LN0002836,2024-08,0.0183,0.0309,0.0234,0.0235,Current,0,None,0.2663,credit_score_ordinal,interest_rate_imputed,balance_change_1m_pct,Standard Portfolio Surveillance,0.9531
LN0002860,2023-09,0.0485,0.0887,0.0535,0.0495,30-59 DPD,0,None,0.1623,credit_score_ordinal,interest_rate_imputed,balance_change_1m_pct,Standard Portfolio Surveillance,0.893
LN0002900,2023-07,0.0038,0.0059,0.0081,0.0078,Prepaid,0,None,0.6273,balance_change_1m_pct,balance_to_orig_ratio,credit_score_ordinal,Standard Portfolio Surveillance,0.9838
LN0002904,2023-11,0.014,0.026,0.0342,0.0495,Current,0,None,0.2005,credit_score_ordinal,interest_rate_imputed,balance_change_1m_pct,Standard Portfolio Surveillance,0.9315
LN0002927,2025-09,0.0326,0.0156,0.0143,0.0101,Current,0,None,0.3352,credit_score_ordinal,interest_rate_imputed,balance_change_1m_pct,Standard Portfolio Surveillance,0.9713
LN0002930,2025-10,0.0326,0.0156,0.0143,0.0101,Current,0,None,0.4152,dpd_roll_max_6m,credit_score_ordinal,balance_change_1m_pct,Standard Portfolio Surveillance,0.9713
LN0002933,2025-07,0.0175,0.0648,0.0106,0.0147,Current,0,None,0.4321,credit_score_ordinal,balance_change_1m_pct,balance_to_orig_ratio,Standard Portfolio Surveillance,0.9788
LN0002960,2024-05,0.0273,0.1023,0.0847,0.0495,Current,0,None,0.216,balance_change_1m_pct,interest_rate_imputed,balance_to_orig_ratio,Standard Portfolio Surveillance,0.8305
LN0003017,2025-10,0.0099,0.0179,0.011,0.0147,Current,0,None,0.4285,credit_score_ordinal,interest_rate_imputed,balance_change_1m_pct,Standard Portfolio Surveillance,0.9781
LN0003055,2025-08,0.0326,0.0156,0.0143,0.0147,Current,0,None,0.3099,interest_rate_imputed,balance_change_1m_pct,balance_to_orig_ratio,Standard Portfolio Surveillance,0.9713
LN0003057,2024-12,0.0223,0.0156,0.0143,0.0101,Current,0,None,0.3473,interest_rate_imputed,credit_score_ordinal,balance_change_1m_pct,Standard Portfolio Surveillance,0.9713
LN0003069,2023-09,0.014,0.026,0.0342,0.0495,Current,0,None,0.167,credit_score_ordinal,interest_rate_imputed,balance_change_1m_pct,Standard Portfolio Surveillance,0.9315
LN0003071,2025-01,0.0326,0.0156,0.0143,0.0101,Current,0,None,0.3898,credit_score_ordinal,interest_rate_imputed,balance_change_1m_pct,Standard Portfolio Surveillance,0.9713
LN0003072,2023-02,0.0942,0.1674,0.0847,0.0495,Current,0,None,0.1927,balance_change_1m_pct,interest_rate_imputed,balance_to_orig_ratio,Standard Portfolio Surveillance,0.8305
LN0003082,2022-12,0.0038,0.0059,0.0081,0.0078,Default,1,Data Conflict,0.5502,days_past_due,dpd_roll_max_6m,credit_score_ordinal,Audit & Data Quality Exception Review,0.9838
LN0003095,2024-04,0.0345,0.048,0.0261,0.03,Current,0,None,0.2537,dpd_roll_max_6m,interest_rate_imputed,balance_to_orig_ratio,Standard Portfolio Surveillance,0.9479
LN0003099,2025-02,0.0223,0.048,0.0535,0.0412,Current,0,None,0.1526,interest_rate_imputed,credit_score_ordinal,balance_change_1m_pct,Standard Portfolio Surveillance,0.893
LN0003144,2024-02,0.0403,0.0771,0.0614,0.0412,Current,0,None,0.2181,interest_rate_imputed,balance_change_1m_pct,balance_to_orig_ratio,Standard Portfolio Surveillance,0.8771
LN0003163,2024-03,0.02,0.0377,0.0245,0.03,Current,0,None,0.1696,interest_rate_imputed,balance_change_1m_pct,balance_to_orig_ratio,Standard Portfolio Surveillance,0.9509
LN0003166,2024-02,0.0223,0.0571,0.0535,0.0495,Current,0,None,0.1484,interest_rate_imputed,balance_change_1m_pct,balance_to_orig_ratio,Standard Portfolio Surveillance,0.893
LN0003170,2024-10,0.02,0.0377,0.0342,0.0412,Current,0,None,0.1383,credit_score_ordinal,interest_rate_imputed,balance_change_1m_pct,Standard Portfolio Surveillance,0.9315
LN0003177,2023-12,0.02,0.0377,0.0342,0.0495,Current,0,None,0.1656,credit_score_ordinal,interest_rate_imputed,balance_change_1m_pct,Standard Portfolio Surveillance,0.9315
LN0003202,2026-04,0.0118,0.0213,0.011,0.0101,Current,0,None,0.3492,interest_rate_imputed,credit_score_ordinal,balance_change_1m_pct,Standard Portfolio Surveillance,0.9781
LN0003203,2025-03,0.0183,0.0309,0.0106,0.0101,Current,0,None,0.307,credit_score_ordinal,balance_change_1m_pct,interest_rate_imputed,Standard Portfolio Surveillance,0.9788
LN0003205,2024-08,0.0223,0.048,0.0535,0.0412,Current,0,None,0.181,interest_rate_imputed,balance_change_1m_pct,credit_score_ordinal,Standard Portfolio Surveillance,0.893
LN0003214,2024-02,0.014,0.026,0.0342,0.0412,Current,0,None,0.3006,interest_rate_imputed,balance_change_1m_pct,credit_score_ordinal,Standard Portfolio Surveillance,0.9315
LN0003248,2025-08,0.0223,0.0156,0.0143,0.0101,Current,0,None,0.2252,credit_score_ordinal,balance_change_1m_pct,interest_rate_imputed,Standard Portfolio Surveillance,0.9713
LN0003290,2023-09,0.0038,0.0059,0.0081,0.0078,Prepaid,0,None,0.7423,balance_change_1m_pct,balance_to_orig_ratio,credit_score_ordinal,Audit & Data Quality Exception Review,0.9838
LN0003312,2024-02,0.0223,0.048,0.0535,0.0099,Current,0,None,0.3155,credit_score_ordinal,interest_rate_imputed,balance_change_1m_pct,Standard Portfolio Surveillance,0.893
LN0003332,2023-06,0.02,0.0377,0.0237,0.0495,Current,0,None,0.114,credit_score_ordinal,interest_rate_imputed,balance_change_1m_pct,Standard Portfolio Surveillance,0.9525
LN0003335,2023-10,0.0942,0.0644,0.0847,0.0412,Current,0,None,0.2492,credit_score_ordinal,interest_rate_imputed,balance_change_1m_pct,Standard Portfolio Surveillance,0.8305
LN0003346,2023-04,0.0561,0.1023,0.0847,0.0495,Current,0,None,0.2129,credit_score_ordinal,interest_rate_imputed,balance_change_1m_pct,Standard Portfolio Surveillance,0.8305
LN0003354,2024-09,0.0038,0.0059,0.0081,0.0078,Prepaid,0,None,0.7108,balance_change_1m_pct,balance_to_orig_ratio,interest_rate_imputed,Audit & Data Quality Exception Review,0.9838
LN0003355,2024-03,0.014,0.026,0.0245,0.03,Current,0,None,0.3935,dpd_roll_max_6m,credit_score_ordinal,balance_change_1m_pct,Standard Portfolio Surveillance,0.9509
LN0003368,2025-10,0.0099,0.0179,0.011,0.0147,Current,0,None,0.2359,credit_score_ordinal,interest_rate_imputed,balance_change_1m_pct,Standard Portfolio Surveillance,0.9781
LN0003369,2023-10,0.0038,0.0059,0.0081,0.0078,Prepaid,0,None,0.7335,balance_change_1m_pct,balance_to_orig_ratio,credit_score_ordinal,Audit & Data Quality Exception Review,0.9838
LN0003373,2024-12,0.0183,0.0309,0.0106,0.0101,Current,0,None,0.3506,credit_score_ordinal,balance_change_1m_pct,interest_rate_imputed,Standard Portfolio Surveillance,0.9788
LN0003379,2025-10,0.6989,0.6621,0.0081,0.0078,90+ DPD,0,None,0.8236,days_past_due,dpd_roll_max_6m,credit_score_ordinal,Audit & Data Quality Exception Review,0.9838
LN0003393,2023-05,0.0326,0.0887,0.0535,0.0495,Current,0,None,0.1698,interest_rate_imputed,balance_change_1m_pct,balance_to_orig_ratio,Standard Portfolio Surveillance,0.893
LN0003395,2024-05,0.0403,0.0771,0.0614,0.03,Current,0,None,0.3142,credit_score_ordinal,interest_rate_imputed,balance_change_1m_pct,Standard Portfolio Surveillance,0.8771
LN0003418,2024-03,0.0561,0.1023,0.0847,0.0495,Current,0,None,0.2427,balance_change_1m_pct,credit_score_ordinal,interest_rate_imputed,Standard Portfolio Surveillance,0.8305
LN0003421,2024-08,0.0687,0.0644,0.0261,0.0235,Current,0,None,0.2752,credit_score_ordinal,interest_rate_imputed,balance_to_orig_ratio,Standard Portfolio Surveillance,0.9479
LN0003459,2025-01,0.0223,0.0156,0.0143,0.0101,Current,0,None,0.2932,credit_score_ordinal,interest_rate_imputed,balance_change_1m_pct,Standard Portfolio Surveillance,0.9713
LN0003469,2025-12,0.0345,0.0156,0.0143,0.0101,Current,0,None,0.2237,interest_rate_imputed,balance_change_1m_pct,balance_to_orig_ratio,Standard Portfolio Surveillance,0.9713
LN0003472,2023-11,0.02,0.0377,0.0342,0.0495,Current,0,None,0.1508,credit_score_ordinal,balance_change_1m_pct,interest_rate_imputed,Standard Portfolio Surveillance,0.9315
LN0003477,2024-03,0.0561,0.1023,0.0847,0.0495,Current,0,None,0.257,balance_change_1m_pct,credit_score_ordinal,interest_rate_imputed,Standard Portfolio Surveillance,0.8305
LN0003514,2025-02,0.0118,0.0213,0.011,0.0101,Current,0,None,0.3031,credit_score_ordinal,interest_rate_imputed,balance_to_orig_ratio,Standard Portfolio Surveillance,0.9781
LN0003535,2023-07,0.0038,0.0059,0.0081,0.0078,Default,1,Data Conflict,0.2867,interest_rate_imputed,balance_change_1m_pct,balance_to_orig_ratio,Audit & Data Quality Exception Review,0.9838
LN0003542,2024-02,0.0099,0.0179,0.0237,0.0495,Prepaid,0,None,0.3395,balance_change_1m_pct,interest_rate_imputed,credit_score_ordinal,Standard Portfolio Surveillance,0.9525
LN0003559,2023-07,0.0038,0.0059,0.0081,0.0078,Prepaid,0,None,0.7108,balance_change_1m_pct,balance_to_orig_ratio,credit_score_ordinal,Audit & Data Quality Exception Review,0.9838
LN0003561,2025-01,0.6989,0.6621,0.1713,0.0083,30-59 DPD,0,None,0.5709,days_past_due,dpd_roll_max_6m,credit_score_ordinal,Early Payment Reminder & Watchlist Monitoring,0.6574
LN0003571,2024-07,0.0223,0.048,0.0535,0.0412,Current,0,None,0.2019,credit_score_ordinal,interest_rate_imputed,balance_change_1m_pct,Standard Portfolio Surveillance,0.893
LN0003574,2023-11,0.0326,0.048,0.0535,0.0355,Current,0,None,0.4626,dpd_roll_max_6m,interest_rate_imputed,balance_change_1m_pct,Standard Portfolio Surveillance,0.893
LN0003579,2024-08,0.0099,0.0179,0.0153,0.03,Current,0,None,0.3296,credit_score_ordinal,interest_rate_imputed,balance_change_1m_pct,Standard Portfolio Surveillance,0.9694
LN0003595,2024-01,0.0099,0.0179,0.0237,0.0495,Current,0,None,0.227,credit_score_ordinal,balance_change_1m_pct,interest_rate_imputed,Standard Portfolio Surveillance,0.9525
LN0003618,2023-07,0.02,0.0377,0.0237,0.0412,Current,0,None,0.2043,credit_score_ordinal,interest_rate_imputed,balance_change_1m_pct,Standard Portfolio Surveillance,0.9525
LN0003637,2024-04,0.0038,0.0059,0.0081,0.0078,Prepaid,0,None,0.7257,balance_change_1m_pct,balance_to_orig_ratio,credit_score_ordinal,Audit & Data Quality Exception Review,0.9838
LN0003643,2024-02,0.0175,0.0648,0.0374,0.0412,Current,1,Missing Document,0.3589,interest_rate_imputed,balance_change_1m_pct,balance_to_orig_ratio,Audit & Data Quality Exception Review,0.9252
LN0003651,2024-02,0.014,0.026,0.0342,0.0495,Current,0,None,0.1714,credit_score_ordinal,balance_change_1m_pct,interest_rate_imputed,Standard Portfolio Surveillance,0.9315
LN0003654,2024-07,0.0038,0.0059,0.0081,0.0078,Default,1,Data Conflict,0.3321,interest_rate_imputed,balance_change_1m_pct,balance_to_orig_ratio,Audit & Data Quality Exception Review,0.9838
LN0003669,2024-07,0.0326,0.048,0.0535,0.0495,Current,0,None,0.1586,interest_rate_imputed,credit_score_ordinal,balance_change_1m_pct,Standard Portfolio Surveillance,0.893
LN0003683,2025-03,0.0038,0.0059,0.0081,0.0078,Prepaid,0,None,0.6747,balance_change_1m_pct,balance_to_orig_ratio,credit_score_ordinal,Audit & Data Quality Exception Review,0.9838
LN0003687,2023-11,0.0118,0.0213,0.0237,0.0412,Current,0,None,0.2053,credit_score_ordinal,balance_change_1m_pct,interest_rate_imputed,Standard Portfolio Surveillance,0.9525
LN0003690,2023-10,0.0038,0.0059,0.0081,0.0078,Default,1,Data Conflict,0.2797,balance_change_1m_pct,interest_rate_imputed,balance_to_orig_ratio,Audit & Data Quality Exception Review,0.9838
LN0003709,2023-11,0.0345,0.048,0.0535,0.0412,Current,0,None,0.2445,credit_score_ordinal,interest_rate_imputed,balance_change_1m_pct,Standard Portfolio Surveillance,0.893
LN0003713,2025-06,0.0099,0.0179,0.0153,0.03,Current,0,None,0.275,credit_score_ordinal,interest_rate_imputed,balance_change_1m_pct,Standard Portfolio Surveillance,0.9694
LN0003735,2023-04,0.0223,0.048,0.0535,0.0495,Current,0,None,0.3249,credit_score_ordinal,interest_rate_imputed,balance_change_1m_pct,Standard Portfolio Surveillance,0.893
LN0003764,2025-12,0.02,0.0377,0.011,0.0101,Current,0,None,0.3803,balance_change_1m_pct,interest_rate_imputed,balance_to_orig_ratio,Standard Portfolio Surveillance,0.9781
LN0003778,2024-04,0.0561,0.1023,0.0847,0.0495,30-59 DPD,0,None,0.1779,credit_score_ordinal,interest_rate_imputed,balance_change_1m_pct,Standard Portfolio Surveillance,0.8305
LN0003788,2023-06,0.0038,0.0059,0.0081,0.0078,Prepaid,0,None,0.6795,balance_change_1m_pct,balance_to_orig_ratio,credit_score_ordinal,Audit & Data Quality Exception Review,0.9838
LN0003793,2024-08,0.0038,0.0059,0.0081,0.0078,Default,1,Data Conflict,0.4298,interest_rate_imputed,balance_change_1m_pct,credit_score_ordinal,Audit & Data Quality Exception Review,0.9838
LN0003799,2024-05,0.0326,0.048,0.0535,0.0495,30-59 DPD,0,None,0.2599,credit_score_ordinal,interest_rate_imputed,balance_change_1m_pct,Standard Portfolio Surveillance,0.893
LN0003815,2025-01,0.0345,0.0156,0.0143,0.0101,Current,0,None,0.233,interest_rate_imputed,balance_change_1m_pct,balance_to_orig_ratio,Standard Portfolio Surveillance,0.9713
LN0003817,2025-10,0.0345,0.0156,0.0143,0.0147,Current,0,None,0.3636,interest_rate_imputed,balance_change_1m_pct,credit_score_ordinal,Standard Portfolio Surveillance,0.9713
LN0003889,2025-02,0.0326,0.048,0.0143,0.0235,Current,0,None,0.492,balance_change_1m_pct,interest_rate_imputed,balance_to_orig_ratio,Standard Portfolio Surveillance,0.9713
LN0003918,2024-04,0.0345,0.048,0.0535,0.0412,Current,0,None,0.218,balance_change_1m_pct,credit_score_ordinal,interest_rate_imputed,Standard Portfolio Surveillance,0.893
LN0003937,2024-02,0.0038,0.0059,0.0081,0.0078,Default,1,Data Conflict,0.3444,balance_change_1m_pct,credit_score_ordinal,interest_rate_imputed,Audit & Data Quality Exception Review,0.9838
LN0003959,2025-04,0.0183,0.0309,0.0234,0.0235,30-59 DPD,0,None,0.3112,credit_score_ordinal,interest_rate_imputed,balance_change_1m_pct,Standard Portfolio Surveillance,0.9531
LN0003967,2023-11,0.0345,0.0571,0.0535,0.0495,Current,0,None,0.2738,balance_change_1m_pct,credit_score_ordinal,interest_rate_imputed,Standard Portfolio Surveillance,0.893
LN0003983,2024-10,0.0038,0.0059,0.0081,0.0078,Prepaid,0,None,0.7264,balance_change_1m_pct,balance_to_orig_ratio,credit_score_ordinal,Audit & Data Quality Exception Review,0.9838
LN0003992,2024-04,0.0403,0.0771,0.0614,0.0412,Current,0,None,0.1881,interest_rate_imputed,balance_change_1m_pct,balance_to_orig_ratio,Standard Portfolio Surveillance,0.8771
LN0004006,2024-08,0.0223,0.048,0.0535,0.0495,Prepaid,0,None,0.2809,balance_change_1m_pct,credit_score_ordinal,interest_rate_imputed,Standard Portfolio Surveillance,0.893
LN0004027,2022-12,0.0099,0.0179,0.0237,0.0495,Current,0,None,0.2023,credit_score_ordinal,interest_rate_imputed,balance_change_1m_pct,Standard Portfolio Surveillance,0.9525
LN0004035,2025-05,0.0326,0.0156,0.0143,0.0147,Current,0,None,0.3009,credit_score_ordinal,balance_change_1m_pct,balance_to_orig_ratio,Standard Portfolio Surveillance,0.9713
LN0004053,2024-12,0.0118,0.0213,0.011,0.0101,Current,0,None,0.3106,balance_change_1m_pct,interest_rate_imputed,balance_to_orig_ratio,Standard Portfolio Surveillance,0.9781
LN0004068,2026-05,0.0345,0.0156,0.0143,0.0101,Current,0,None,0.344,credit_score_ordinal,interest_rate_imputed,balance_change_1m_pct,Standard Portfolio Surveillance,0.9713
LN0004081,2023-07,0.0038,0.0059,0.0081,0.0078,Default,1,Data Conflict,0.3883,credit_score_ordinal,balance_change_1m_pct,interest_rate_imputed,Audit & Data Quality Exception Review,0.9838
LN0004110,2023-03,0.0223,0.0571,0.0535,0.0495,Current,0,None,0.0845,interest_rate_imputed,balance_change_1m_pct,balance_to_orig_ratio,Standard Portfolio Surveillance,0.893
LN0004132,2023-12,0.0223,0.0571,0.0535,0.0495,Current,0,None,0.1315,credit_score_ordinal,interest_rate_imputed,balance_change_1m_pct,Standard Portfolio Surveillance,0.893
LN0004195,2025-03,0.0223,0.048,0.0535,0.0412,Current,0,None,0.2008,interest_rate_imputed,balance_change_1m_pct,balance_to_orig_ratio,Standard Portfolio Surveillance,0.893
LN0004219,2024-06,0.0038,0.0059,0.0081,0.0078,Prepaid,0,None,0.6317,balance_change_1m_pct,balance_to_orig_ratio,interest_rate_imputed,Standard Portfolio Surveillance,0.9838
LN0004256,2026-04,0.0038,0.0059,0.0081,0.0078,Default,1,Data Conflict,0.4923,interest_rate_imputed,balance_to_orig_ratio,balance_change_1m_pct,Audit & Data Quality Exception Review,0.9838
LN0004276,2024-07,0.014,0.026,0.0153,0.03,Current,0,None,0.1036,credit_score_ordinal,interest_rate_imputed,balance_to_orig_ratio,Standard Portfolio Surveillance,0.9694
LN0004304,2024-12,0.0345,0.048,0.0261,0.03,Current,0,None,0.1285,credit_score_ordinal,interest_rate_imputed,balance_change_1m_pct,Standard Portfolio Surveillance,0.9479
LN0004315,2026-05,0.0345,0.0156,0.0143,0.0101,Current,0,None,0.4145,balance_change_1m_pct,interest_rate_imputed,credit_score_ordinal,Standard Portfolio Surveillance,0.9713
LN0004343,2024-12,0.014,0.026,0.011,0.0147,Current,0,None,0.3016,interest_rate_imputed,balance_change_1m_pct,credit_score_ordinal,Standard Portfolio Surveillance,0.9781
LN0004361,2024-03,0.014,0.026,0.0342,0.0412,Current,0,None,0.1779,interest_rate_imputed,balance_change_1m_pct,credit_score_ordinal,Standard Portfolio Surveillance,0.9315
LN0004390,2024-05,0.0038,0.0059,0.0081,0.0078,Prepaid,0,None,0.6746,balance_change_1m_pct,balance_to_orig_ratio,credit_score_ordinal,Audit & Data Quality Exception Review,0.9838
LN0004396,2023-07,0.0561,0.1023,0.0847,0.0495,Current,0,None,0.1477,interest_rate_imputed,balance_change_1m_pct,balance_to_orig_ratio,Standard Portfolio Surveillance,0.8305
LN0004402,2024-03,0.0099,0.0179,0.0245,0.03,Current,0,None,0.3512,balance_change_1m_pct,balance_to_orig_ratio,interest_rate_imputed,Standard Portfolio Surveillance,0.9509
LN0004415,2024-01,0.0942,0.1674,0.0847,0.0185,30-59 DPD,0,None,0.5351,balance_change_1m_pct,credit_score_ordinal,interest_rate_imputed,Standard Portfolio Surveillance,0.8305
LN0004423,2024-07,0.02,0.0377,0.0245,0.03,Current,0,None,0.3109,interest_rate_imputed,balance_change_1m_pct,credit_score_ordinal,Standard Portfolio Surveillance,0.9509
LN0004441,2025-08,0.014,0.026,0.011,0.0101,Current,0,None,0.3855,credit_score_ordinal,balance_change_1m_pct,interest_rate_imputed,Standard Portfolio Surveillance,0.9781
LN0004456,2026-02,0.02,0.0377,0.011,0.0101,Current,0,None,0.2234,interest_rate_imputed,balance_change_1m_pct,balance_to_orig_ratio,Standard Portfolio Surveillance,0.9781
LN0004460,2023-08,0.0223,0.0571,0.0535,0.0495,Current,0,None,0.1572,credit_score_ordinal,interest_rate_imputed,balance_change_1m_pct,Standard Portfolio Surveillance,0.893
LN0004473,2023-05,0.014,0.026,0.0342,0.0355,Current,0,None,0.4621,days_past_due,dpd_roll_max_6m,credit_score_ordinal,Standard Portfolio Surveillance,0.9315
LN0004488,2023-09,0.0038,0.0059,0.0081,0.0078,Default,1,Data Conflict,0.395,balance_change_1m_pct,credit_score_ordinal,interest_rate_imputed,Audit & Data Quality Exception Review,0.9838
LN0004490,2025-11,0.0223,0.0156,0.0143,0.0101,Current,0,None,0.4272,interest_rate_imputed,balance_change_1m_pct,balance_to_orig_ratio,Standard Portfolio Surveillance,0.9713
LN0004498,2026-02,0.014,0.026,0.011,0.0101,Current,0,None,0.2478,credit_score_ordinal,interest_rate_imputed,balance_to_orig_ratio,Standard Portfolio Surveillance,0.9781
LN0004537,2022-09,0.0038,0.0059,0.0081,0.0078,Prepaid,0,None,0.5958,balance_change_1m_pct,balance_to_orig_ratio,credit_score_ordinal,Standard Portfolio Surveillance,0.9838
LN0004564,2022-07,0.0038,0.0059,0.0081,0.0078,Prepaid,0,None,0.6056,balance_change_1m_pct,balance_to_orig_ratio,credit_score_ordinal,Standard Portfolio Surveillance,0.9838
LN0004610,2024-01,0.0223,0.048,0.0535,0.0495,Current,0,None,0.193,interest_rate_imputed,balance_change_1m_pct,balance_to_orig_ratio,Standard Portfolio Surveillance,0.893
LN0004626,2023-03,0.0326,0.0887,0.0535,0.0495,Current,0,None,0.2338,balance_change_1m_pct,credit_score_ordinal,interest_rate_imputed,Standard Portfolio Surveillance,0.893
LN0004645,2026-06,0.02,0.0377,0.011,0.0101,Current,0,None,0.3138,credit_score_ordinal,interest_rate_imputed,balance_to_orig_ratio,Standard Portfolio Surveillance,0.9781
LN0004649,2025-03,0.014,0.026,0.011,0.0101,Current,0,None,0.3535,balance_change_1m_pct,interest_rate_imputed,credit_score_ordinal,Standard Portfolio Surveillance,0.9781
LN0004656,2024-04,0.0403,0.0771,0.0614,0.0495,Current,0,None,0.2361,balance_change_1m_pct,credit_score_ordinal,interest_rate_imputed,Standard Portfolio Surveillance,0.8771
LN0004659,2024-07,0.0326,0.048,0.0143,0.0235,Current,0,None,0.2929,interest_rate_imputed,credit_score_ordinal,balance_change_1m_pct,Standard Portfolio Surveillance,0.9713
LN0004678,2025-03,0.0345,0.048,0.0535,0.0412,30-59 DPD,0,None,0.2903,credit_score_ordinal,balance_change_1m_pct,balance_to_orig_ratio,Standard Portfolio Surveillance,0.893
LN0004682,2025-05,0.014,0.026,0.0222,0.0235,Current,0,None,0.4387,balance_change_1m_pct,credit_score_ordinal,interest_rate_imputed,Standard Portfolio Surveillance,0.9557
LN0004687,2023-08,0.0326,0.048,0.0535,0.0495,Current,0,None,0.1673,interest_rate_imputed,balance_change_1m_pct,balance_to_orig_ratio,Standard Portfolio Surveillance,0.893
LN0004703,2025-11,0.0099,0.0179,0.011,0.0101,Current,0,None,0.3517,interest_rate_imputed,balance_change_1m_pct,balance_to_orig_ratio,Standard Portfolio Surveillance,0.9781
LN0004707,2023-11,0.0326,0.048,0.0535,0.0495,Current,0,None,0.2191,credit_score_ordinal,interest_rate_imputed,balance_change_1m_pct,Standard Portfolio Surveillance,0.893
LN0004713,2023-10,0.0038,0.0059,0.0081,0.0078,Default,0,None,0.5984,days_past_due,dpd_roll_max_6m,credit_score_ordinal,Standard Portfolio Surveillance,0.9838
LN0004734,2023-04,0.0326,0.0887,0.0535,0.0495,30-59 DPD,0,None,0.1936,credit_score_ordinal,balance_change_1m_pct,interest_rate_imputed,Standard Portfolio Surveillance,0.893
LN0004753,2026-04,0.0223,0.0156,0.0143,0.0101,Current,0,None,0.3802,credit_score_ordinal,balance_change_1m_pct,interest_rate_imputed,Standard Portfolio Surveillance,0.9713
LN0004755,2025-05,0.02,0.0377,0.0342,0.0412,Current,0,None,0.1926,credit_score_ordinal,interest_rate_imputed,balance_change_1m_pct,Standard Portfolio Surveillance,0.9315
LN0004757,2024-04,0.0038,0.0059,0.0081,0.0078,Default,1,Data Conflict,0.398,credit_score_ordinal,interest_rate_imputed,balance_change_1m_pct,Audit & Data Quality Exception Review,0.9838
LN0004773,2024-06,0.0687,0.0644,0.0847,0.0412,30-59 DPD,0,None,0.3829,credit_score_ordinal,balance_to_orig_ratio,balance_change_1m_pct,Standard Portfolio Surveillance,0.8305
LN0004789,2025-11,0.0223,0.0156,0.0143,0.0147,Current,0,None,0.4758,balance_change_1m_pct,interest_rate_imputed,credit_score_ordinal,Standard Portfolio Surveillance,0.9713
LN0004790,2025-10,0.0183,0.0309,0.0106,0.0147,Current,0,None,0.2687,balance_change_1m_pct,interest_rate_imputed,balance_to_orig_ratio,Standard Portfolio Surveillance,0.9788
LN0004800,2024-06,0.0345,0.048,0.0535,0.0412,Current,0,None,0.2418,balance_change_1m_pct,credit_score_ordinal,interest_rate_imputed,Standard Portfolio Surveillance,0.893
LN0004824,2025-10,0.0326,0.0156,0.0143,0.0101,Current,0,None,0.2628,interest_rate_imputed,credit_score_ordinal,balance_change_1m_pct,Standard Portfolio Surveillance,0.9713
LN0004858,2023-10,0.0099,0.0179,0.0237,0.0412,Current,0,None,0.3592,balance_change_1m_pct,credit_score_ordinal,interest_rate_imputed,Standard Portfolio Surveillance,0.9525
LN0004871,2023-05,0.0561,0.1023,0.0847,0.0495,Current,0,None,0.1731,credit_score_ordinal,interest_rate_imputed,balance_change_1m_pct,Standard Portfolio Surveillance,0.8305
LN0004915,2025-03,0.0321,0.0348,0.0106,0.0101,Current,0,None,0.3602,balance_change_1m_pct,interest_rate_imputed,balance_to_orig_ratio,Standard Portfolio Surveillance,0.9788
LN0004939,2023-04,0.0038,0.0059,0.0081,0.0078,Default,1,Data Conflict,0.576,dpd_roll_max_6m,balance_change_1m_pct,credit_score_ordinal,Audit & Data Quality Exception Review,0.9838
LN0004944,2025-03,0.0326,0.0156,0.0143,0.0101,Current,0,None,0.5181,interest_rate_imputed,balance_change_1m_pct,credit_score_ordinal,Standard Portfolio Surveillance,0.9713
LN0004974,2024-04,0.02,0.0377,0.0342,0.0522,Current,0,None,0.341,credit_score_ordinal,balance_change_1m_pct,interest_rate_imputed,Standard Portfolio Surveillance,0.9315
LN0005002,2023-09,0.0175,0.0348,0.0374,0.0495,Current,0,None,0.1333,credit_score_ordinal,balance_change_1m_pct,interest_rate_imputed,Standard Portfolio Surveillance,0.9252
LN0005061,2024-10,0.0223,0.048,0.0261,0.0235,Current,0,None,0.4112,balance_change_1m_pct,credit_score_ordinal,balance_to_orig_ratio,Standard Portfolio Surveillance,0.9479
LN0005083,2025-09,0.0326,0.048,0.0261,0.0235,Current,0,None,0.413,balance_change_1m_pct,credit_score_ordinal,interest_rate_imputed,Standard Portfolio Surveillance,0.9479
LN0005090,2023-08,0.02,0.0377,0.0237,0.0495,Current,0,None,0.2583,balance_change_1m_pct,interest_rate_imputed,credit_score_ordinal,Standard Portfolio Surveillance,0.9525
LN0005094,2024-01,0.02,0.0377,0.0237,0.0412,Current,0,None,0.149,interest_rate_imputed,balance_change_1m_pct,balance_to_orig_ratio,Standard Portfolio Surveillance,0.9525
LN0005098,2024-09,0.0345,0.048,0.0261,0.0235,Current,0,None,0.2363,interest_rate_imputed,balance_change_1m_pct,credit_score_ordinal,Standard Portfolio Surveillance,0.9479
LN0005101,2023-10,0.0175,0.0648,0.0374,0.0412,Current,0,None,0.2352,interest_rate_imputed,balance_change_1m_pct,balance_to_orig_ratio,Standard Portfolio Surveillance,0.9252
LN0005119,2024-05,0.014,0.026,0.0342,0.0412,Current,0,None,0.1995,interest_rate_imputed,balance_change_1m_pct,balance_to_orig_ratio,Standard Portfolio Surveillance,0.9315
LN0005130,2025-02,0.6989,0.6621,0.0081,0.0078,90+ DPD,0,None,0.8612,days_past_due,dpd_roll_max_6m,credit_score_ordinal,Audit & Data Quality Exception Review,0.9838
LN0005134,2023-02,0.0038,0.0059,0.0081,0.0078,Default,1,Data Conflict,0.3138,interest_rate_imputed,balance_change_1m_pct,credit_score_ordinal,Audit & Data Quality Exception Review,0.9838
LN0005140,2023-03,0.02,0.0377,0.0342,0.0495,Current,0,None,0.1518,credit_score_ordinal,balance_change_1m_pct,interest_rate_imputed,Standard Portfolio Surveillance,0.9315
LN0005181,2024-12,0.0223,0.0156,0.0143,0.0101,Current,0,None,0.4831,balance_change_1m_pct,credit_score_ordinal,balance_to_orig_ratio,Standard Portfolio Surveillance,0.9713
LN0005194,2025-12,0.0175,0.0348,0.0234,0.0235,Current,0,None,0.1722,credit_score_ordinal,interest_rate_imputed,balance_to_orig_ratio,Standard Portfolio Surveillance,0.9531
LN0005200,2025-01,0.0273,0.0644,0.0143,0.0147,Current,0,None,0.2736,credit_score_ordinal,balance_change_1m_pct,interest_rate_imputed,Standard Portfolio Surveillance,0.9713
LN0005207,2025-07,0.0038,0.0059,0.0081,0.0078,Default,1,Data Conflict,0.5967,days_past_due,dpd_roll_max_6m,credit_score_ordinal,Audit & Data Quality Exception Review,0.9838
LN0005213,2024-11,0.0326,0.048,0.0535,0.0412,Current,0,None,0.1933,credit_score_ordinal,interest_rate_imputed,balance_change_1m_pct,Standard Portfolio Surveillance,0.893
LN0005242,2023-01,0.0038,0.0059,0.0081,0.0078,Prepaid,0,None,0.5902,balance_change_1m_pct,balance_to_orig_ratio,credit_score_ordinal,Standard Portfolio Surveillance,0.9838
LN0005268,2025-01,0.0273,0.0644,0.0143,0.0147,Current,0,None,0.5529,balance_change_1m_pct,credit_score_ordinal,interest_rate_imputed,Standard Portfolio Surveillance,0.9713
LN0005272,2024-07,0.0273,0.0644,0.0847,0.0412,Current,0,None,0.1913,credit_score_ordinal,interest_rate_imputed,balance_change_1m_pct,Standard Portfolio Surveillance,0.8305
LN0005287,2025-05,0.0099,0.0179,0.011,0.0235,Current,0,None,0.3755,interest_rate_imputed,balance_change_1m_pct,credit_score_ordinal,Standard Portfolio Surveillance,0.9781
LN0005291,2023-12,0.0942,0.1674,0.0847,0.0412,Current,0,None,0.276,credit_score_ordinal,interest_rate_imputed,balance_change_1m_pct,Standard Portfolio Surveillance,0.8305
LN0005303,2023-05,0.6989,0.6621,0.2896,0.0172,60-89 DPD,0,None,0.2767,credit_score_ordinal,balance_change_1m_pct,interest_rate_imputed,Active Credit Workout & Pre-Foreclosure Outreach,0.6
LN0005305,2024-12,0.0223,0.048,0.0535,0.0412,Current,0,None,0.2197,credit_score_ordinal,interest_rate_imputed,balance_change_1m_pct,Standard Portfolio Surveillance,0.893
LN0005307,2024-06,0.0326,0.048,0.0535,0.0412,Current,0,None,0.1655,credit_score_ordinal,interest_rate_imputed,balance_change_1m_pct,Standard Portfolio Surveillance,0.893
LN0005345,2023-12,0.0345,0.048,0.0535,0.0495,Current,0,None,0.2336,credit_score_ordinal,interest_rate_imputed,balance_change_1m_pct,Standard Portfolio Surveillance,0.893
LN0005346,2023-07,0.0687,0.1674,0.0847,0.0495,30-59 DPD,0,None,0.3013,balance_change_1m_pct,interest_rate_imputed,balance_to_orig_ratio,Standard Portfolio Surveillance,0.8305
LN0005350,2023-10,0.0038,0.0059,0.0081,0.0078,Prepaid,0,None,0.6758,balance_change_1m_pct,balance_to_orig_ratio,interest_rate_imputed,Audit & Data Quality Exception Review,0.9838
LN0005357,2023-07,0.0403,0.0771,0.0614,0.0495,Current,0,None,0.29,credit_score_ordinal,balance_change_1m_pct,interest_rate_imputed,Standard Portfolio Surveillance,0.8771
LN0005392,2023-08,0.0038,0.0059,0.0081,0.0078,Default,1,Data Conflict,0.5115,credit_score_ordinal,balance_change_1m_pct,balance_to_orig_ratio,Audit & Data Quality Exception Review,0.9838
LN0005403,2025-07,0.02,0.0377,0.011,0.0147,Current,0,None,0.2354,balance_change_1m_pct,interest_rate_imputed,balance_to_orig_ratio,Standard Portfolio Surveillance,0.9781
LN0005412,2024-06,0.02,0.0377,0.0342,0.0495,Current,0,None,0.2105,interest_rate_imputed,balance_change_1m_pct,credit_score_ordinal,Standard Portfolio Surveillance,0.9315
LN0005450,2025-06,0.0326,0.048,0.0261,0.0235,30-59 DPD,0,None,0.3197,credit_score_ordinal,interest_rate_imputed,balance_change_1m_pct,Standard Portfolio Surveillance,0.9479
LN0005456,2025-03,0.0321,0.0648,0.0234,0.03,Current,0,None,0.397,credit_score_ordinal,balance_change_1m_pct,balance_to_orig_ratio,Standard Portfolio Surveillance,0.9531
LN0005499,2023-12,0.0038,0.0059,0.0081,0.0078,Default,1,Data Conflict,0.3398,credit_score_ordinal,interest_rate_imputed,balance_change_1m_pct,Audit & Data Quality Exception Review,0.9838
LN0005528,2024-11,0.0223,0.048,0.0535,0.0412,Current,0,None,0.3737,dpd_roll_max_6m,credit_score_ordinal,interest_rate_imputed,Standard Portfolio Surveillance,0.893
LN0005540,2023-06,0.0099,0.0179,0.0237,0.0495,Current,0,None,0.2546,balance_change_1m_pct,interest_rate_imputed,credit_score_ordinal,Standard Portfolio Surveillance,0.9525
LN0005560,2023-09,0.6989,0.6621,0.2896,0.0172,60-89 DPD,0,None,0.2605,interest_rate_imputed,balance_change_1m_pct,balance_to_orig_ratio,Active Credit Workout & Pre-Foreclosure Outreach,0.6
LN0005599,2025-11,0.0175,0.0348,0.0106,0.0147,Current,0,None,0.5262,balance_change_1m_pct,interest_rate_imputed,credit_score_ordinal,Standard Portfolio Surveillance,0.9788
LN0005601,2024-01,0.0038,0.0059,0.0081,0.0078,Prepaid,0,None,0.6888,balance_change_1m_pct,balance_to_orig_ratio,credit_score_ordinal,Audit & Data Quality Exception Review,0.9838
LN0005618,2024-03,0.0223,0.048,0.0535,0.0495,Current,0,None,0.1583,interest_rate_imputed,balance_change_1m_pct,credit_score_ordinal,Standard Portfolio Surveillance,0.893
LN0005630,2023-05,0.0038,0.0059,0.0081,0.0078,Default,1,Data Conflict,0.6723,days_past_due,dpd_roll_max_6m,interest_rate_imputed,Audit & Data Quality Exception Review,0.9838
LN0005655,2026-01,0.0099,0.0179,0.011,0.0101,Current,0,None,0.4985,balance_change_1m_pct,credit_score_ordinal,interest_rate_imputed,Standard Portfolio Surveillance,0.9781
LN0005662,2025-05,0.0321,0.0348,0.0106,0.0101,Current,0,None,0.2411,balance_change_1m_pct,interest_rate_imputed,balance_to_orig_ratio,Standard Portfolio Surveillance,0.9788
LN0005673,2024-04,0.0326,0.048,0.0535,0.0412,Current,0,None,0.6684,dpd_roll_max_6m,balance_change_1m_pct,credit_score_ordinal,Audit & Data Quality Exception Review,0.893
LN0005689,2025-05,0.02,0.0377,0.0245,0.03,Current,0,None,0.1661,credit_score_ordinal,balance_change_1m_pct,interest_rate_imputed,Standard Portfolio Surveillance,0.9509
LN0005716,2025-01,0.0038,0.0059,0.0081,0.0078,Default,1,Data Conflict,0.3961,credit_score_ordinal,interest_rate_imputed,balance_change_1m_pct,Audit & Data Quality Exception Review,0.9838
LN0005734,2024-07,0.0223,0.048,0.0535,0.0495,Current,0,None,0.1322,credit_score_ordinal,balance_change_1m_pct,interest_rate_imputed,Standard Portfolio Surveillance,0.893
LN0005740,2023-04,0.0038,0.0059,0.0081,0.0078,Default,1,Data Conflict,0.3647,credit_score_ordinal,interest_rate_imputed,balance_change_1m_pct,Audit & Data Quality Exception Review,0.9838
LN0005742,2023-09,0.014,0.026,0.0342,0.0495,Current,0,None,0.2694,balance_change_1m_pct,interest_rate_imputed,balance_to_orig_ratio,Standard Portfolio Surveillance,0.9315
LN0005763,2023-05,0.0099,0.0179,0.0237,0.0495,Current,0,None,0.337,balance_change_1m_pct,credit_score_ordinal,interest_rate_imputed,Standard Portfolio Surveillance,0.9525
LN0005775,2024-01,0.02,0.0377,0.0237,0.0495,Current,0,None,0.3256,balance_change_1m_pct,credit_score_ordinal,interest_rate_imputed,Standard Portfolio Surveillance,0.9525
LN0005803,2023-02,0.0038,0.0059,0.0081,0.0078,Prepaid,0,None,0.7096,balance_change_1m_pct,balance_to_orig_ratio,credit_score_ordinal,Audit & Data Quality Exception Review,0.9838
LN0005875,2025-08,0.0223,0.0156,0.0143,0.0101,Current,0,None,0.3455,credit_score_ordinal,interest_rate_imputed,balance_change_1m_pct,Standard Portfolio Surveillance,0.9713
LN0005876,2024-02,0.0099,0.0179,0.0153,0.03,Current,0,None,0.3612,balance_change_1m_pct,balance_to_orig_ratio,days_past_due,Standard Portfolio Surveillance,0.9694
LN0005902,2024-10,0.02,0.0377,0.011,0.0235,Current,0,None,0.2981,balance_change_1m_pct,interest_rate_imputed,balance_to_orig_ratio,Standard Portfolio Surveillance,0.9781
LN0005927,2024-09,0.0183,0.0309,0.0234,0.03,Current,0,None,0.3713,balance_change_1m_pct,credit_score_ordinal,interest_rate_imputed,Standard Portfolio Surveillance,0.9531
LN0005942,2023-02,0.0038,0.0059,0.0081,0.0078,Default,1,Data Conflict,0.2837,credit_score_ordinal,balance_change_1m_pct,interest_rate_imputed,Audit & Data Quality Exception Review,0.9838
LN0005957,2024-10,0.02,0.0377,0.0342,0.0412,Current,0,None,0.2926,balance_change_1m_pct,credit_score_ordinal,interest_rate_imputed,Standard Portfolio Surveillance,0.9315
LN0005979,2023-06,0.0345,0.0571,0.0535,0.0495,30-59 DPD,0,None,0.2519,credit_score_ordinal,interest_rate_imputed,balance_change_1m_pct,Standard Portfolio Surveillance,0.893
LN0005983,2023-06,0.0038,0.0059,0.0081,0.0078,Prepaid,0,None,0.5103,balance_to_orig_ratio,balance_change_1m_pct,interest_rate_imputed,Standard Portfolio Surveillance,0.9838
LN0006025,2024-03,0.6989,0.6621,0.0081,0.0078,90+ DPD,0,None,0.7555,days_past_due,dpd_roll_max_6m,credit_score_ordinal,Audit & Data Quality Exception Review,0.9838
LN0006028,2023-08,0.0038,0.0059,0.0081,0.0078,Default,1,Data Conflict,0.3122,credit_score_ordinal,interest_rate_imputed,balance_change_1m_pct,Audit & Data Quality Exception Review,0.9838
LN0006029,2025-06,0.02,0.0377,0.011,0.0101,Current,0,None,0.3693,credit_score_ordinal,interest_rate_imputed,balance_to_orig_ratio,Standard Portfolio Surveillance,0.9781
LN0006053,2023-09,0.0345,0.048,0.0535,0.0412,30-59 DPD,0,None,0.2306,credit_score_ordinal,interest_rate_imputed,balance_change_1m_pct,Standard Portfolio Surveillance,0.893
LN0006084,2025-06,0.0099,0.0179,0.0245,0.0235,Current,0,None,0.1473,balance_change_1m_pct,interest_rate_imputed,balance_to_orig_ratio,Standard Portfolio Surveillance,0.9509
LN0006090,2023-02,0.0038,0.0059,0.0081,0.0078,Default,1,Data Conflict,0.3955,credit_score_ordinal,balance_change_1m_pct,interest_rate_imputed,Audit & Data Quality Exception Review,0.9838
LN0006093,2024-03,0.0038,0.0059,0.0081,0.0078,Prepaid,0,None,0.688,balance_change_1m_pct,balance_to_orig_ratio,credit_score_ordinal,Audit & Data Quality Exception Review,0.9838
LN0006097,2024-07,0.0326,0.048,0.0535,0.0412,Current,0,None,0.2852,interest_rate_imputed,balance_change_1m_pct,balance_to_orig_ratio,Standard Portfolio Surveillance,0.893
LN0006113,2024-07,0.0687,0.0644,0.0261,0.03,Current,0,None,0.2502,interest_rate_imputed,credit_score_ordinal,balance_change_1m_pct,Standard Portfolio Surveillance,0.9479
LN0006123,2024-04,0.0561,0.0644,0.0847,0.0412,Current,0,None,0.2789,interest_rate_imputed,credit_score_ordinal,balance_change_1m_pct,Standard Portfolio Surveillance,0.8305
LN0006132,2024-09,0.0183,0.0309,0.0234,0.0235,Current,0,None,0.1601,credit_score_ordinal,interest_rate_imputed,balance_change_1m_pct,Standard Portfolio Surveillance,0.9531
LN0006144,2025-05,0.014,0.026,0.0153,0.03,Current,0,None,0.3043,dpd_roll_max_6m,interest_rate_imputed,balance_change_1m_pct,Standard Portfolio Surveillance,0.9694
LN0006165,2025-08,0.0687,0.0644,0.0143,0.0101,Current,0,None,0.2935,credit_score_ordinal,balance_change_1m_pct,interest_rate_imputed,Standard Portfolio Surveillance,0.9713
LN0006172,2025-08,0.0099,0.0179,0.011,0.0101,Current,0,None,0.4307,credit_score_ordinal,balance_change_1m_pct,interest_rate_imputed,Standard Portfolio Surveillance,0.9781
LN0006180,2022-11,0.0038,0.0059,0.0081,0.0078,Prepaid,0,None,0.5467,balance_change_1m_pct,balance_to_orig_ratio,interest_rate_imputed,Standard Portfolio Surveillance,0.9838
LN0006186,2025-08,0.0326,0.048,0.0261,0.03,Current,0,None,0.193,credit_score_ordinal,interest_rate_imputed,balance_to_orig_ratio,Standard Portfolio Surveillance,0.9479
LN0006191,2023-04,0.0942,0.1674,0.0847,0.0495,Current,0,None,0.3404,credit_score_ordinal,balance_change_1m_pct,interest_rate_imputed,Standard Portfolio Surveillance,0.8305
LN0006194,2025-05,0.0038,0.0059,0.0081,0.0078,Prepaid,0,None,0.703,balance_change_1m_pct,balance_to_orig_ratio,interest_rate_imputed,Audit & Data Quality Exception Review,0.9838
LN0006198,2024-03,0.0038,0.0059,0.0081,0.0078,Prepaid,0,None,0.5939,balance_change_1m_pct,balance_to_orig_ratio,interest_rate_imputed,Standard Portfolio Surveillance,0.9838
LN0006203,2024-07,0.0345,0.048,0.0261,0.03,30-59 DPD,0,None,0.1733,credit_score_ordinal,interest_rate_imputed,balance_change_1m_pct,Standard Portfolio Surveillance,0.9479
LN0006209,2025-12,0.0687,0.0644,0.0143,0.0235,Current,0,None,0.3352,credit_score_ordinal,interest_rate_imputed,balance_change_1m_pct,Standard Portfolio Surveillance,0.9713
LN0006229,2023-11,0.0038,0.0059,0.0081,0.0078,Prepaid,0,None,0.6521,balance_change_1m_pct,balance_to_orig_ratio,credit_score_ordinal,Audit & Data Quality Exception Review,0.9838
LN0006234,2026-03,0.0345,0.0156,0.0143,0.0101,Current,0,None,0.5317,dpd_roll_max_6m,balance_change_1m_pct,balance_to_orig_ratio,Standard Portfolio Surveillance,0.9713
LN0006236,2026-03,0.014,0.026,0.011,0.0101,Current,0,None,0.2539,credit_score_ordinal,balance_change_1m_pct,balance_to_orig_ratio,Standard Portfolio Surveillance,0.9781
LN0006241,2023-08,0.0561,0.1023,0.0847,0.0495,Current,0,None,0.1174,interest_rate_imputed,balance_change_1m_pct,balance_to_orig_ratio,Standard Portfolio Surveillance,0.8305
LN0006245,2025-07,0.0326,0.048,0.0261,0.03,Current,0,None,0.2407,credit_score_ordinal,balance_change_1m_pct,interest_rate_imputed,Standard Portfolio Surveillance,0.9479
LN0006266,2024-03,0.0326,0.048,0.0535,0.0495,Current,0,None,0.24,credit_score_ordinal,interest_rate_imputed,balance_change_1m_pct,Standard Portfolio Surveillance,0.893
LN0006275,2023-06,0.0345,0.0571,0.0535,0.0495,30-59 DPD,0,None,0.2683,credit_score_ordinal,interest_rate_imputed,balance_change_1m_pct,Standard Portfolio Surveillance,0.893
LN0006291,2023-11,0.0561,0.1023,0.0847,0.0495,Current,0,None,0.2392,interest_rate_imputed,balance_change_1m_pct,balance_to_orig_ratio,Standard Portfolio Surveillance,0.8305
LN0006295,2024-12,0.0099,0.0179,0.011,0.0147,Current,0,None,0.3397,interest_rate_imputed,balance_change_1m_pct,credit_score_ordinal,Standard Portfolio Surveillance,0.9781
LN0006311,2024-07,0.0273,0.0644,0.0261,0.0235,30-59 DPD,0,None,0.2494,credit_score_ordinal,interest_rate_imputed,balance_change_1m_pct,Standard Portfolio Surveillance,0.9479
LN0006322,2023-04,0.0038,0.0059,0.0081,0.0078,Prepaid,0,None,0.6332,balance_change_1m_pct,balance_to_orig_ratio,credit_score_ordinal,Standard Portfolio Surveillance,0.9838
LN0006336,2024-04,0.0321,0.0348,0.0374,0.0495,Current,0,None,0.1315,interest_rate_imputed,balance_change_1m_pct,balance_to_orig_ratio,Standard Portfolio Surveillance,0.9252
LN0006342,2024-01,0.02,0.0377,0.0237,0.0412,Current,0,None,0.1224,interest_rate_imputed,balance_change_1m_pct,balance_to_orig_ratio,Standard Portfolio Surveillance,0.9525
LN0006364,2023-11,0.0038,0.0059,0.0081,0.0078,Default,1,Data Conflict,0.288,credit_score_ordinal,balance_change_1m_pct,interest_rate_imputed,Audit & Data Quality Exception Review,0.9838
LN0006388,2024-12,0.0403,0.0771,0.0614,0.0412,Current,0,None,0.0721,credit_score_ordinal,interest_rate_imputed,balance_change_1m_pct,Standard Portfolio Surveillance,0.8771
LN0006391,2022-08,0.0038,0.0059,0.0081,0.0078,Default,1,Data Conflict,0.4235,interest_rate_imputed,balance_change_1m_pct,credit_score_ordinal,Audit & Data Quality Exception Review,0.9838
LN0006414,2025-02,0.014,0.026,0.011,0.0147,Current,0,None,0.3217,credit_score_ordinal,balance_change_1m_pct,balance_to_orig_ratio,Standard Portfolio Surveillance,0.9781
LN0006415,2022-11,0.0038,0.0059,0.0081,0.0078,Default,1,Data Conflict,0.6456,days_past_due,dpd_roll_max_6m,balance_change_1m_pct,Audit & Data Quality Exception Review,0.9838
LN0006416,2025-08,0.0223,0.048,0.0261,0.0235,Current,0,None,0.186,credit_score_ordinal,interest_rate_imputed,balance_change_1m_pct,Standard Portfolio Surveillance,0.9479
LN0006432,2023-06,0.0345,0.0571,0.0535,0.0495,Current,0,None,0.0644,credit_score_ordinal,interest_rate_imputed,balance_change_1m_pct,Standard Portfolio Surveillance,0.893
LN0006458,2023-08,0.0345,0.0571,0.0535,0.0495,Current,0,None,0.1237,credit_score_ordinal,interest_rate_imputed,balance_to_orig_ratio,Standard Portfolio Surveillance,0.893
LN0006478,2023-01,0.0345,0.0571,0.0535,0.0495,Current,0,None,0.1793,balance_change_1m_pct,interest_rate_imputed,balance_to_orig_ratio,Standard Portfolio Surveillance,0.893
LN0006516,2024-01,0.0118,0.0213,0.0237,0.0177,Current,0,None,0.2802,interest_rate_imputed,balance_change_1m_pct,credit_score_ordinal,Standard Portfolio Surveillance,0.9525
LN0006521,2023-08,0.0099,0.0179,0.0237,0.0412,Current,0,None,0.3084,credit_score_ordinal,balance_to_orig_ratio,balance_change_1m_pct,Standard Portfolio Surveillance,0.9525
LN0006551,2025-06,0.0687,0.0644,0.0261,0.03,Current,0,None,0.2707,credit_score_ordinal,interest_rate_imputed,balance_change_1m_pct,Standard Portfolio Surveillance,0.9479
LN0006555,2024-12,0.02,0.0377,0.0342,0.0412,30-59 DPD,0,None,0.2343,credit_score_ordinal,interest_rate_imputed,balance_change_1m_pct,Standard Portfolio Surveillance,0.9315
LN0006560,2024-04,0.02,0.0377,0.0342,0.0495,Current,0,None,0.2027,credit_score_ordinal,interest_rate_imputed,balance_change_1m_pct,Standard Portfolio Surveillance,0.9315
LN0006574,2025-04,0.0345,0.0156,0.0143,0.0101,Current,0,None,0.2629,interest_rate_imputed,balance_change_1m_pct,balance_to_orig_ratio,Standard Portfolio Surveillance,0.9713
LN0006615,2023-07,0.0038,0.0059,0.0081,0.0078,Default,1,Data Conflict,0.3885,balance_change_1m_pct,interest_rate_imputed,balance_to_orig_ratio,Audit & Data Quality Exception Review,0.9838
LN0006641,2024-12,0.0099,0.0179,0.011,0.0147,Current,0,None,0.2581,interest_rate_imputed,credit_score_ordinal,balance_change_1m_pct,Standard Portfolio Surveillance,0.9781
LN0006656,2025-10,0.6989,0.6621,0.0081,0.0078,90+ DPD,0,None,0.9084,days_past_due,dpd_roll_max_6m,balance_change_1m_pct,Audit & Data Quality Exception Review,0.9838
LN0006687,2024-05,0.0038,0.0059,0.0081,0.0078,Default,1,Data Conflict,0.5743,days_past_due,dpd_roll_max_6m,interest_rate_imputed,Audit & Data Quality Exception Review,0.9838
LN0006712,2024-05,0.0038,0.0059,0.0081,0.0078,Default,1,Data Conflict,0.2518,credit_score_ordinal,interest_rate_imputed,balance_change_1m_pct,Audit & Data Quality Exception Review,0.9838
LN0006717,2025-03,0.0175,0.0348,0.0234,0.0235,Current,0,None,0.4461,balance_change_1m_pct,credit_score_ordinal,interest_rate_imputed,Standard Portfolio Surveillance,0.9531
LN0006729,2023-11,0.0403,0.0771,0.0614,0.0412,Current,0,None,0.2903,credit_score_ordinal,interest_rate_imputed,balance_change_1m_pct,Standard Portfolio Surveillance,0.8771
LN0006731,2025-01,0.0223,0.048,0.0261,0.03,Current,0,None,0.2299,interest_rate_imputed,credit_score_ordinal,balance_change_1m_pct,Standard Portfolio Surveillance,0.9479
LN0006743,2022-12,0.014,0.026,0.0342,0.0495,Current,0,None,0.1927,credit_score_ordinal,balance_change_1m_pct,interest_rate_imputed,Standard Portfolio Surveillance,0.9315
LN0006754,2024-05,0.014,0.026,0.0342,0.0412,Current,0,None,0.5076,dpd_roll_max_6m,credit_score_ordinal,interest_rate_imputed,Standard Portfolio Surveillance,0.9315
LN0006770,2023-10,0.0942,0.0644,0.0847,0.0412,Prepaid,0,None,0.3227,credit_score_ordinal,balance_to_orig_ratio,balance_change_1m_pct,Standard Portfolio Surveillance,0.8305
LN0006778,2023-08,0.0175,0.0648,0.0374,0.0495,Current,0,None,0.1008,balance_change_1m_pct,interest_rate_imputed,balance_to_orig_ratio,Standard Portfolio Surveillance,0.9252
LN0006823,2023-04,0.0403,0.0771,0.0614,0.0495,Current,0,None,0.1503,credit_score_ordinal,interest_rate_imputed,balance_change_1m_pct,Standard Portfolio Surveillance,0.8771
LN0006827,2024-08,0.014,0.026,0.0342,0.0412,Current,0,None,0.289,credit_score_ordinal,interest_rate_imputed,balance_change_1m_pct,Standard Portfolio Surveillance,0.9315
LN0006839,2023-12,0.0223,0.048,0.0535,0.0412,30-59 DPD,0,None,0.1884,credit_score_ordinal,interest_rate_imputed,balance_change_1m_pct,Standard Portfolio Surveillance,0.893
LN0006893,2024-07,0.0183,0.0309,0.0234,0.0235,Current,0,None,0.2031,credit_score_ordinal,interest_rate_imputed,balance_change_1m_pct,Standard Portfolio Surveillance,0.9531
LN0006897,2025-06,0.0118,0.0213,0.011,0.0235,Current,0,None,0.4357,interest_rate_imputed,balance_change_1m_pct,balance_to_orig_ratio,Standard Portfolio Surveillance,0.9781
LN0006898,2022-11,0.0223,0.0571,0.0535,0.0495,Current,0,None,0.2663,credit_score_ordinal,interest_rate_imputed,balance_change_1m_pct,Standard Portfolio Surveillance,0.893
LN0006914,2023-02,0.0099,0.0179,0.0237,0.0495,Current,0,None,0.2701,balance_change_1m_pct,balance_to_orig_ratio,days_past_due,Standard Portfolio Surveillance,0.9525
LN0006924,2025-03,0.014,0.026,0.011,0.0235,Current,0,None,0.2214,interest_rate_imputed,balance_change_1m_pct,balance_to_orig_ratio,Standard Portfolio Surveillance,0.9781
LN0006925,2026-03,0.0326,0.0156,0.0143,0.0101,Current,0,None,0.4617,interest_rate_imputed,balance_change_1m_pct,balance_to_orig_ratio,Standard Portfolio Surveillance,0.9713
LN0006956,2022-12,0.0942,0.1674,0.0847,0.0495,Current,0,None,0.2084,interest_rate_imputed,balance_change_1m_pct,credit_score_ordinal,Standard Portfolio Surveillance,0.8305
LN0006967,2023-11,0.0038,0.0059,0.0081,0.0078,Default,0,None,0.6517,days_past_due,dpd_roll_max_6m,credit_score_ordinal,Audit & Data Quality Exception Review,0.9838
LN0006980,2025-03,0.0223,0.048,0.0261,0.03,Current,0,None,0.1702,credit_score_ordinal,balance_to_orig_ratio,interest_rate_imputed,Standard Portfolio Surveillance,0.9479
LN0006993,2024-03,0.02,0.0377,0.0245,0.03,Current,0,None,0.4148,interest_rate_imputed,balance_change_1m_pct,credit_score_ordinal,Standard Portfolio Surveillance,0.9509
LN0006994,2024-12,0.0038,0.0059,0.0081,0.0078,Prepaid,0,None,0.6278,balance_change_1m_pct,balance_to_orig_ratio,credit_score_ordinal,Standard Portfolio Surveillance,0.9838
LN0007001,2025-05,0.0038,0.0059,0.0081,0.0078,Default,1,Data Conflict,0.3157,credit_score_ordinal,balance_to_orig_ratio,interest_rate_imputed,Audit & Data Quality Exception Review,0.9838
LN0007008,2023-11,0.0223,0.0571,0.0535,0.0495,Current,0,None,0.1351,credit_score_ordinal,interest_rate_imputed,balance_change_1m_pct,Standard Portfolio Surveillance,0.893
LN0007010,2025-02,0.02,0.0377,0.0245,0.0235,Current,0,None,0.455,balance_change_1m_pct,balance_to_orig_ratio,interest_rate_imputed,Standard Portfolio Surveillance,0.9509
LN0007052,2025-03,0.014,0.026,0.011,0.0235,Current,0,None,0.2743,interest_rate_imputed,balance_change_1m_pct,credit_score_ordinal,Standard Portfolio Surveillance,0.9781
LN0007062,2025-03,0.0326,0.0156,0.0143,0.0101,Current,0,None,0.4135,balance_change_1m_pct,credit_score_ordinal,interest_rate_imputed,Standard Portfolio Surveillance,0.9713
LN0007084,2025-05,0.014,0.026,0.011,0.0147,Current,0,None,0.1904,balance_change_1m_pct,interest_rate_imputed,balance_to_orig_ratio,Standard Portfolio Surveillance,0.9781
LN0007086,2026-02,0.014,0.026,0.011,0.0101,Current,0,None,0.2661,credit_score_ordinal,interest_rate_imputed,balance_change_1m_pct,Standard Portfolio Surveillance,0.9781
LN0007089,2023-05,0.0223,0.0571,0.0535,0.0495,Current,0,None,0.1931,credit_score_ordinal,balance_change_1m_pct,interest_rate_imputed,Standard Portfolio Surveillance,0.893
LN0007108,2024-01,0.0099,0.0179,0.0237,0.0177,Current,0,None,0.205,interest_rate_imputed,balance_change_1m_pct,credit_score_ordinal,Standard Portfolio Surveillance,0.9525
LN0007115,2023-08,0.0038,0.0059,0.0081,0.0078,Prepaid,0,None,0.6525,balance_change_1m_pct,balance_to_orig_ratio,credit_score_ordinal,Audit & Data Quality Exception Review,0.9838
LN0007131,2023-03,0.0038,0.0059,0.0081,0.0078,Default,1,Data Conflict,0.3955,credit_score_ordinal,balance_change_1m_pct,interest_rate_imputed,Audit & Data Quality Exception Review,0.9838
LN0007135,2025-02,0.0273,0.0644,0.0261,0.0235,Current,0,None,0.3427,credit_score_ordinal,interest_rate_imputed,balance_change_1m_pct,Standard Portfolio Surveillance,0.9479
LN0007153,2025-06,0.0273,0.0644,0.0143,0.0101,Current,0,None,0.353,interest_rate_imputed,balance_change_1m_pct,balance_to_orig_ratio,Standard Portfolio Surveillance,0.9713
LN0007164,2025-03,0.0038,0.0059,0.0081,0.0078,Prepaid,0,None,0.6376,balance_change_1m_pct,balance_to_orig_ratio,credit_score_ordinal,Standard Portfolio Surveillance,0.9838
LN0007170,2023-12,0.6989,0.6621,0.1713,0.0212,60-89 DPD,0,None,0.6367,days_past_due,dpd_roll_max_6m,balance_change_1m_pct,Early Payment Reminder & Watchlist Monitoring,0.6574
LN0007207,2025-10,0.02,0.0377,0.0153,0.0235,Current,0,None,0.2853,credit_score_ordinal,balance_change_1m_pct,interest_rate_imputed,Standard Portfolio Surveillance,0.9694
LN0007254,2023-06,0.0038,0.0059,0.0081,0.0078,Default,1,Data Conflict,0.2612,balance_change_1m_pct,balance_to_orig_ratio,interest_rate_imputed,Audit & Data Quality Exception Review,0.9838
LN0007258,2023-03,0.0038,0.0059,0.0081,0.0078,Prepaid,0,None,0.465,balance_change_1m_pct,balance_to_orig_ratio,interest_rate_imputed,Standard Portfolio Surveillance,0.9838
LN0007265,2024-09,0.0038,0.0059,0.0081,0.0078,Default,1,Data Conflict,0.7634,days_past_due,dpd_roll_max_6m,credit_score_ordinal,Audit & Data Quality Exception Review,0.9838
LN0007271,2024-10,0.0326,0.048,0.0261,0.03,Current,0,None,0.48,balance_change_1m_pct,interest_rate_imputed,credit_score_ordinal,Standard Portfolio Surveillance,0.9479
LN0007277,2025-12,0.6989,0.6621,0.2064,0.0083,60-89 DPD,0,None,0.6399,days_past_due,dpd_roll_max_6m,credit_score_ordinal,Active Credit Workout & Pre-Foreclosure Outreach,0.6
LN0007307,2023-01,0.0038,0.0059,0.0081,0.0078,Default,1,Data Conflict,0.5871,days_past_due,dpd_roll_max_6m,credit_score_ordinal,Audit & Data Quality Exception Review,0.9838
LN0007322,2023-06,0.0038,0.0059,0.0081,0.0078,Default,1,Data Conflict,0.2733,credit_score_ordinal,interest_rate_imputed,balance_change_1m_pct,Audit & Data Quality Exception Review,0.9838
LN0007331,2025-08,0.0175,0.0648,0.0106,0.0101,Current,0,None,0.5951,balance_change_1m_pct,credit_score_ordinal,interest_rate_imputed,Standard Portfolio Surveillance,0.9788
LN0007338,2024-11,0.014,0.026,0.0342,0.0412,Current,0,None,0.1002,credit_score_ordinal,interest_rate_imputed,balance_change_1m_pct,Standard Portfolio Surveillance,0.9315
LN0007344,2024-01,0.0223,0.0571,0.0535,0.0495,Current,0,None,0.179,interest_rate_imputed,balance_change_1m_pct,balance_to_orig_ratio,Standard Portfolio Surveillance,0.893
LN0007351,2023-07,0.0403,0.0771,0.0614,0.0495,Current,0,None,0.3399,balance_change_1m_pct,interest_rate_imputed,balance_to_orig_ratio,Standard Portfolio Surveillance,0.8771
LN0007358,2025-09,0.0687,0.0644,0.0143,0.0147,Current,0,None,0.2591,interest_rate_imputed,balance_change_1m_pct,credit_score_ordinal,Standard Portfolio Surveillance,0.9713
LN0007360,2025-07,0.0345,0.048,0.0261,0.03,Current,0,None,0.3,interest_rate_imputed,balance_change_1m_pct,balance_to_orig_ratio,Standard Portfolio Surveillance,0.9479
LN0007380,2025-07,0.0118,0.0213,0.011,0.0235,Current,0,None,0.2087,credit_score_ordinal,balance_change_1m_pct,interest_rate_imputed,Standard Portfolio Surveillance,0.9781
LN0007394,2022-08,0.0038,0.0059,0.0081,0.0078,Default,1,Data Conflict,0.4656,balance_change_1m_pct,interest_rate_imputed,credit_score_ordinal,Audit & Data Quality Exception Review,0.9838
LN0007395,2024-10,0.0099,0.0179,0.0237,0.0412,Current,0,None,0.1935,interest_rate_imputed,credit_score_ordinal,balance_change_1m_pct,Standard Portfolio Surveillance,0.9525
LN0007396,2024-08,0.0326,0.048,0.0261,0.0122,Current,0,None,0.3405,credit_score_ordinal,interest_rate_imputed,balance_change_1m_pct,Standard Portfolio Surveillance,0.9479
LN0007428,2025-06,0.0687,0.0644,0.0143,0.0147,Current,0,None,0.4151,balance_change_1m_pct,credit_score_ordinal,balance_to_orig_ratio,Standard Portfolio Surveillance,0.9713
LN0007441,2023-08,0.02,0.0377,0.0342,0.0495,Current,0,None,0.3343,interest_rate_imputed,balance_change_1m_pct,balance_to_orig_ratio,Standard Portfolio Surveillance,0.9315
LN0007445,2025-03,0.0403,0.0771,0.0614,0.0412,Current,0,None,0.1903,interest_rate_imputed,credit_score_ordinal,balance_change_1m_pct,Standard Portfolio Surveillance,0.8771
LN0007452,2023-06,0.6989,0.6621,0.0081,0.0078,90+ DPD,0,None,0.7511,days_past_due,dpd_roll_max_6m,balance_change_1m_pct,Audit & Data Quality Exception Review,0.9838
LN0007460,2023-08,0.0038,0.0059,0.0081,0.0078,Default,0,None,0.5767,days_past_due,dpd_roll_max_6m,credit_score_ordinal,Standard Portfolio Surveillance,0.9838
LN0007467,2024-11,0.014,0.026,0.011,0.0101,Current,0,None,0.4107,interest_rate_imputed,balance_change_1m_pct,balance_to_orig_ratio,Standard Portfolio Surveillance,0.9781
LN0007485,2023-12,0.0175,0.0348,0.0374,0.0495,Current,0,None,0.2775,interest_rate_imputed,balance_change_1m_pct,balance_to_orig_ratio,Standard Portfolio Surveillance,0.9252
LN0007499,2022-05,0.0038,0.0059,0.0081,0.0078,Default,1,Data Conflict,0.3465,credit_score_ordinal,balance_change_1m_pct,interest_rate_imputed,Audit & Data Quality Exception Review,0.9838
LN0007531,2024-02,0.0345,0.048,0.0535,0.0412,Current,0,None,0.234,credit_score_ordinal,balance_change_1m_pct,interest_rate_imputed,Standard Portfolio Surveillance,0.893
LN0007541,2024-06,0.0687,0.0644,0.0261,0.03,Current,0,None,0.3561,interest_rate_imputed,credit_score_ordinal,balance_change_1m_pct,Standard Portfolio Surveillance,0.9479
LN0007556,2025-09,0.0326,0.0156,0.0143,0.0101,Current,0,None,0.4408,balance_change_1m_pct,credit_score_ordinal,balance_to_orig_ratio,Standard Portfolio Surveillance,0.9713
LN0007558,2024-02,0.0942,0.1674,0.0847,0.0495,30-59 DPD,0,None,0.1557,credit_score_ordinal,balance_change_1m_pct,interest_rate_imputed,Standard Portfolio Surveillance,0.8305
LN0007562,2025-03,0.6989,0.6621,0.0081,0.0078,90+ DPD,0,None,0.7638,days_past_due,dpd_roll_max_6m,balance_change_1m_pct,Audit & Data Quality Exception Review,0.9838
LN0007563,2024-06,0.02,0.0377,0.0237,0.0412,Current,0,None,0.1726,credit_score_ordinal,interest_rate_imputed,balance_to_orig_ratio,Standard Portfolio Surveillance,0.9525
LN0007596,2024-02,0.0099,0.0179,0.0237,0.0495,Current,0,None,0.1095,credit_score_ordinal,balance_change_1m_pct,interest_rate_imputed,Standard Portfolio Surveillance,0.9525
LN0007597,2025-04,0.0403,0.0771,0.0234,0.03,Current,0,None,0.2907,credit_score_ordinal,interest_rate_imputed,balance_change_1m_pct,Standard Portfolio Surveillance,0.9531
LN0007600,2026-04,0.0326,0.0156,0.0143,0.0101,Current,0,None,0.2674,credit_score_ordinal,balance_change_1m_pct,interest_rate_imputed,Standard Portfolio Surveillance,0.9713
LN0007607,2023-05,0.0345,0.0571,0.0535,0.0495,30-59 DPD,0,None,0.3335,balance_change_1m_pct,credit_score_ordinal,interest_rate_imputed,Standard Portfolio Surveillance,0.893
LN0007609,2024-01,0.0942,0.1674,0.0847,0.0495,Current,0,None,0.2495,interest_rate_imputed,credit_score_ordinal,balance_change_1m_pct,Standard Portfolio Surveillance,0.8305
LN0007616,2024-08,0.02,0.0377,0.011,0.0235,Current,0,None,0.2103,credit_score_ordinal,balance_change_1m_pct,interest_rate_imputed,Standard Portfolio Surveillance,0.9781
LN0007617,2024-11,0.0038,0.0059,0.0081,0.0078,Prepaid,0,None,0.7593,balance_change_1m_pct,balance_to_orig_ratio,credit_score_ordinal,Audit & Data Quality Exception Review,0.9838
LN0007631,2024-10,0.0223,0.048,0.0143,0.0235,Current,0,None,0.2714,credit_score_ordinal,balance_change_1m_pct,interest_rate_imputed,Standard Portfolio Surveillance,0.9713
LN0007659,2024-09,0.0223,0.048,0.0261,0.03,Current,0,None,0.1765,credit_score_ordinal,interest_rate_imputed,balance_change_1m_pct,Standard Portfolio Surveillance,0.9479
LN0007679,2025-06,0.0345,0.048,0.0261,0.03,Current,0,None,0.2024,credit_score_ordinal,interest_rate_imputed,balance_change_1m_pct,Standard Portfolio Surveillance,0.9479
LN0007711,2024-02,0.0099,0.0179,0.0237,0.0412,Current,0,None,0.2686,interest_rate_imputed,balance_change_1m_pct,credit_score_ordinal,Standard Portfolio Surveillance,0.9525
LN0007712,2024-05,0.0099,0.0179,0.0237,0.0495,Current,0,None,0.1151,interest_rate_imputed,balance_change_1m_pct,balance_to_orig_ratio,Standard Portfolio Surveillance,0.9525
LN0007717,2024-10,0.0099,0.0179,0.0237,0.0412,Current,0,None,0.3359,credit_score_ordinal,interest_rate_imputed,balance_change_1m_pct,Standard Portfolio Surveillance,0.9525
LN0007746,2023-07,0.0099,0.0179,0.0237,0.0495,Current,0,None,0.3083,credit_score_ordinal,balance_change_1m_pct,balance_to_orig_ratio,Standard Portfolio Surveillance,0.9525
LN0007773,2025-01,0.0223,0.048,0.0535,0.0412,Current,0,None,0.3976,balance_change_1m_pct,interest_rate_imputed,credit_score_ordinal,Standard Portfolio Surveillance,0.893
LN0007811,2023-12,0.0099,0.0179,0.0237,0.0495,Current,0,None,0.3354,credit_score_ordinal,balance_change_1m_pct,balance_to_orig_ratio,Standard Portfolio Surveillance,0.9525
LN0007815,2024-11,0.0038,0.0059,0.0081,0.0078,Prepaid,0,None,0.7284,balance_change_1m_pct,balance_to_orig_ratio,credit_score_ordinal,Audit & Data Quality Exception Review,0.9838
LN0007843,2023-08,0.0038,0.0059,0.0081,0.0078,Prepaid,0,None,0.6895,balance_change_1m_pct,interest_rate_imputed,balance_to_orig_ratio,Audit & Data Quality Exception Review,0.9838
LN0007845,2024-06,0.0326,0.048,0.0535,0.0412,Current,0,None,0.2361,interest_rate_imputed,balance_change_1m_pct,balance_to_orig_ratio,Standard Portfolio Surveillance,0.893
LN0007849,2024-05,0.02,0.0377,0.0342,0.0495,Current,0,None,0.1179,credit_score_ordinal,interest_rate_imputed,balance_change_1m_pct,Standard Portfolio Surveillance,0.9315
LN0007878,2024-02,0.0099,0.0179,0.0237,0.0495,Current,0,None,0.2027,balance_change_1m_pct,credit_score_ordinal,interest_rate_imputed,Standard Portfolio Surveillance,0.9525
LN0007937,2023-12,0.0038,0.0059,0.0081,0.0078,Prepaid,0,None,0.6136,balance_change_1m_pct,balance_to_orig_ratio,credit_score_ordinal,Standard Portfolio Surveillance,0.9838
LN0007939,2022-07,0.0038,0.0059,0.0081,0.0078,Default,1,Data Conflict,0.4479,credit_score_ordinal,interest_rate_imputed,balance_change_1m_pct,Audit & Data Quality Exception Review,0.9838
LN0007946,2022-11,0.0038,0.0059,0.0081,0.0078,Prepaid,0,None,0.5359,balance_change_1m_pct,balance_to_orig_ratio,credit_score_ordinal,Standard Portfolio Surveillance,0.9838
LN0007958,2025-03,0.0687,0.0644,0.0261,0.0235,Current,0,None,0.1767,interest_rate_imputed,balance_change_1m_pct,balance_to_orig_ratio,Standard Portfolio Surveillance,0.9479
LN0007972,2024-03,0.0942,0.1674,0.0847,0.0495,30-59 DPD,0,None,0.192,credit_score_ordinal,balance_change_1m_pct,interest_rate_imputed,Standard Portfolio Surveillance,0.8305
LN0008007,2025-01,0.0099,0.0179,0.0245,0.03,Current,0,None,0.2738,interest_rate_imputed,balance_change_1m_pct,credit_score_ordinal,Standard Portfolio Surveillance,0.9509
LN0008048,2024-07,0.0099,0.0179,0.0237,0.0495,Current,0,None,0.2253,interest_rate_imputed,balance_change_1m_pct,credit_score_ordinal,Standard Portfolio Surveillance,0.9525
LN0008049,2024-05,0.0099,0.0179,0.0237,0.0495,Current,0,None,0.3488,credit_score_ordinal,balance_change_1m_pct,balance_to_orig_ratio,Standard Portfolio Surveillance,0.9525
LN0008069,2024-12,0.0345,0.048,0.0535,0.0412,Current,0,None,0.2056,interest_rate_imputed,balance_change_1m_pct,balance_to_orig_ratio,Standard Portfolio Surveillance,0.893
LN0008073,2024-11,0.0038,0.0059,0.0081,0.0078,Prepaid,0,None,0.7379,balance_change_1m_pct,balance_to_orig_ratio,interest_rate_imputed,Audit & Data Quality Exception Review,0.9838
LN0008084,2025-11,0.0345,0.0156,0.0143,0.0101,Current,0,None,0.224,credit_score_ordinal,balance_change_1m_pct,interest_rate_imputed,Standard Portfolio Surveillance,0.9713
LN0008105,2024-10,0.014,0.026,0.011,0.0147,Current,0,None,0.3867,interest_rate_imputed,balance_change_1m_pct,credit_score_ordinal,Standard Portfolio Surveillance,0.9781
LN0008111,2023-07,0.0942,0.1674,0.0847,0.0495,Current,0,None,0.2206,credit_score_ordinal,balance_change_1m_pct,balance_to_orig_ratio,Standard Portfolio Surveillance,0.8305
LN0008156,2024-06,0.0326,0.048,0.0261,0.03,Current,0,None,0.1546,credit_score_ordinal,interest_rate_imputed,balance_change_1m_pct,Standard Portfolio Surveillance,0.9479
LN0008160,2024-10,0.0273,0.0644,0.0847,0.0412,Current,0,None,0.298,balance_change_1m_pct,credit_score_ordinal,balance_to_orig_ratio,Standard Portfolio Surveillance,0.8305
LN0008162,2025-05,0.02,0.0377,0.011,0.0101,Current,0,None,0.2908,interest_rate_imputed,balance_change_1m_pct,credit_score_ordinal,Standard Portfolio Surveillance,0.9781
LN0008180,2023-11,0.0099,0.0179,0.0237,0.0495,Current,0,None,0.2536,balance_change_1m_pct,interest_rate_imputed,balance_to_orig_ratio,Standard Portfolio Surveillance,0.9525
LN0008182,2023-08,0.0038,0.0059,0.0081,0.0078,Default,1,Data Conflict,0.4289,interest_rate_imputed,balance_change_1m_pct,credit_score_ordinal,Audit & Data Quality Exception Review,0.9838
LN0008194,2024-08,0.0038,0.0059,0.0081,0.0078,Default,0,None,0.6549,days_past_due,dpd_roll_max_6m,credit_score_ordinal,Audit & Data Quality Exception Review,0.9838
LN0008195,2025-01,0.0038,0.0059,0.0081,0.0078,Prepaid,0,None,0.7924,balance_change_1m_pct,balance_to_orig_ratio,interest_rate_imputed,Audit & Data Quality Exception Review,0.9838
LN0008200,2025-01,0.02,0.0377,0.011,0.0147,Current,0,None,0.4041,balance_change_1m_pct,interest_rate_imputed,credit_score_ordinal,Standard Portfolio Surveillance,0.9781
LN0008205,2024-07,0.0273,0.0644,0.0847,0.0412,Current,0,None,0.3078,balance_change_1m_pct,interest_rate_imputed,balance_to_orig_ratio,Standard Portfolio Surveillance,0.8305
LN0008211,2025-06,0.0273,0.0644,0.0143,0.0235,30-59 DPD,0,None,0.3403,credit_score_ordinal,interest_rate_imputed,balance_change_1m_pct,Standard Portfolio Surveillance,0.9713
LN0008214,2022-08,0.0038,0.0059,0.0081,0.0078,Prepaid,0,None,0.658,balance_change_1m_pct,balance_to_orig_ratio,interest_rate_imputed,Audit & Data Quality Exception Review,0.9838
LN0008219,2025-01,0.0038,0.0059,0.0081,0.0078,Prepaid,0,None,0.7882,balance_change_1m_pct,balance_to_orig_ratio,credit_score_ordinal,Audit & Data Quality Exception Review,0.9838
LN0008227,2026-03,0.0273,0.0644,0.0143,0.0101,Current,0,None,0.3645,credit_score_ordinal,balance_change_1m_pct,interest_rate_imputed,Standard Portfolio Surveillance,0.9713
LN0008242,2023-12,0.0118,0.0213,0.0237,0.0495,Current,0,None,0.1653,balance_change_1m_pct,interest_rate_imputed,credit_score_ordinal,Standard Portfolio Surveillance,0.9525
LN0008266,2022-12,0.0038,0.0059,0.0081,0.0078,Prepaid,0,None,0.6133,balance_change_1m_pct,balance_to_orig_ratio,interest_rate_imputed,Standard Portfolio Surveillance,0.9838
LN0008287,2024-06,0.0326,0.048,0.0535,0.0412,Current,0,None,0.2909,credit_score_ordinal,interest_rate_imputed,balance_change_1m_pct,Standard Portfolio Surveillance,0.893
LN0008303,2024-10,0.0223,0.0156,0.0143,0.0101,Current,0,None,0.3829,balance_change_1m_pct,credit_score_ordinal,balance_to_orig_ratio,Standard Portfolio Surveillance,0.9713
LN0008310,2023-12,0.0038,0.0059,0.0081,0.0078,Default,1,Data Conflict,0.2827,balance_change_1m_pct,interest_rate_imputed,balance_to_orig_ratio,Audit & Data Quality Exception Review,0.9838
LN0008315,2023-01,0.0038,0.0059,0.0081,0.0078,Default,1,Data Conflict,0.5993,days_past_due,dpd_roll_max_6m,credit_score_ordinal,Audit & Data Quality Exception Review,0.9838
LN0008321,2023-06,0.0326,0.048,0.0535,0.0495,Current,0,None,0.2056,credit_score_ordinal,balance_change_1m_pct,balance_to_orig_ratio,Standard Portfolio Surveillance,0.893
LN0008330,2024-02,0.0403,0.0771,0.0614,0.0412,Current,0,None,0.0933,credit_score_ordinal,balance_change_1m_pct,interest_rate_imputed,Standard Portfolio Surveillance,0.8771
LN0008418,2023-07,0.0038,0.0059,0.0081,0.0078,Default,1,Data Conflict,0.3828,balance_change_1m_pct,credit_score_ordinal,interest_rate_imputed,Audit & Data Quality Exception Review,0.9838
LN0008423,2024-07,0.0942,0.1674,0.0847,0.0495,Current,0,None,0.2989,credit_score_ordinal,interest_rate_imputed,balance_change_1m_pct,Standard Portfolio Surveillance,0.8305
LN0008433,2023-07,0.0273,0.0644,0.0847,0.0412,Current,0,None,0.2731,balance_change_1m_pct,credit_score_ordinal,interest_rate_imputed,Standard Portfolio Surveillance,0.8305
LN0008437,2023-10,0.0345,0.048,0.0535,0.0355,Current,0,None,0.2624,dpd_roll_max_6m,interest_rate_imputed,balance_change_1m_pct,Standard Portfolio Surveillance,0.893
LN0008450,2024-10,0.0223,0.048,0.0261,0.03,Current,0,None,0.1303,credit_score_ordinal,interest_rate_imputed,balance_change_1m_pct,Standard Portfolio Surveillance,0.9479
LN0008459,2024-09,0.014,0.026,0.0342,0.0412,Current,0,None,0.1556,interest_rate_imputed,balance_change_1m_pct,balance_to_orig_ratio,Standard Portfolio Surveillance,0.9315
LN0008481,2023-10,0.0038,0.0059,0.0081,0.0078,Default,1,Data Conflict,0.2861,balance_change_1m_pct,balance_to_orig_ratio,interest_rate_imputed,Audit & Data Quality Exception Review,0.9838
LN0008489,2023-10,0.0099,0.0179,0.0237,0.0495,Current,0,None,0.395,balance_change_1m_pct,credit_score_ordinal,interest_rate_imputed,Standard Portfolio Surveillance,0.9525
LN0008497,2025-03,0.014,0.026,0.011,0.0101,Current,0,None,0.3314,credit_score_ordinal,interest_rate_imputed,balance_change_1m_pct,Standard Portfolio Surveillance,0.9781
LN0008515,2023-05,0.0038,0.0059,0.0081,0.0078,Prepaid,0,None,0.7884,balance_change_1m_pct,balance_to_orig_ratio,interest_rate_imputed,Audit & Data Quality Exception Review,0.9838
LN0008523,2024-05,0.0038,0.0059,0.0081,0.0078,Prepaid,0,None,0.7189,balance_change_1m_pct,balance_to_orig_ratio,credit_score_ordinal,Audit & Data Quality Exception Review,0.9838
LN0008526,2023-08,0.0223,0.0571,0.0535,0.0495,Current,0,None,0.1378,credit_score_ordinal,interest_rate_imputed,balance_change_1m_pct,Standard Portfolio Surveillance,0.893
LN0008532,2023-03,0.0099,0.0179,0.0237,0.0495,Current,0,None,0.2507,balance_change_1m_pct,credit_score_ordinal,interest_rate_imputed,Standard Portfolio Surveillance,0.9525
LN0008540,2025-02,0.0942,0.0644,0.0847,0.0412,30-59 DPD,0,None,0.2093,interest_rate_imputed,balance_change_1m_pct,balance_to_orig_ratio,Standard Portfolio Surveillance,0.8305
LN0008572,2023-01,0.0038,0.0059,0.0081,0.0078,Default,1,Data Conflict,0.4403,balance_change_1m_pct,credit_score_ordinal,balance_to_orig_ratio,Audit & Data Quality Exception Review,0.9838
LN0008578,2025-05,0.02,0.0377,0.011,0.0101,Current,0,None,0.2939,credit_score_ordinal,balance_change_1m_pct,interest_rate_imputed,Standard Portfolio Surveillance,0.9781
LN0008583,2024-01,0.0345,0.048,0.0535,0.0412,Current,0,None,0.3139,balance_to_orig_ratio,balance_change_1m_pct,days_past_due,Standard Portfolio Surveillance,0.893
LN0008586,2023-08,0.02,0.0377,0.0237,0.0495,Current,0,None,0.1069,interest_rate_imputed,balance_change_1m_pct,balance_to_orig_ratio,Standard Portfolio Surveillance,0.9525
LN0008599,2025-06,0.0118,0.0213,0.011,0.0101,Current,0,None,0.287,interest_rate_imputed,balance_to_orig_ratio,balance_change_1m_pct,Standard Portfolio Surveillance,0.9781
LN0008626,2025-08,0.014,0.026,0.0245,0.0235,Current,0,None,0.2483,credit_score_ordinal,interest_rate_imputed,balance_change_1m_pct,Standard Portfolio Surveillance,0.9509
LN0008640,2026-05,0.0273,0.0644,0.0143,0.0101,Current,0,None,0.2855,interest_rate_imputed,credit_score_ordinal,balance_change_1m_pct,Standard Portfolio Surveillance,0.9713
LN0008649,2024-11,0.0038,0.0059,0.0081,0.0078,Default,1,Data Conflict,0.3667,interest_rate_imputed,balance_change_1m_pct,balance_to_orig_ratio,Audit & Data Quality Exception Review,0.9838
LN0008668,2024-06,0.0403,0.0771,0.0614,0.0412,Current,0,None,0.164,credit_score_ordinal,interest_rate_imputed,balance_change_1m_pct,Standard Portfolio Surveillance,0.8771
LN0008672,2024-03,0.0038,0.0059,0.0081,0.0078,Prepaid,0,None,0.6538,balance_change_1m_pct,balance_to_orig_ratio,credit_score_ordinal,Audit & Data Quality Exception Review,0.9838
LN0008681,2023-12,0.02,0.0377,0.0237,0.0412,Current,0,None,0.3332,interest_rate_imputed,balance_change_1m_pct,credit_score_ordinal,Standard Portfolio Surveillance,0.9525
LN0008693,2024-06,0.0403,0.0771,0.0614,0.0495,Current,0,None,0.2886,interest_rate_imputed,balance_change_1m_pct,credit_score_ordinal,Standard Portfolio Surveillance,0.8771
LN0008701,2025-02,0.6989,0.6621,0.0081,0.0078,90+ DPD,0,None,0.8625,days_past_due,dpd_roll_max_6m,credit_score_ordinal,Audit & Data Quality Exception Review,0.9838
LN0008716,2024-01,0.0942,0.0644,0.0847,0.0412,30-59 DPD,0,None,0.158,credit_score_ordinal,interest_rate_imputed,balance_change_1m_pct,Standard Portfolio Surveillance,0.8305
LN0008719,2023-09,0.0223,0.048,0.0535,0.0495,Current,0,None,0.2754,credit_score_ordinal,interest_rate_imputed,balance_change_1m_pct,Standard Portfolio Surveillance,0.893
LN0008722,2024-02,0.0345,0.0571,0.0535,0.0495,Current,0,None,0.1854,interest_rate_imputed,balance_change_1m_pct,credit_score_ordinal,Standard Portfolio Surveillance,0.893
LN0008726,2024-05,0.0326,0.0887,0.0535,0.0495,Current,0,None,0.2031,balance_change_1m_pct,interest_rate_imputed,balance_to_orig_ratio,Standard Portfolio Surveillance,0.893
LN0008763,2024-05,0.0345,0.048,0.0535,0.0412,Current,0,None,0.1734,credit_score_ordinal,interest_rate_imputed,balance_change_1m_pct,Standard Portfolio Surveillance,0.893
LN0008771,2023-09,0.02,0.0377,0.0342,0.0412,30-59 DPD,0,None,0.2078,credit_score_ordinal,interest_rate_imputed,balance_change_1m_pct,Standard Portfolio Surveillance,0.9315
LN0008784,2026-05,0.014,0.026,0.011,0.0101,Current,0,None,0.2813,balance_change_1m_pct,interest_rate_imputed,balance_to_orig_ratio,Standard Portfolio Surveillance,0.9781
LN0008791,2022-08,0.0038,0.0059,0.0081,0.0078,Default,1,Data Conflict,0.3579,balance_change_1m_pct,credit_score_ordinal,interest_rate_imputed,Audit & Data Quality Exception Review,0.9838
LN0008804,2025-03,0.0099,0.0179,0.011,0.0147,Current,0,None,0.2051,interest_rate_imputed,balance_change_1m_pct,credit_score_ordinal,Standard Portfolio Surveillance,0.9781
LN0008807,2023-06,0.02,0.0377,0.0342,0.0495,Current,0,None,0.3151,balance_change_1m_pct,interest_rate_imputed,balance_to_orig_ratio,Standard Portfolio Surveillance,0.9315
LN0008841,2023-01,0.0038,0.0059,0.0081,0.0078,Prepaid,0,None,0.8001,balance_change_1m_pct,balance_to_orig_ratio,credit_score_ordinal,Audit & Data Quality Exception Review,0.9838
LN0008857,2023-09,0.0038,0.0059,0.0081,0.0078,Default,1,Data Conflict,0.3402,interest_rate_imputed,balance_change_1m_pct,balance_to_orig_ratio,Audit & Data Quality Exception Review,0.9838
LN0008858,2023-09,0.0099,0.0179,0.0237,0.0412,Current,0,None,0.1697,credit_score_ordinal,interest_rate_imputed,balance_change_1m_pct,Standard Portfolio Surveillance,0.9525
LN0008864,2025-10,0.0326,0.048,0.0143,0.0235,Current,0,None,0.3807,interest_rate_imputed,balance_change_1m_pct,credit_score_ordinal,Standard Portfolio Surveillance,0.9713
LN0008925,2025-07,0.0223,0.048,0.0261,0.03,Current,0,None,0.192,credit_score_ordinal,interest_rate_imputed,balance_change_1m_pct,Standard Portfolio Surveillance,0.9479
LN0008930,2024-03,0.0038,0.0059,0.0081,0.0078,Prepaid,0,None,0.5443,balance_change_1m_pct,balance_to_orig_ratio,credit_score_ordinal,Standard Portfolio Surveillance,0.9838
LN0008931,2024-11,0.0326,0.048,0.0261,0.03,Current,0,None,0.325,interest_rate_imputed,balance_change_1m_pct,balance_to_orig_ratio,Standard Portfolio Surveillance,0.9479
LN0008938,2022-11,0.02,0.0377,0.0237,0.0495,Current,0,None,0.1059,interest_rate_imputed,balance_change_1m_pct,balance_to_orig_ratio,Standard Portfolio Surveillance,0.9525
LN0008952,2023-04,0.0099,0.0179,0.0237,0.0495,Current,0,None,0.1224,credit_score_ordinal,interest_rate_imputed,balance_change_1m_pct,Standard Portfolio Surveillance,0.9525
LN0008980,2026-01,0.0118,0.0213,0.011,0.0147,Current,0,None,0.3362,balance_change_1m_pct,balance_to_orig_ratio,days_past_due,Standard Portfolio Surveillance,0.9781
LN0008982,2025-04,0.0403,0.0309,0.0234,0.03,Current,0,None,0.1486,credit_score_ordinal,interest_rate_imputed,balance_change_1m_pct,Standard Portfolio Surveillance,0.9531
LN0008999,2023-04,0.0321,0.0648,0.0374,0.0495,Current,0,None,0.3435,credit_score_ordinal,balance_change_1m_pct,balance_to_orig_ratio,Standard Portfolio Surveillance,0.9252
LN0009005,2023-12,0.0485,0.0887,0.0535,0.0355,Current,0,None,0.4795,dpd_roll_max_6m,credit_score_ordinal,interest_rate_imputed,Standard Portfolio Surveillance,0.893
LN0009011,2024-04,0.0099,0.0179,0.0237,0.0412,Current,0,None,0.165,interest_rate_imputed,balance_change_1m_pct,balance_to_orig_ratio,Standard Portfolio Surveillance,0.9525
LN0009017,2024-03,0.0038,0.0059,0.0081,0.0078,Prepaid,0,None,0.621,balance_change_1m_pct,balance_to_orig_ratio,credit_score_ordinal,Standard Portfolio Surveillance,0.9838
LN0009039,2026-03,0.014,0.026,0.011,0.0101,Current,0,None,0.2634,credit_score_ordinal,interest_rate_imputed,balance_to_orig_ratio,Standard Portfolio Surveillance,0.9781
LN0009042,2022-12,0.0485,0.0887,0.0535,0.0495,Current,0,None,0.2433,balance_change_1m_pct,credit_score_ordinal,interest_rate_imputed,Standard Portfolio Surveillance,0.893
LN0009060,2024-10,0.0118,0.0213,0.011,0.0147,Current,0,None,0.3297,interest_rate_imputed,balance_change_1m_pct,balance_to_orig_ratio,Standard Portfolio Surveillance,0.9781
LN0009070,2025-03,0.0099,0.0179,0.011,0.0101,Current,0,None,0.3098,credit_score_ordinal,interest_rate_imputed,balance_change_1m_pct,Standard Portfolio Surveillance,0.9781
LN0009127,2023-12,0.0223,0.048,0.0535,0.0412,Current,0,None,0.2878,credit_score_ordinal,interest_rate_imputed,balance_change_1m_pct,Standard Portfolio Surveillance,0.893
LN0009137,2024-09,0.0038,0.0059,0.0081,0.0078,Prepaid,0,None,0.6321,balance_change_1m_pct,balance_to_orig_ratio,credit_score_ordinal,Standard Portfolio Surveillance,0.9838
LN0009152,2025-09,0.02,0.0377,0.011,0.0101,Current,0,None,0.273,interest_rate_imputed,balance_change_1m_pct,credit_score_ordinal,Standard Portfolio Surveillance,0.9781
LN0009177,2025-11,0.0183,0.0309,0.0106,0.0101,Current,0,None,0.4368,credit_score_ordinal,balance_change_1m_pct,balance_to_orig_ratio,Standard Portfolio Surveillance,0.9788
LN0009198,2025-11,0.014,0.026,0.011,0.0147,Current,0,None,0.3073,balance_change_1m_pct,credit_score_ordinal,interest_rate_imputed,Standard Portfolio Surveillance,0.9781
LN0009240,2023-10,0.02,0.0377,0.0342,0.0495,Current,0,None,0.1598,credit_score_ordinal,interest_rate_imputed,balance_change_1m_pct,Standard Portfolio Surveillance,0.9315
LN0009265,2024-02,0.0345,0.048,0.0535,0.0412,Current,0,None,0.3457,balance_change_1m_pct,interest_rate_imputed,balance_to_orig_ratio,Standard Portfolio Surveillance,0.893
LN0009278,2023-01,0.0038,0.0059,0.0081,0.0078,Prepaid,0,None,0.6731,balance_change_1m_pct,balance_to_orig_ratio,credit_score_ordinal,Audit & Data Quality Exception Review,0.9838
LN0009287,2024-07,0.0099,0.0179,0.0237,0.0412,Current,0,None,0.2186,interest_rate_imputed,balance_change_1m_pct,balance_to_orig_ratio,Standard Portfolio Surveillance,0.9525
LN0009288,2024-05,0.0403,0.0771,0.0614,0.0495,Current,0,None,0.2212,balance_change_1m_pct,interest_rate_imputed,credit_score_ordinal,Standard Portfolio Surveillance,0.8771
LN0009367,2024-08,0.0326,0.048,0.0535,0.0412,Current,0,None,0.3993,balance_change_1m_pct,interest_rate_imputed,credit_score_ordinal,Standard Portfolio Surveillance,0.893
LN0009382,2024-01,0.014,0.026,0.0342,0.0495,Current,0,None,0.2018,balance_change_1m_pct,interest_rate_imputed,credit_score_ordinal,Standard Portfolio Surveillance,0.9315
LN0009384,2024-09,0.0345,0.048,0.0535,0.0177,Current,0,None,0.2629,interest_rate_imputed,balance_change_1m_pct,credit_score_ordinal,Standard Portfolio Surveillance,0.893
LN0009417,2024-07,0.0099,0.0179,0.011,0.0235,Current,0,None,0.2444,interest_rate_imputed,balance_change_1m_pct,balance_to_orig_ratio,Standard Portfolio Surveillance,0.9781
LN0009446,2025-11,0.02,0.0377,0.011,0.0101,Current,0,None,0.2737,credit_score_ordinal,balance_change_1m_pct,interest_rate_imputed,Standard Portfolio Surveillance,0.9781
LN0009471,2022-07,0.0038,0.0059,0.0081,0.0078,Default,1,Data Conflict,0.3425,interest_rate_imputed,balance_change_1m_pct,credit_score_ordinal,Audit & Data Quality Exception Review,0.9838
LN0009491,2025-01,0.014,0.026,0.011,0.0235,Current,0,None,0.2522,credit_score_ordinal,balance_change_1m_pct,interest_rate_imputed,Standard Portfolio Surveillance,0.9781
LN0009527,2023-06,0.0099,0.0179,0.0237,0.0495,Current,0,None,0.3128,credit_score_ordinal,interest_rate_imputed,balance_change_1m_pct,Standard Portfolio Surveillance,0.9525
LN0009534,2023-05,0.0038,0.0059,0.0081,0.0078,Default,1,Data Conflict,0.5848,days_past_due,dpd_roll_max_6m,credit_score_ordinal,Audit & Data Quality Exception Review,0.9838
LN0009566,2024-05,0.0223,0.048,0.0535,0.0412,Current,0,None,0.2265,interest_rate_imputed,credit_score_ordinal,balance_change_1m_pct,Standard Portfolio Surveillance,0.893
LN0009574,2023-08,0.02,0.0377,0.0342,0.0495,Current,0,None,0.1123,credit_score_ordinal,balance_change_1m_pct,interest_rate_imputed,Standard Portfolio Surveillance,0.9315
LN0009599,2023-08,0.0038,0.0059,0.0081,0.0078,Default,1,Data Conflict,0.4658,balance_change_1m_pct,credit_score_ordinal,interest_rate_imputed,Audit & Data Quality Exception Review,0.9838
LN0009609,2025-01,0.0099,0.0179,0.0237,0.0412,Current,0,None,0.2383,credit_score_ordinal,interest_rate_imputed,balance_change_1m_pct,Standard Portfolio Surveillance,0.9525
LN0009613,2024-03,0.0118,0.0213,0.0237,0.0412,Current,0,None,0.218,credit_score_ordinal,interest_rate_imputed,balance_change_1m_pct,Standard Portfolio Surveillance,0.9525
LN0009663,2023-01,0.0038,0.0059,0.0081,0.0078,Default,0,None,0.663,days_past_due,dpd_roll_max_6m,credit_score_ordinal,Audit & Data Quality Exception Review,0.9838
LN0009720,2025-03,0.02,0.0377,0.0245,0.0235,Current,0,None,0.1754,credit_score_ordinal,interest_rate_imputed,balance_change_1m_pct,Standard Portfolio Surveillance,0.9509
LN0009722,2024-10,0.0403,0.0771,0.0614,0.0412,Current,0,None,0.168,credit_score_ordinal,balance_change_1m_pct,interest_rate_imputed,Standard Portfolio Surveillance,0.8771
LN0009726,2024-04,0.02,0.0377,0.0342,0.0412,Current,0,None,0.089,interest_rate_imputed,balance_change_1m_pct,balance_to_orig_ratio,Standard Portfolio Surveillance,0.9315
LN0009739,2024-07,0.0223,0.0571,0.0535,0.0495,Current,0,None,0.2256,interest_rate_imputed,credit_score_ordinal,balance_change_1m_pct,Standard Portfolio Surveillance,0.893
LN0009751,2023-09,0.0038,0.0059,0.0081,0.0078,Prepaid,0,None,0.6189,balance_change_1m_pct,balance_to_orig_ratio,credit_score_ordinal,Standard Portfolio Surveillance,0.9838
LN0009771,2024-06,0.0038,0.0059,0.0081,0.0078,Default,1,Data Conflict,0.5242,days_past_due,dpd_roll_max_6m,credit_score_ordinal,Audit & Data Quality Exception Review,0.9838
LN0009782,2025-06,0.0345,0.0156,0.0143,0.0101,Current,0,None,0.2783,credit_score_ordinal,interest_rate_imputed,balance_to_orig_ratio,Standard Portfolio Surveillance,0.9713
LN0009790,2023-04,0.0345,0.0571,0.0535,0.0495,30-59 DPD,0,None,0.1726,balance_change_1m_pct,credit_score_ordinal,interest_rate_imputed,Standard Portfolio Surveillance,0.893
LN0009797,2023-02,0.0485,0.0887,0.0535,0.0495,30-59 DPD,0,None,0.1631,credit_score_ordinal,balance_change_1m_pct,interest_rate_imputed,Standard Portfolio Surveillance,0.893
LN0009804,2024-04,0.014,0.026,0.0153,0.0235,Current,0,None,0.1279,credit_score_ordinal,balance_change_1m_pct,interest_rate_imputed,Standard Portfolio Surveillance,0.9694
LN0009810,2024-06,0.6989,0.6621,0.0081,0.0078,90+ DPD,0,None,0.7625,days_past_due,dpd_roll_max_6m,credit_score_ordinal,Audit & Data Quality Exception Review,0.9838
LN0009837,2024-12,0.0223,0.0156,0.0143,0.0101,Current,0,None,0.375,interest_rate_imputed,balance_change_1m_pct,credit_score_ordinal,Standard Portfolio Surveillance,0.9713
LN0009872,2024-11,0.0687,0.0644,0.0143,0.0101,Current,0,None,0.3152,credit_score_ordinal,interest_rate_imputed,balance_to_orig_ratio,Standard Portfolio Surveillance,0.9713
LN0009877,2022-11,0.0038,0.0059,0.0081,0.0078,Prepaid,0,None,0.6814,balance_change_1m_pct,balance_to_orig_ratio,credit_score_ordinal,Audit & Data Quality Exception Review,0.9838
LN0009890,2024-09,0.0183,0.0309,0.0106,0.0147,Current,0,None,0.2802,credit_score_ordinal,balance_change_1m_pct,interest_rate_imputed,Standard Portfolio Surveillance,0.9788
LN0009910,2023-03,0.0038,0.0059,0.0081,0.0078,Default,1,Data Conflict,0.3327,credit_score_ordinal,balance_change_1m_pct,interest_rate_imputed,Audit & Data Quality Exception Review,0.9838
LN0009924,2023-07,0.0038,0.0059,0.0081,0.0078,Default,1,Data Conflict,0.5804,days_past_due,dpd_roll_max_6m,credit_score_ordinal,Audit & Data Quality Exception Review,0.9838
LN0009925,2024-03,0.0223,0.048,0.0535,0.0412,Current,0,None,0.2211,credit_score_ordinal,interest_rate_imputed,balance_change_1m_pct,Standard Portfolio Surveillance,0.893
LN0009926,2025-02,0.0345,0.048,0.0143,0.0235,Current,0,None,0.2132,credit_score_ordinal,balance_change_1m_pct,interest_rate_imputed,Standard Portfolio Surveillance,0.9713
LN0009927,2025-10,0.0118,0.0213,0.011,0.0101,Current,0,None,0.4806,balance_change_1m_pct,credit_score_ordinal,interest_rate_imputed,Standard Portfolio Surveillance,0.9781
LN0009929,2022-08,0.0038,0.0059,0.0081,0.0078,Prepaid,0,None,0.7756,balance_change_1m_pct,balance_to_orig_ratio,interest_rate_imputed,Audit & Data Quality Exception Review,0.9838
LN0009948,2024-10,0.0175,0.0348,0.0374,0.0412,Current,0,None,0.1895,interest_rate_imputed,balance_change_1m_pct,credit_score_ordinal,Standard Portfolio Surveillance,0.9252
LN0009955,2025-08,0.0038,0.0059,0.0081,0.0078,Default,1,Data Conflict,0.4134,credit_score_ordinal,interest_rate_imputed,balance_change_1m_pct,Audit & Data Quality Exception Review,0.9838
LN0009996,2023-12,0.0038,0.0059,0.0081,0.0078,Default,1,Data Conflict,0.5735,days_past_due,dpd_roll_max_6m,interest_rate_imputed,Audit & Data Quality Exception Review,0.9838
LN0010001,2023-04,0.0326,0.0887,0.0535,0.0495,Current,0,None,0.3148,interest_rate_imputed,balance_change_1m_pct,credit_score_ordinal,Standard Portfolio Surveillance,0.893
LN0010034,2023-12,0.0183,0.0309,0.0234,0.0412,Current,0,None,0.2029,balance_change_1m_pct,credit_score_ordinal,interest_rate_imputed,Standard Portfolio Surveillance,0.9531
LN0010046,2024-05,0.02,0.0377,0.0342,0.0495,Current,0,None,0.2105,credit_score_ordinal,interest_rate_imputed,balance_change_1m_pct,Standard Portfolio Surveillance,0.9315
LN0010064,2023-09,0.014,0.026,0.0342,0.0412,Current,0,None,0.1497,credit_score_ordinal,balance_change_1m_pct,interest_rate_imputed,Standard Portfolio Surveillance,0.9315
LN0010067,2025-11,0.6989,0.6621,0.0081,0.0078,90+ DPD,1,Missing Document,0.9091,days_past_due,dpd_roll_max_6m,credit_score_ordinal,Audit & Data Quality Exception Review,0.9838
LN0010090,2023-12,0.0099,0.0179,0.0237,0.0495,Current,0,None,0.2657,credit_score_ordinal,interest_rate_imputed,balance_change_1m_pct,Standard Portfolio Surveillance,0.9525
LN0010098,2025-08,0.02,0.0377,0.011,0.0235,Current,0,None,0.2383,credit_score_ordinal,balance_change_1m_pct,interest_rate_imputed,Standard Portfolio Surveillance,0.9781
LN0010111,2024-03,0.0223,0.0571,0.0535,0.0495,Current,0,None,0.1891,credit_score_ordinal,balance_change_1m_pct,interest_rate_imputed,Standard Portfolio Surveillance,0.893
LN0010122,2025-04,0.0223,0.048,0.0261,0.03,Current,0,None,0.1994,credit_score_ordinal,interest_rate_imputed,balance_change_1m_pct,Standard Portfolio Surveillance,0.9479
LN0010151,2022-11,0.014,0.026,0.0342,0.0495,Current,0,None,0.1995,credit_score_ordinal,interest_rate_imputed,balance_change_1m_pct,Standard Portfolio Surveillance,0.9315
LN0010166,2024-04,0.0099,0.0179,0.0245,0.03,Current,0,None,0.197,interest_rate_imputed,credit_score_ordinal,balance_change_1m_pct,Standard Portfolio Surveillance,0.9509
LN0010212,2023-06,0.02,0.0377,0.0342,0.0355,Current,0,None,0.48,dpd_roll_max_6m,interest_rate_imputed,balance_change_1m_pct,Standard Portfolio Surveillance,0.9315
LN0010216,2022-06,0.0038,0.0059,0.0081,0.0078,Prepaid,0,None,0.648,balance_change_1m_pct,balance_to_orig_ratio,interest_rate_imputed,Standard Portfolio Surveillance,0.9838
LN0010232,2023-08,0.0942,0.1674,0.0847,0.0355,Current,0,None,0.4343,dpd_roll_max_6m,credit_score_ordinal,interest_rate_imputed,Standard Portfolio Surveillance,0.8305
LN0010237,2023-04,0.0321,0.0348,0.0374,0.0495,Current,0,None,0.2196,interest_rate_imputed,balance_change_1m_pct,credit_score_ordinal,Standard Portfolio Surveillance,0.9252
LN0010242,2023-11,0.0099,0.0179,0.0237,0.0495,Current,0,None,0.2301,balance_change_1m_pct,interest_rate_imputed,balance_to_orig_ratio,Standard Portfolio Surveillance,0.9525
LN0010243,2023-10,0.0345,0.048,0.0535,0.0412,Current,0,None,0.2157,credit_score_ordinal,interest_rate_imputed,balance_change_1m_pct,Standard Portfolio Surveillance,0.893
LN0010244,2024-09,0.0403,0.0771,0.0614,0.03,Current,0,None,0.2101,credit_score_ordinal,interest_rate_imputed,balance_change_1m_pct,Standard Portfolio Surveillance,0.8771
LN0010260,2025-10,0.0326,0.0156,0.0143,0.0101,Current,0,None,0.5217,dpd_roll_max_6m,credit_score_ordinal,balance_change_1m_pct,Standard Portfolio Surveillance,0.9713
LN0010288,2026-03,0.0273,0.0644,0.0143,0.0101,Current,0,None,0.2391,credit_score_ordinal,interest_rate_imputed,balance_change_1m_pct,Standard Portfolio Surveillance,0.9713
LN0010296,2022-05,0.0038,0.0059,0.0081,0.0078,Prepaid,0,None,0.5096,balance_change_1m_pct,balance_to_orig_ratio,interest_rate_imputed,Standard Portfolio Surveillance,0.9838
LN0010375,2023-07,0.014,0.026,0.0342,0.0495,Current,0,None,0.2981,credit_score_ordinal,interest_rate_imputed,balance_change_1m_pct,Standard Portfolio Surveillance,0.9315
LN0010392,2023-01,0.0038,0.0059,0.0081,0.0078,Default,1,Data Conflict,0.2342,credit_score_ordinal,interest_rate_imputed,balance_change_1m_pct,Audit & Data Quality Exception Review,0.9838
LN0010433,2024-03,0.0038,0.0059,0.0081,0.0078,Prepaid,0,None,0.6227,balance_change_1m_pct,balance_to_orig_ratio,credit_score_ordinal,Standard Portfolio Surveillance,0.9838
LN0010434,2024-01,0.02,0.0377,0.0237,0.0412,Current,0,None,0.1808,interest_rate_imputed,credit_score_ordinal,balance_change_1m_pct,Standard Portfolio Surveillance,0.9525
LN0010438,2023-03,0.0038,0.0059,0.0081,0.0078,Prepaid,0,None,0.3977,balance_to_orig_ratio,balance_change_1m_pct,interest_rate_imputed,Standard Portfolio Surveillance,0.9838
LN0010439,2024-03,0.0403,0.0771,0.0234,0.03,Current,0,None,0.2355,interest_rate_imputed,balance_change_1m_pct,credit_score_ordinal,Standard Portfolio Surveillance,0.9531
LN0010451,2025-03,0.02,0.0377,0.0153,0.03,Current,0,None,0.3606,balance_change_1m_pct,interest_rate_imputed,credit_score_ordinal,Standard Portfolio Surveillance,0.9694
LN0010470,2025-03,0.0183,0.0309,0.0106,0.0101,Current,0,None,0.2665,credit_score_ordinal,interest_rate_imputed,balance_to_orig_ratio,Standard Portfolio Surveillance,0.9788
LN0010485,2022-05,0.0038,0.0059,0.0081,0.0078,Default,1,Data Conflict,0.4142,balance_change_1m_pct,interest_rate_imputed,balance_to_orig_ratio,Audit & Data Quality Exception Review,0.9838
LN0010511,2024-02,0.0038,0.0059,0.0081,0.0078,Prepaid,0,None,0.6574,balance_change_1m_pct,balance_to_orig_ratio,interest_rate_imputed,Audit & Data Quality Exception Review,0.9838
LN0010512,2025-08,0.0223,0.0156,0.0143,0.0147,Current,0,None,0.2059,credit_score_ordinal,balance_change_1m_pct,balance_to_orig_ratio,Standard Portfolio Surveillance,0.9713
LN0010515,2024-02,0.0326,0.048,0.0535,0.0412,Current,0,None,0.4417,dpd_roll_max_6m,balance_change_1m_pct,credit_score_ordinal,Standard Portfolio Surveillance,0.893
LN0010542,2024-11,0.0326,0.048,0.0261,0.03,Current,0,None,0.33,balance_change_1m_pct,credit_score_ordinal,interest_rate_imputed,Standard Portfolio Surveillance,0.9479
LN0010572,2023-07,0.0223,0.0571,0.0535,0.0495,Current,0,None,0.2117,credit_score_ordinal,balance_change_1m_pct,interest_rate_imputed,Standard Portfolio Surveillance,0.893
LN0010574,2025-05,0.02,0.0377,0.011,0.0147,Current,0,None,0.2901,interest_rate_imputed,balance_change_1m_pct,balance_to_orig_ratio,Standard Portfolio Surveillance,0.9781
LN0010596,2022-12,0.0038,0.0059,0.0081,0.0078,Default,1,Data Conflict,0.2667,interest_rate_imputed,balance_change_1m_pct,balance_to_orig_ratio,Audit & Data Quality Exception Review,0.9838
LN0010613,2025-05,0.0099,0.0179,0.011,0.0235,Current,0,None,0.2795,credit_score_ordinal,interest_rate_imputed,balance_change_1m_pct,Standard Portfolio Surveillance,0.9781
LN0010615,2022-07,0.0038,0.0059,0.0081,0.0078,Default,0,None,0.6751,days_past_due,dpd_roll_max_6m,interest_rate_imputed,Audit & Data Quality Exception Review,0.9838
LN0010622,2024-05,0.0223,0.048,0.0535,0.0495,Current,0,None,0.1122,interest_rate_imputed,credit_score_ordinal,balance_change_1m_pct,Standard Portfolio Surveillance,0.893
LN0010650,2024-08,0.0099,0.0179,0.011,0.0235,Current,0,None,0.2976,credit_score_ordinal,interest_rate_imputed,balance_change_1m_pct,Standard Portfolio Surveillance,0.9781
LN0010658,2023-09,0.0175,0.0348,0.0374,0.0495,Current,0,None,0.408,interest_rate_imputed,balance_change_1m_pct,credit_score_ordinal,Standard Portfolio Surveillance,0.9252
LN0010721,2024-08,0.0038,0.0059,0.0081,0.0078,Prepaid,0,None,0.9027,dpd_roll_max_6m,balance_change_1m_pct,balance_to_orig_ratio,Audit & Data Quality Exception Review,0.9838
LN0010729,2025-06,0.0273,0.0644,0.0143,0.0101,Current,0,None,0.4936,balance_change_1m_pct,credit_score_ordinal,interest_rate_imputed,Standard Portfolio Surveillance,0.9713
LN0010737,2024-01,0.0038,0.0059,0.0081,0.0078,Prepaid,0,None,0.6568,balance_change_1m_pct,balance_to_orig_ratio,credit_score_ordinal,Audit & Data Quality Exception Review,0.9838
LN0010744,2025-05,0.0223,0.048,0.0535,0.0412,Current,0,None,0.2871,credit_score_ordinal,balance_change_1m_pct,balance_to_orig_ratio,Standard Portfolio Surveillance,0.893
LN0010747,2025-02,0.0326,0.048,0.0261,0.0235,Current,0,None,0.4313,interest_rate_imputed,balance_change_1m_pct,credit_score_ordinal,Standard Portfolio Surveillance,0.9479
LN0010749,2025-03,0.0099,0.0179,0.0245,0.0235,Current,0,None,0.4542,credit_score_ordinal,balance_change_1m_pct,interest_rate_imputed,Standard Portfolio Surveillance,0.9509
LN0010754,2024-10,0.014,0.026,0.0245,0.03,Current,0,None,0.2078,credit_score_ordinal,interest_rate_imputed,balance_change_1m_pct,Standard Portfolio Surveillance,0.9509
LN0010758,2023-03,0.0038,0.0059,0.0081,0.0078,Prepaid,0,None,0.789,balance_change_1m_pct,interest_rate_imputed,balance_to_orig_ratio,Audit & Data Quality Exception Review,0.9838
LN0010760,2024-02,0.0175,0.0348,0.0374,0.03,Current,0,None,0.1477,interest_rate_imputed,credit_score_ordinal,balance_change_1m_pct,Standard Portfolio Surveillance,0.9252
LN0010761,2024-12,0.0099,0.0179,0.0153,0.0235,Current,0,None,0.533,dpd_roll_max_6m,interest_rate_imputed,balance_change_1m_pct,Standard Portfolio Surveillance,0.9694
LN0010779,2024-04,0.02,0.0377,0.0342,0.0412,Current,0,None,0.2331,interest_rate_imputed,balance_change_1m_pct,balance_to_orig_ratio,Standard Portfolio Surveillance,0.9315
LN0010798,2022-12,0.0038,0.0059,0.0081,0.0078,Prepaid,0,None,0.5914,balance_change_1m_pct,balance_to_orig_ratio,interest_rate_imputed,Standard Portfolio Surveillance,0.9838
LN0010802,2026-02,0.0099,0.0179,0.011,0.0147,Current,0,None,0.219,interest_rate_imputed,balance_to_orig_ratio,balance_change_1m_pct,Standard Portfolio Surveillance,0.9781
LN0010811,2023-03,0.0038,0.0059,0.0081,0.0078,Prepaid,0,None,0.5307,balance_to_orig_ratio,balance_change_1m_pct,credit_score_ordinal,Standard Portfolio Surveillance,0.9838
LN0010813,2025-06,0.0099,0.0179,0.011,0.0235,Current,0,None,0.3214,interest_rate_imputed,balance_change_1m_pct,credit_score_ordinal,Standard Portfolio Surveillance,0.9781
LN0010820,2024-09,0.0345,0.048,0.0535,0.0495,Current,0,None,0.0823,interest_rate_imputed,balance_change_1m_pct,balance_to_orig_ratio,Standard Portfolio Surveillance,0.893
LN0010831,2023-08,0.0942,0.1674,0.0847,0.0495,Current,0,None,0.2719,credit_score_ordinal,interest_rate_imputed,balance_change_1m_pct,Standard Portfolio Surveillance,0.8305
LN0010903,2023-05,0.0038,0.0059,0.0081,0.0078,Default,1,Data Conflict,0.5788,days_past_due,dpd_roll_max_6m,credit_score_ordinal,Audit & Data Quality Exception Review,0.9838
LN0010906,2024-09,0.02,0.0377,0.0342,0.0412,Current,0,None,0.14,credit_score_ordinal,interest_rate_imputed,balance_change_1m_pct,Standard Portfolio Surveillance,0.9315
LN0010914,2025-03,0.02,0.0377,0.011,0.0147,Current,0,None,0.3043,credit_score_ordinal,balance_change_1m_pct,interest_rate_imputed,Standard Portfolio Surveillance,0.9781
LN0010926,2022-10,0.0038,0.0059,0.0081,0.0078,Default,1,Data Conflict,0.4207,balance_change_1m_pct,credit_score_ordinal,interest_rate_imputed,Audit & Data Quality Exception Review,0.9838
LN0010930,2024-10,0.0345,0.048,0.0535,0.0412,30-59 DPD,0,None,0.3532,balance_change_1m_pct,credit_score_ordinal,interest_rate_imputed,Standard Portfolio Surveillance,0.893
LN0010952,2023-08,0.0326,0.048,0.0535,0.0495,Current,0,None,0.1217,credit_score_ordinal,interest_rate_imputed,balance_change_1m_pct,Standard Portfolio Surveillance,0.893
LN0010968,2024-06,0.0326,0.048,0.0261,0.03,Current,0,None,0.1556,credit_score_ordinal,interest_rate_imputed,balance_change_1m_pct,Standard Portfolio Surveillance,0.9479
LN0010974,2025-04,0.0223,0.048,0.0261,0.03,Current,0,None,0.148,credit_score_ordinal,interest_rate_imputed,balance_change_1m_pct,Standard Portfolio Surveillance,0.9479
LN0011032,2025-08,0.02,0.0377,0.011,0.0235,Current,0,None,0.1756,interest_rate_imputed,balance_to_orig_ratio,balance_change_1m_pct,Standard Portfolio Surveillance,0.9781
LN0011039,2026-02,0.014,0.026,0.011,0.0101,Current,0,None,0.4081,balance_change_1m_pct,interest_rate_imputed,balance_to_orig_ratio,Standard Portfolio Surveillance,0.9781
LN0011041,2025-10,0.0345,0.0156,0.0143,0.0101,Current,0,None,0.3464,balance_change_1m_pct,interest_rate_imputed,balance_to_orig_ratio,Standard Portfolio Surveillance,0.9713
LN0011049,2023-06,0.0038,0.0059,0.0081,0.0078,Prepaid,0,None,0.6579,balance_change_1m_pct,balance_to_orig_ratio,credit_score_ordinal,Audit & Data Quality Exception Review,0.9838
LN0011053,2025-07,0.014,0.026,0.0245,0.0235,Current,0,None,0.3325,credit_score_ordinal,interest_rate_imputed,balance_change_1m_pct,Standard Portfolio Surveillance,0.9509
LN0011057,2022-09,0.0345,0.0571,0.0535,0.0495,30-59 DPD,0,None,0.1685,credit_score_ordinal,balance_change_1m_pct,interest_rate_imputed,Standard Portfolio Surveillance,0.893
LN0011100,2024-08,0.0942,0.0644,0.0847,0.0412,30-59 DPD,0,None,0.2274,interest_rate_imputed,balance_change_1m_pct,balance_to_orig_ratio,Standard Portfolio Surveillance,0.8305
LN0011104,2022-12,0.0038,0.0059,0.0081,0.0078,Prepaid,0,None,0.8092,dpd_roll_max_6m,balance_change_1m_pct,balance_to_orig_ratio,Audit & Data Quality Exception Review,0.9838
LN0011109,2023-12,0.0038,0.0059,0.0081,0.0078,Default,1,Data Conflict,0.5983,days_past_due,dpd_roll_max_6m,interest_rate_imputed,Audit & Data Quality Exception Review,0.9838
LN0011124,2023-06,0.0345,0.048,0.0535,0.0495,Current,0,None,0.2922,balance_change_1m_pct,interest_rate_imputed,credit_score_ordinal,Standard Portfolio Surveillance,0.893
LN0011136,2025-06,0.02,0.0377,0.011,0.0101,Current,0,None,0.2149,balance_change_1m_pct,interest_rate_imputed,balance_to_orig_ratio,Standard Portfolio Surveillance,0.9781
LN0011143,2023-07,0.02,0.0377,0.0342,0.0495,Current,0,None,0.1813,interest_rate_imputed,balance_change_1m_pct,balance_to_orig_ratio,Standard Portfolio Surveillance,0.9315
LN0011166,2023-05,0.014,0.026,0.0342,0.0495,Current,0,None,0.1802,credit_score_ordinal,interest_rate_imputed,balance_change_1m_pct,Standard Portfolio Surveillance,0.9315
LN0011174,2026-01,0.014,0.026,0.011,0.0147,Current,0,None,0.1914,interest_rate_imputed,balance_change_1m_pct,balance_to_orig_ratio,Standard Portfolio Surveillance,0.9781
LN0011179,2024-04,0.0175,0.0348,0.0374,0.0412,Current,0,None,0.2238,credit_score_ordinal,interest_rate_imputed,balance_change_1m_pct,Standard Portfolio Surveillance,0.9252
LN0011196,2024-11,0.0223,0.0156,0.0143,0.0101,Current,0,None,0.2626,interest_rate_imputed,balance_change_1m_pct,balance_to_orig_ratio,Standard Portfolio Surveillance,0.9713
LN0011217,2025-03,0.0118,0.0213,0.0153,0.03,Current,0,None,0.2555,interest_rate_imputed,balance_change_1m_pct,credit_score_ordinal,Standard Portfolio Surveillance,0.9694
LN0011236,2023-06,0.0485,0.0887,0.0535,0.0495,30-59 DPD,0,None,0.1108,credit_score_ordinal,interest_rate_imputed,balance_change_1m_pct,Standard Portfolio Surveillance,0.893
LN0011247,2023-06,0.0223,0.048,0.0535,0.0495,30-59 DPD,0,None,0.2342,credit_score_ordinal,interest_rate_imputed,balance_change_1m_pct,Standard Portfolio Surveillance,0.893
LN0011273,2024-02,0.0038,0.0059,0.0081,0.0078,Prepaid,0,None,0.7409,balance_change_1m_pct,balance_to_orig_ratio,credit_score_ordinal,Audit & Data Quality Exception Review,0.9838
LN0011300,2024-11,0.0273,0.0644,0.0261,0.0235,Current,0,None,0.3427,credit_score_ordinal,balance_change_1m_pct,interest_rate_imputed,Standard Portfolio Surveillance,0.9479
LN0011302,2024-01,0.0038,0.0059,0.0081,0.0078,Prepaid,0,None,0.5655,balance_change_1m_pct,balance_to_orig_ratio,interest_rate_imputed,Standard Portfolio Surveillance,0.9838
LN0011313,2024-10,0.0038,0.0059,0.0081,0.0078,Default,1,Data Conflict,0.3158,credit_score_ordinal,interest_rate_imputed,balance_change_1m_pct,Audit & Data Quality Exception Review,0.9838
LN0011336,2024-07,0.0175,0.0348,0.0374,0.0495,Current,0,None,0.1633,interest_rate_imputed,balance_change_1m_pct,balance_to_orig_ratio,Standard Portfolio Surveillance,0.9252
LN0011353,2023-11,0.014,0.026,0.0342,0.0412,Current,0,None,0.2666,credit_score_ordinal,balance_to_orig_ratio,balance_change_1m_pct,Standard Portfolio Surveillance,0.9315
LN0011355,2025-06,0.0038,0.0059,0.0081,0.0078,Default,1,Data Conflict,0.3064,credit_score_ordinal,interest_rate_imputed,balance_change_1m_pct,Audit & Data Quality Exception Review,0.9838
LN0011368,2022-10,0.0118,0.0213,0.0237,0.0495,Current,0,None,0.0694,credit_score_ordinal,interest_rate_imputed,balance_change_1m_pct,Standard Portfolio Surveillance,0.9525
LN0011370,2022-10,0.0038,0.0059,0.0081,0.0078,Default,1,Data Conflict,0.3611,credit_score_ordinal,interest_rate_imputed,balance_change_1m_pct,Audit & Data Quality Exception Review,0.9838
LN0011376,2024-01,0.014,0.026,0.0342,0.0495,Current,0,None,0.1586,credit_score_ordinal,interest_rate_imputed,balance_change_1m_pct,Standard Portfolio Surveillance,0.9315
LN0011414,2023-09,0.0223,0.0571,0.0535,0.0495,Current,0,None,0.131,credit_score_ordinal,interest_rate_imputed,balance_change_1m_pct,Standard Portfolio Surveillance,0.893
LN0011415,2025-11,0.0099,0.0179,0.011,0.0235,Current,0,None,0.2902,credit_score_ordinal,interest_rate_imputed,balance_change_1m_pct,Standard Portfolio Surveillance,0.9781
LN0011420,2023-06,0.0345,0.0571,0.0535,0.0495,Current,0,None,0.2313,interest_rate_imputed,balance_change_1m_pct,balance_to_orig_ratio,Standard Portfolio Surveillance,0.893
LN0011428,2025-07,0.0183,0.0309,0.0234,0.0235,Prepaid,0,None,0.4172,credit_score_ordinal,interest_rate_imputed,balance_change_1m_pct,Standard Portfolio Surveillance,0.9531
LN0011436,2024-03,0.0038,0.0059,0.0081,0.0078,Default,1,Data Conflict,0.3245,credit_score_ordinal,interest_rate_imputed,balance_change_1m_pct,Audit & Data Quality Exception Review,0.9838
LN0011446,2026-01,0.0175,0.0348,0.0106,0.0147,Prepaid,0,None,0.3547,credit_score_ordinal,balance_change_1m_pct,balance_to_orig_ratio,Standard Portfolio Surveillance,0.9788
LN0011467,2023-12,0.0223,0.0571,0.0535,0.0495,Current,0,None,0.1576,credit_score_ordinal,balance_change_1m_pct,interest_rate_imputed,Standard Portfolio Surveillance,0.893
LN0011470,2022-06,0.0038,0.0059,0.0081,0.0078,Default,1,Data Conflict,0.4066,credit_score_ordinal,balance_change_1m_pct,interest_rate_imputed,Audit & Data Quality Exception Review,0.9838
LN0011484,2024-01,0.0321,0.0348,0.0374,0.0495,Current,0,None,0.1243,interest_rate_imputed,credit_score_ordinal,balance_change_1m_pct,Standard Portfolio Surveillance,0.9252
LN0011501,2022-06,0.0038,0.0059,0.0081,0.0078,Prepaid,0,None,0.6027,balance_change_1m_pct,balance_to_orig_ratio,credit_score_ordinal,Standard Portfolio Surveillance,0.9838
LN0011519,2026-01,0.0223,0.0156,0.0143,0.0101,30-59 DPD,0,None,0.3602,credit_score_ordinal,balance_change_1m_pct,interest_rate_imputed,Standard Portfolio Surveillance,0.9713
LN0011558,2024-02,0.0485,0.0887,0.0535,0.0495,30-59 DPD,0,None,0.2215,balance_change_1m_pct,credit_score_ordinal,interest_rate_imputed,Standard Portfolio Surveillance,0.893
LN0011565,2025-07,0.0326,0.048,0.0143,0.0235,Current,0,None,0.2184,balance_change_1m_pct,interest_rate_imputed,balance_to_orig_ratio,Standard Portfolio Surveillance,0.9713
LN0011570,2023-12,0.0326,0.048,0.0535,0.0412,Current,0,None,0.1963,credit_score_ordinal,interest_rate_imputed,balance_change_1m_pct,Standard Portfolio Surveillance,0.893
LN0011580,2023-05,0.0345,0.0571,0.0535,0.0495,Current,0,None,0.1673,balance_change_1m_pct,interest_rate_imputed,balance_to_orig_ratio,Standard Portfolio Surveillance,0.893
LN0011581,2024-03,0.0223,0.0571,0.0535,0.0495,Current,0,None,0.1957,credit_score_ordinal,interest_rate_imputed,balance_change_1m_pct,Standard Portfolio Surveillance,0.893
LN0011588,2024-02,0.0038,0.0059,0.0081,0.0078,Prepaid,0,None,0.6225,balance_change_1m_pct,balance_to_orig_ratio,credit_score_ordinal,Standard Portfolio Surveillance,0.9838
LN0011591,2025-01,0.02,0.0377,0.0245,0.03,Current,0,None,0.3289,credit_score_ordinal,interest_rate_imputed,balance_change_1m_pct,Standard Portfolio Surveillance,0.9509
LN0011614,2025-12,0.0223,0.0156,0.0143,0.0147,Current,0,None,0.217,balance_change_1m_pct,interest_rate_imputed,balance_to_orig_ratio,Standard Portfolio Surveillance,0.9713
LN0011624,2024-01,0.0223,0.048,0.0535,0.0412,Current,0,None,0.1497,interest_rate_imputed,balance_change_1m_pct,balance_to_orig_ratio,Standard Portfolio Surveillance,0.893
LN0011639,2024-03,0.0326,0.048,0.0535,0.0412,Current,0,None,0.3032,credit_score_ordinal,interest_rate_imputed,balance_change_1m_pct,Standard Portfolio Surveillance,0.893
LN0011641,2024-01,0.0118,0.0213,0.0237,0.0412,Current,0,None,0.1747,interest_rate_imputed,balance_change_1m_pct,balance_to_orig_ratio,Standard Portfolio Surveillance,0.9525
LN0011642,2024-05,0.0326,0.048,0.0261,0.03,Current,0,None,0.3266,interest_rate_imputed,balance_change_1m_pct,balance_to_orig_ratio,Standard Portfolio Surveillance,0.9479
LN0011680,2023-07,0.0038,0.0059,0.0081,0.0078,Prepaid,0,None,0.5927,balance_change_1m_pct,balance_to_orig_ratio,credit_score_ordinal,Standard Portfolio Surveillance,0.9838
LN0011685,2023-08,0.014,0.026,0.0342,0.0495,Current,0,None,0.2252,credit_score_ordinal,interest_rate_imputed,balance_change_1m_pct,Standard Portfolio Surveillance,0.9315
LN0011713,2022-11,0.0038,0.0059,0.0081,0.0078,Prepaid,0,None,0.5388,balance_change_1m_pct,balance_to_orig_ratio,credit_score_ordinal,Standard Portfolio Surveillance,0.9838
LN0011730,2023-01,0.0038,0.0059,0.0081,0.0078,Prepaid,0,None,0.6545,balance_change_1m_pct,balance_to_orig_ratio,credit_score_ordinal,Audit & Data Quality Exception Review,0.9838
LN0011733,2024-07,0.0175,0.0348,0.0234,0.0412,Current,0,None,0.3975,balance_change_1m_pct,interest_rate_imputed,balance_to_orig_ratio,Standard Portfolio Surveillance,0.9531
LN0011737,2025-06,0.0099,0.0179,0.0245,0.03,Current,0,None,0.2766,credit_score_ordinal,interest_rate_imputed,balance_change_1m_pct,Standard Portfolio Surveillance,0.9509
LN0011761,2023-08,0.0223,0.0571,0.0535,0.0495,Current,0,None,0.2422,credit_score_ordinal,balance_change_1m_pct,interest_rate_imputed,Standard Portfolio Surveillance,0.893
LN0011766,2024-04,0.0345,0.048,0.0535,0.0495,Current,0,None,0.1553,balance_change_1m_pct,credit_score_ordinal,interest_rate_imputed,Standard Portfolio Surveillance,0.893
LN0011767,2022-08,0.0038,0.0059,0.0081,0.0078,Default,1,Data Conflict,0.3762,credit_score_ordinal,balance_change_1m_pct,interest_rate_imputed,Audit & Data Quality Exception Review,0.9838
LN0011787,2023-12,0.014,0.026,0.0342,0.0495,Current,0,None,0.1658,credit_score_ordinal,interest_rate_imputed,balance_change_1m_pct,Standard Portfolio Surveillance,0.9315
LN0011803,2023-01,0.0223,0.0571,0.0535,0.0495,Current,0,None,0.2212,balance_change_1m_pct,interest_rate_imputed,balance_to_orig_ratio,Standard Portfolio Surveillance,0.893
LN0011836,2022-11,0.0038,0.0059,0.0081,0.0078,Default,1,Data Conflict,0.3368,credit_score_ordinal,interest_rate_imputed,balance_change_1m_pct,Audit & Data Quality Exception Review,0.9838
LN0011856,2025-07,0.0183,0.0309,0.0234,0.0235,Current,0,None,0.1994,credit_score_ordinal,balance_change_1m_pct,balance_to_orig_ratio,Standard Portfolio Surveillance,0.9531
LN0011857,2025-02,0.0326,0.048,0.0261,0.03,Current,0,None,0.2025,interest_rate_imputed,balance_change_1m_pct,balance_to_orig_ratio,Standard Portfolio Surveillance,0.9479
LN0011869,2024-03,0.0326,0.048,0.0535,0.0412,Current,0,None,0.2552,interest_rate_imputed,balance_change_1m_pct,balance_to_orig_ratio,Standard Portfolio Surveillance,0.893
LN0011885,2025-06,0.02,0.0377,0.011,0.0147,Current,0,None,0.3172,balance_change_1m_pct,interest_rate_imputed,balance_to_orig_ratio,Standard Portfolio Surveillance,0.9781
LN0011893,2024-08,0.0099,0.0179,0.011,0.0147,Current,0,None,0.4352,balance_change_1m_pct,credit_score_ordinal,interest_rate_imputed,Standard Portfolio Surveillance,0.9781
LN0011903,2025-06,0.0099,0.0179,0.0153,0.03,Current,0,None,0.261,interest_rate_imputed,balance_change_1m_pct,credit_score_ordinal,Standard Portfolio Surveillance,0.9694
LN0011912,2022-12,0.0345,0.0571,0.0535,0.0495,Current,0,None,0.1169,credit_score_ordinal,interest_rate_imputed,balance_change_1m_pct,Standard Portfolio Surveillance,0.893
LN0011920,2024-07,0.014,0.026,0.0153,0.03,Current,0,None,0.297,balance_change_1m_pct,interest_rate_imputed,credit_score_ordinal,Standard Portfolio Surveillance,0.9694
LN0011935,2025-05,0.0099,0.0179,0.011,0.0147,Current,0,None,0.3008,interest_rate_imputed,balance_change_1m_pct,balance_to_orig_ratio,Standard Portfolio Surveillance,0.9781
LN0011964,2025-04,0.0099,0.0179,0.0245,0.03,Current,0,None,0.1749,credit_score_ordinal,balance_change_1m_pct,interest_rate_imputed,Standard Portfolio Surveillance,0.9509
LN0011965,2023-12,0.0118,0.0213,0.0237,0.0522,Current,0,None,0.5509,balance_change_1m_pct,credit_score_ordinal,interest_rate_imputed,Standard Portfolio Surveillance,0.9525
LN0011967,2025-02,0.014,0.026,0.011,0.0147,Current,0,None,0.4315,interest_rate_imputed,balance_change_1m_pct,credit_score_ordinal,Standard Portfolio Surveillance,0.9781
LN0011973,2023-07,0.0326,0.048,0.0535,0.0412,Current,0,None,0.4415,balance_change_1m_pct,balance_to_orig_ratio,days_past_due,Standard Portfolio Surveillance,0.893
LN0011980,2024-04,0.0326,0.048,0.0535,0.0412,30-59 DPD,0,None,0.1095,credit_score_ordinal,interest_rate_imputed,balance_change_1m_pct,Standard Portfolio Surveillance,0.893
LN0011983,2023-09,0.014,0.026,0.0342,0.0495,Current,0,None,0.1428,interest_rate_imputed,balance_change_1m_pct,balance_to_orig_ratio,Standard Portfolio Surveillance,0.9315
LN0012005,2024-10,0.0183,0.0309,0.0234,0.0235,Current,0,None,0.5194,balance_change_1m_pct,credit_score_ordinal,balance_to_orig_ratio,Standard Portfolio Surveillance,0.9531
LN0012021,2024-07,0.0345,0.048,0.0535,0.0495,Current,0,None,0.1956,credit_score_ordinal,interest_rate_imputed,balance_change_1m_pct,Standard Portfolio Surveillance,0.893
LN0012026,2024-05,0.02,0.0377,0.0342,0.0412,Current,0,None,0.1289,interest_rate_imputed,balance_change_1m_pct,credit_score_ordinal,Standard Portfolio Surveillance,0.9315
LN0012029,2025-05,0.6989,0.6621,0.0081,0.0078,90+ DPD,0,None,0.9528,days_past_due,dpd_roll_max_6m,balance_change_1m_pct,Audit & Data Quality Exception Review,0.9838
LN0012046,2024-02,0.0326,0.048,0.0535,0.0412,Current,0,None,0.1339,balance_change_1m_pct,interest_rate_imputed,balance_to_orig_ratio,Standard Portfolio Surveillance,0.893
LN0012058,2023-07,0.0099,0.0179,0.0237,0.0166,Current,0,None,0.5287,balance_change_1m_pct,credit_score_ordinal,balance_to_orig_ratio,Standard Portfolio Surveillance,0.9525
LN0012062,2025-12,0.014,0.026,0.011,0.0235,Current,0,None,0.2281,credit_score_ordinal,balance_change_1m_pct,balance_to_orig_ratio,Standard Portfolio Surveillance,0.9781
LN0012067,2023-10,0.0345,0.048,0.0535,0.0495,Current,0,None,0.1826,credit_score_ordinal,balance_change_1m_pct,interest_rate_imputed,Standard Portfolio Surveillance,0.893
LN0012070,2024-05,0.014,0.026,0.0342,0.0412,Current,0,None,0.1766,credit_score_ordinal,balance_change_1m_pct,balance_to_orig_ratio,Standard Portfolio Surveillance,0.9315
LN0012075,2024-06,0.0099,0.0179,0.0237,0.0412,Current,0,None,0.3185,interest_rate_imputed,credit_score_ordinal,balance_change_1m_pct,Standard Portfolio Surveillance,0.9525
LN0012076,2024-02,0.02,0.0377,0.0237,0.0495,Current,0,None,0.0767,credit_score_ordinal,interest_rate_imputed,balance_change_1m_pct,Standard Portfolio Surveillance,0.9525
LN0012091,2025-06,0.02,0.0377,0.0153,0.0235,Current,0,None,0.4349,balance_change_1m_pct,credit_score_ordinal,interest_rate_imputed,Standard Portfolio Surveillance,0.9694
LN0012097,2023-10,0.014,0.026,0.0342,0.0495,Current,0,None,0.3113,balance_change_1m_pct,credit_score_ordinal,interest_rate_imputed,Standard Portfolio Surveillance,0.9315
LN0012111,2024-08,0.0345,0.048,0.0261,0.03,Current,0,None,0.1822,interest_rate_imputed,balance_change_1m_pct,balance_to_orig_ratio,Standard Portfolio Surveillance,0.9479
LN0012125,2024-09,0.0099,0.0179,0.0153,0.03,Current,0,None,0.2775,credit_score_ordinal,balance_change_1m_pct,interest_rate_imputed,Standard Portfolio Surveillance,0.9694
LN0012153,2025-05,0.0223,0.048,0.0143,0.0235,Current,0,None,0.5145,balance_change_1m_pct,interest_rate_imputed,credit_score_ordinal,Standard Portfolio Surveillance,0.9713
LN0012159,2023-04,0.0321,0.0648,0.0374,0.0495,Current,0,None,0.2876,interest_rate_imputed,balance_change_1m_pct,balance_to_orig_ratio,Standard Portfolio Surveillance,0.9252
LN0012176,2023-04,0.0038,0.0059,0.0081,0.0078,Default,1,Data Conflict,0.5366,days_past_due,dpd_roll_max_6m,interest_rate_imputed,Audit & Data Quality Exception Review,0.9838
LN0012190,2023-06,0.0561,0.1023,0.0847,0.0495,30-59 DPD,0,None,0.1886,interest_rate_imputed,balance_change_1m_pct,balance_to_orig_ratio,Standard Portfolio Surveillance,0.8305
LN0012209,2024-09,0.02,0.0377,0.011,0.0235,Current,0,None,0.2792,interest_rate_imputed,balance_change_1m_pct,balance_to_orig_ratio,Standard Portfolio Surveillance,0.9781
LN0012212,2024-07,0.0099,0.0179,0.0237,0.0412,Current,0,None,0.1573,interest_rate_imputed,balance_change_1m_pct,balance_to_orig_ratio,Standard Portfolio Surveillance,0.9525
LN0012214,2022-12,0.0485,0.0887,0.0535,0.0495,Current,0,None,0.1277,credit_score_ordinal,balance_change_1m_pct,interest_rate_imputed,Standard Portfolio Surveillance,0.893
LN0012216,2023-05,0.0326,0.0887,0.0535,0.0495,Current,0,None,0.2778,interest_rate_imputed,balance_change_1m_pct,credit_score_ordinal,Standard Portfolio Surveillance,0.893
LN0012218,2023-11,0.02,0.0377,0.0237,0.0495,Current,0,None,0.3126,balance_change_1m_pct,interest_rate_imputed,credit_score_ordinal,Standard Portfolio Surveillance,0.9525
LN0012237,2024-12,0.0099,0.0179,0.011,0.0147,Current,0,None,0.3714,balance_change_1m_pct,credit_score_ordinal,interest_rate_imputed,Standard Portfolio Surveillance,0.9781
LN0012256,2024-09,0.014,0.026,0.011,0.0147,Current,0,None,0.3349,balance_change_1m_pct,balance_to_orig_ratio,interest_rate_imputed,Standard Portfolio Surveillance,0.9781
LN0012257,2024-03,0.0175,0.0648,0.0374,0.0495,Current,0,None,0.2143,credit_score_ordinal,interest_rate_imputed,balance_change_1m_pct,Standard Portfolio Surveillance,0.9252
LN0012269,2024-03,0.0403,0.0771,0.0614,0.03,Current,0,None,0.1875,interest_rate_imputed,balance_change_1m_pct,balance_to_orig_ratio,Standard Portfolio Surveillance,0.8771
LN0012279,2025-01,0.0345,0.048,0.0535,0.0412,Current,0,None,0.3002,interest_rate_imputed,balance_change_1m_pct,balance_to_orig_ratio,Standard Portfolio Surveillance,0.893
LN0012287,2023-05,0.0038,0.0059,0.0081,0.0078,Prepaid,0,None,0.6777,balance_change_1m_pct,balance_to_orig_ratio,credit_score_ordinal,Audit & Data Quality Exception Review,0.9838
LN0012292,2025-04,0.0118,0.0213,0.011,0.0235,Current,0,None,0.2622,credit_score_ordinal,balance_change_1m_pct,interest_rate_imputed,Standard Portfolio Surveillance,0.9781
LN0012295,2024-09,0.0345,0.048,0.0535,0.0412,30-59 DPD,0,None,0.2201,credit_score_ordinal,interest_rate_imputed,balance_change_1m_pct,Standard Portfolio Surveillance,0.893
LN0012338,2023-04,0.0038,0.0059,0.0081,0.0078,Default,1,Data Conflict,0.2724,credit_score_ordinal,interest_rate_imputed,balance_change_1m_pct,Audit & Data Quality Exception Review,0.9838
LN0012343,2023-11,0.0099,0.0179,0.0237,0.0412,Current,0,None,0.2468,credit_score_ordinal,interest_rate_imputed,balance_change_1m_pct,Standard Portfolio Surveillance,0.9525
LN0012354,2025-06,0.0118,0.0213,0.0153,0.03,Current,0,None,0.1676,interest_rate_imputed,balance_change_1m_pct,balance_to_orig_ratio,Standard Portfolio Surveillance,0.9694
LN0012357,2023-04,0.02,0.0377,0.0342,0.0495,Current,0,None,0.3209,interest_rate_imputed,balance_change_1m_pct,credit_score_ordinal,Standard Portfolio Surveillance,0.9315
LN0012362,2025-03,0.02,0.0377,0.0342,0.0412,Current,0,None,0.2227,balance_change_1m_pct,credit_score_ordinal,balance_to_orig_ratio,Standard Portfolio Surveillance,0.9315
LN0012395,2023-10,0.0175,0.0348,0.0374,0.0495,Current,0,None,0.2564,credit_score_ordinal,interest_rate_imputed,balance_change_1m_pct,Standard Portfolio Surveillance,0.9252
LN0012399,2024-04,0.0403,0.0771,0.0614,0.0495,Current,0,None,0.2872,interest_rate_imputed,balance_change_1m_pct,credit_score_ordinal,Standard Portfolio Surveillance,0.8771
LN0012439,2024-06,0.0326,0.048,0.0261,0.03,Current,0,None,0.314,balance_change_1m_pct,credit_score_ordinal,interest_rate_imputed,Standard Portfolio Surveillance,0.9479
LN0012446,2023-01,0.0561,0.1023,0.0847,0.0495,Current,0,None,0.2633,credit_score_ordinal,interest_rate_imputed,balance_change_1m_pct,Standard Portfolio Surveillance,0.8305
LN0012456,2024-05,0.0223,0.048,0.0535,0.0495,Current,0,None,0.1559,credit_score_ordinal,interest_rate_imputed,balance_change_1m_pct,Standard Portfolio Surveillance,0.893
LN0012463,2024-02,0.0223,0.048,0.0535,0.0495,Current,0,None,0.2257,credit_score_ordinal,interest_rate_imputed,balance_change_1m_pct,Standard Portfolio Surveillance,0.893
LN0012472,2023-11,0.0038,0.0059,0.0081,0.0078,Default,1,Data Conflict,0.2912,credit_score_ordinal,interest_rate_imputed,balance_change_1m_pct,Audit & Data Quality Exception Review,0.9838
LN0012488,2023-07,0.0561,0.1023,0.0847,0.0495,30-59 DPD,0,None,0.1525,credit_score_ordinal,interest_rate_imputed,balance_change_1m_pct,Standard Portfolio Surveillance,0.8305
LN0012509,2025-02,0.0183,0.0309,0.0106,0.0147,Current,0,None,0.3449,interest_rate_imputed,balance_to_orig_ratio,balance_change_1m_pct,Standard Portfolio Surveillance,0.9788
LN0012510,2024-01,0.02,0.0377,0.0153,0.03,Current,0,None,0.2274,interest_rate_imputed,balance_change_1m_pct,balance_to_orig_ratio,Standard Portfolio Surveillance,0.9694
LN0012549,2023-01,0.0942,0.1674,0.0847,0.0495,Current,1,Valuation Discrepancy,0.323,balance_change_1m_pct,balance_to_orig_ratio,credit_score_ordinal,Audit & Data Quality Exception Review,0.8305
LN0012597,2024-06,0.0687,0.0644,0.0261,0.03,Current,0,None,0.2898,credit_score_ordinal,interest_rate_imputed,balance_change_1m_pct,Standard Portfolio Surveillance,0.9479
LN0012606,2024-09,0.0223,0.0156,0.0143,0.0147,Current,0,None,0.3681,balance_change_1m_pct,interest_rate_imputed,credit_score_ordinal,Standard Portfolio Surveillance,0.9713
LN0012618,2024-12,0.014,0.026,0.0342,0.0412,Current,0,None,0.2978,balance_change_1m_pct,interest_rate_imputed,balance_to_orig_ratio,Standard Portfolio Surveillance,0.9315
LN0012622,2023-03,0.014,0.026,0.0342,0.0495,Current,0,None,0.1534,interest_rate_imputed,balance_change_1m_pct,balance_to_orig_ratio,Standard Portfolio Surveillance,0.9315
LN0012636,2025-05,0.0326,0.0156,0.0143,0.0147,Current,0,None,0.2973,interest_rate_imputed,balance_change_1m_pct,balance_to_orig_ratio,Standard Portfolio Surveillance,0.9713
LN0012669,2024-12,0.02,0.0377,0.0153,0.03,Current,0,None,0.1625,credit_score_ordinal,interest_rate_imputed,balance_change_1m_pct,Standard Portfolio Surveillance,0.9694
LN0012708,2023-08,0.0223,0.0571,0.0535,0.0495,Current,0,None,0.1633,interest_rate_imputed,balance_change_1m_pct,balance_to_orig_ratio,Standard Portfolio Surveillance,0.893
LN0012727,2024-11,0.0038,0.0059,0.0081,0.0078,Default,1,Data Conflict,0.3343,interest_rate_imputed,credit_score_ordinal,balance_change_1m_pct,Audit & Data Quality Exception Review,0.9838
LN0012740,2024-01,0.014,0.026,0.0342,0.0495,Current,0,None,0.1161,credit_score_ordinal,interest_rate_imputed,balance_change_1m_pct,Standard Portfolio Surveillance,0.9315
LN0012758,2022-10,0.0038,0.0059,0.0081,0.0078,Default,1,Data Conflict,0.7054,days_past_due,dpd_roll_max_6m,interest_rate_imputed,Audit & Data Quality Exception Review,0.9838
LN0012762,2022-10,0.0345,0.0571,0.0535,0.0495,30-59 DPD,0,None,0.2123,credit_score_ordinal,balance_change_1m_pct,interest_rate_imputed,Standard Portfolio Surveillance,0.893
LN0012781,2025-08,0.0326,0.048,0.0143,0.0235,Current,0,None,0.2456,credit_score_ordinal,interest_rate_imputed,balance_to_orig_ratio,Standard Portfolio Surveillance,0.9713
LN0012842,2024-02,0.0038,0.0059,0.0081,0.0078,Default,1,Data Conflict,0.546,days_past_due,dpd_roll_max_6m,credit_score_ordinal,Audit & Data Quality Exception Review,0.9838
LN0012844,2024-02,0.02,0.0377,0.0342,0.0495,Current,0,None,0.2294,interest_rate_imputed,balance_change_1m_pct,credit_score_ordinal,Standard Portfolio Surveillance,0.9315
LN0012860,2024-05,0.0038,0.0059,0.0081,0.0078,Prepaid,0,None,0.6039,balance_change_1m_pct,balance_to_orig_ratio,credit_score_ordinal,Standard Portfolio Surveillance,0.9838
LN0012863,2024-04,0.0038,0.0059,0.0081,0.0078,Prepaid,0,None,0.7776,balance_change_1m_pct,interest_rate_imputed,balance_to_orig_ratio,Audit & Data Quality Exception Review,0.9838
LN0012883,2024-01,0.0099,0.0179,0.0237,0.0412,Current,0,None,0.2587,balance_change_1m_pct,credit_score_ordinal,interest_rate_imputed,Standard Portfolio Surveillance,0.9525
LN0012915,2022-12,0.0038,0.0059,0.0081,0.0078,Prepaid,0,None,0.4624,balance_to_orig_ratio,balance_change_1m_pct,interest_rate_imputed,Standard Portfolio Surveillance,0.9838
LN0012923,2024-08,0.0038,0.0059,0.0081,0.0078,Prepaid,0,None,0.8074,balance_change_1m_pct,balance_to_orig_ratio,interest_rate_imputed,Audit & Data Quality Exception Review,0.9838
LN0012925,2025-01,0.014,0.026,0.0342,0.0412,Current,1,Valuation Discrepancy,0.2833,balance_change_1m_pct,balance_to_orig_ratio,interest_rate_imputed,Audit & Data Quality Exception Review,0.9315
LN0012939,2025-05,0.02,0.0377,0.011,0.0235,Current,0,None,0.2485,interest_rate_imputed,balance_change_1m_pct,credit_score_ordinal,Standard Portfolio Surveillance,0.9781
LN0012962,2023-06,0.0223,0.048,0.0535,0.0495,Current,0,None,0.2313,interest_rate_imputed,balance_change_1m_pct,credit_score_ordinal,Standard Portfolio Surveillance,0.893
LN0012983,2024-04,0.02,0.0377,0.0237,0.0412,Current,0,None,0.3878,balance_change_1m_pct,credit_score_ordinal,balance_to_orig_ratio,Standard Portfolio Surveillance,0.9525
LN0013009,2024-01,0.0485,0.0887,0.0535,0.0495,30-59 DPD,0,None,0.2026,interest_rate_imputed,balance_change_1m_pct,credit_score_ordinal,Standard Portfolio Surveillance,0.893
LN0013025,2023-02,0.0038,0.0059,0.0081,0.0078,Prepaid,0,None,0.7329,balance_change_1m_pct,balance_to_orig_ratio,credit_score_ordinal,Audit & Data Quality Exception Review,0.9838
LN0013053,2023-03,0.02,0.0377,0.0237,0.0495,Current,0,None,0.1829,credit_score_ordinal,interest_rate_imputed,balance_change_1m_pct,Standard Portfolio Surveillance,0.9525
LN0013064,2023-12,0.0038,0.0059,0.0081,0.0078,Prepaid,0,None,0.5954,balance_change_1m_pct,balance_to_orig_ratio,credit_score_ordinal,Standard Portfolio Surveillance,0.9838
LN0013068,2024-11,0.0403,0.0771,0.0614,0.0412,Current,0,None,0.1685,credit_score_ordinal,interest_rate_imputed,balance_change_1m_pct,Standard Portfolio Surveillance,0.8771
LN0013086,2023-12,0.02,0.0377,0.0342,0.0495,Current,0,None,0.1796,interest_rate_imputed,balance_change_1m_pct,balance_to_orig_ratio,Standard Portfolio Surveillance,0.9315
LN0013123,2025-06,0.0038,0.0059,0.0081,0.0078,Default,1,Data Conflict,0.4145,interest_rate_imputed,balance_change_1m_pct,credit_score_ordinal,Audit & Data Quality Exception Review,0.9838
LN0013132,2025-10,0.0223,0.048,0.0143,0.0235,Current,0,None,0.2097,interest_rate_imputed,credit_score_ordinal,balance_change_1m_pct,Standard Portfolio Surveillance,0.9713
LN0013146,2022-09,0.0326,0.048,0.0261,0.0235,Current,1,Date Anomaly,0.2872,balance_to_orig_ratio,interest_rate_imputed,balance_change_1m_pct,Audit & Data Quality Exception Review,0.9479
LN0013180,2025-11,0.0223,0.0156,0.0143,0.0101,Current,0,None,0.3087,credit_score_ordinal,balance_change_1m_pct,balance_to_orig_ratio,Standard Portfolio Surveillance,0.9713
LN0013225,2024-07,0.0321,0.0348,0.0234,0.0235,Current,0,None,0.2796,credit_score_ordinal,interest_rate_imputed,balance_change_1m_pct,Standard Portfolio Surveillance,0.9531
LN0013234,2023-08,0.0038,0.0059,0.0081,0.0078,Prepaid,0,None,0.6466,balance_change_1m_pct,balance_to_orig_ratio,credit_score_ordinal,Standard Portfolio Surveillance,0.9838
LN0013257,2023-11,0.0345,0.0571,0.0535,0.0495,Current,0,None,0.299,interest_rate_imputed,credit_score_ordinal,balance_change_1m_pct,Standard Portfolio Surveillance,0.893
LN0013279,2024-07,0.0099,0.0179,0.0237,0.0412,Current,0,None,0.2939,credit_score_ordinal,interest_rate_imputed,balance_change_1m_pct,Standard Portfolio Surveillance,0.9525
LN0013285,2025-02,0.02,0.0377,0.0342,0.0412,30-59 DPD,0,None,0.3568,dpd_roll_max_6m,credit_score_ordinal,interest_rate_imputed,Standard Portfolio Surveillance,0.9315
LN0013311,2025-02,0.02,0.0377,0.0153,0.03,Current,0,None,0.3461,balance_change_1m_pct,credit_score_ordinal,balance_to_orig_ratio,Standard Portfolio Surveillance,0.9694
LN0013341,2025-12,0.0183,0.0309,0.0106,0.0147,Current,0,None,0.4964,balance_change_1m_pct,credit_score_ordinal,interest_rate_imputed,Standard Portfolio Surveillance,0.9788
LN0013371,2024-07,0.0326,0.048,0.0535,0.0495,Current,0,None,0.2632,interest_rate_imputed,balance_change_1m_pct,balance_to_orig_ratio,Standard Portfolio Surveillance,0.893
LN0013380,2026-05,0.0345,0.0156,0.0143,0.0101,Current,0,None,0.3139,interest_rate_imputed,balance_change_1m_pct,balance_to_orig_ratio,Standard Portfolio Surveillance,0.9713
LN0013384,2024-09,0.0223,0.048,0.0261,0.03,Current,0,None,0.3287,balance_change_1m_pct,interest_rate_imputed,balance_to_orig_ratio,Standard Portfolio Surveillance,0.9479
LN0013387,2025-10,0.0345,0.048,0.0261,0.0235,Current,0,None,0.367,balance_change_1m_pct,credit_score_ordinal,balance_to_orig_ratio,Standard Portfolio Surveillance,0.9479
LN0013404,2024-01,0.0038,0.0059,0.0081,0.0078,Prepaid,0,None,0.5597,balance_change_1m_pct,balance_to_orig_ratio,interest_rate_imputed,Standard Portfolio Surveillance,0.9838
LN0013405,2024-08,0.0223,0.048,0.0261,0.03,30-59 DPD,0,None,0.2521,credit_score_ordinal,interest_rate_imputed,balance_change_1m_pct,Standard Portfolio Surveillance,0.9479
LN0013408,2023-05,0.0099,0.0179,0.0237,0.0495,Current,0,None,0.2909,credit_score_ordinal,balance_change_1m_pct,interest_rate_imputed,Standard Portfolio Surveillance,0.9525
LN0013411,2024-06,0.0038,0.0059,0.0081,0.0078,Default,1,Data Conflict,0.414,credit_score_ordinal,interest_rate_imputed,balance_change_1m_pct,Audit & Data Quality Exception Review,0.9838
LN0013440,2025-05,0.014,0.026,0.0342,0.0412,Current,0,None,0.1277,credit_score_ordinal,interest_rate_imputed,balance_change_1m_pct,Standard Portfolio Surveillance,0.9315
LN0013442,2025-05,0.0183,0.0309,0.0106,0.0147,Prepaid,0,None,0.4063,credit_score_ordinal,balance_change_1m_pct,balance_to_orig_ratio,Standard Portfolio Surveillance,0.9788
LN0013454,2025-07,0.0326,0.0156,0.0143,0.0147,Current,0,None,0.2136,credit_score_ordinal,interest_rate_imputed,balance_to_orig_ratio,Standard Portfolio Surveillance,0.9713
LN0013460,2023-07,0.0099,0.0179,0.0237,0.0495,Prepaid,0,None,0.2007,interest_rate_imputed,balance_change_1m_pct,credit_score_ordinal,Standard Portfolio Surveillance,0.9525
LN0013521,2023-08,0.0038,0.0059,0.0081,0.0078,Default,1,Data Conflict,0.4441,credit_score_ordinal,interest_rate_imputed,balance_change_1m_pct,Audit & Data Quality Exception Review,0.9838
LN0013527,2023-05,0.0038,0.0059,0.0081,0.0078,Default,1,Data Conflict,0.4588,balance_change_1m_pct,credit_score_ordinal,interest_rate_imputed,Audit & Data Quality Exception Review,0.9838
LN0013535,2025-08,0.0321,0.0348,0.0106,0.0101,Current,0,None,0.3615,interest_rate_imputed,balance_to_orig_ratio,balance_change_1m_pct,Standard Portfolio Surveillance,0.9788
LN0013536,2023-02,0.0038,0.0059,0.0081,0.0078,Prepaid,0,None,0.4734,balance_change_1m_pct,balance_to_orig_ratio,interest_rate_imputed,Standard Portfolio Surveillance,0.9838
LN0013537,2022-06,0.0038,0.0059,0.0081,0.0078,Prepaid,0,None,0.6219,balance_change_1m_pct,balance_to_orig_ratio,credit_score_ordinal,Standard Portfolio Surveillance,0.9838
LN0013575,2023-07,0.0038,0.0059,0.0081,0.0078,Prepaid,0,None,0.7251,dpd_roll_max_6m,balance_change_1m_pct,balance_to_orig_ratio,Audit & Data Quality Exception Review,0.9838
LN0013600,2023-08,0.0038,0.0059,0.0081,0.0078,Prepaid,0,None,0.6464,balance_change_1m_pct,balance_to_orig_ratio,credit_score_ordinal,Standard Portfolio Surveillance,0.9838
LN0013630,2023-12,0.0099,0.0179,0.0237,0.0495,Current,0,None,0.2811,interest_rate_imputed,balance_change_1m_pct,balance_to_orig_ratio,Standard Portfolio Surveillance,0.9525
LN0013650,2022-09,0.0223,0.0571,0.0535,0.0495,30-59 DPD,0,None,0.1346,credit_score_ordinal,balance_change_1m_pct,interest_rate_imputed,Standard Portfolio Surveillance,0.893
LN0013655,2023-01,0.014,0.026,0.0342,0.0495,Current,0,None,0.1484,interest_rate_imputed,balance_change_1m_pct,credit_score_ordinal,Standard Portfolio Surveillance,0.9315
LN0013656,2025-12,0.0326,0.0156,0.0143,0.0101,Current,0,None,0.455,balance_change_1m_pct,credit_score_ordinal,balance_to_orig_ratio,Standard Portfolio Surveillance,0.9713
LN0013674,2024-04,0.0326,0.048,0.0535,0.0495,Current,0,None,0.279,credit_score_ordinal,interest_rate_imputed,balance_change_1m_pct,Standard Portfolio Surveillance,0.893
LN0013681,2024-04,0.0038,0.0059,0.0081,0.0078,Default,1,Data Conflict,0.5446,days_past_due,dpd_roll_max_6m,credit_score_ordinal,Audit & Data Quality Exception Review,0.9838
LN0013690,2024-12,0.0118,0.0213,0.0245,0.03,30-59 DPD,0,None,0.2379,credit_score_ordinal,interest_rate_imputed,balance_change_1m_pct,Standard Portfolio Surveillance,0.9509
LN0013692,2024-12,0.0118,0.0213,0.011,0.0101,Current,0,None,0.25,interest_rate_imputed,balance_change_1m_pct,balance_to_orig_ratio,Standard Portfolio Surveillance,0.9781
LN0013711,2024-07,0.02,0.0377,0.0237,0.0412,Current,0,None,0.1794,credit_score_ordinal,balance_change_1m_pct,interest_rate_imputed,Standard Portfolio Surveillance,0.9525
LN0013714,2025-07,0.0345,0.048,0.0143,0.0235,Current,0,None,0.7858,days_past_due,dpd_roll_max_6m,interest_rate_imputed,Audit & Data Quality Exception Review,0.9713
LN0013718,2023-07,0.0038,0.0059,0.0081,0.0078,Prepaid,0,None,0.6267,balance_change_1m_pct,balance_to_orig_ratio,credit_score_ordinal,Standard Portfolio Surveillance,0.9838
LN0013727,2022-09,0.0038,0.0059,0.0081,0.0078,Default,1,Data Conflict,0.6115,days_past_due,dpd_roll_max_6m,interest_rate_imputed,Audit & Data Quality Exception Review,0.9838
LN0013728,2025-02,0.02,0.0377,0.011,0.0147,Current,0,None,0.2639,interest_rate_imputed,balance_change_1m_pct,credit_score_ordinal,Standard Portfolio Surveillance,0.9781
LN0013772,2025-10,0.0183,0.0309,0.0234,0.0235,Current,0,None,0.2831,interest_rate_imputed,balance_change_1m_pct,balance_to_orig_ratio,Standard Portfolio Surveillance,0.9531
LN0013807,2025-04,0.0099,0.0179,0.011,0.0235,Current,0,None,0.3873,balance_change_1m_pct,credit_score_ordinal,interest_rate_imputed,Standard Portfolio Surveillance,0.9781
LN0013810,2025-08,0.0118,0.0213,0.011,0.0101,Current,0,None,0.2692,credit_score_ordinal,balance_change_1m_pct,balance_to_orig_ratio,Standard Portfolio Surveillance,0.9781
LN0013812,2023-12,0.014,0.026,0.0342,0.0412,Current,0,None,0.1959,interest_rate_imputed,balance_change_1m_pct,credit_score_ordinal,Standard Portfolio Surveillance,0.9315
LN0013817,2025-04,0.02,0.0377,0.011,0.0147,Current,0,None,0.2486,interest_rate_imputed,balance_change_1m_pct,balance_to_orig_ratio,Standard Portfolio Surveillance,0.9781
LN0013840,2024-10,0.0223,0.048,0.0535,0.0412,Current,0,None,0.2166,credit_score_ordinal,interest_rate_imputed,balance_change_1m_pct,Standard Portfolio Surveillance,0.893
LN0013870,2023-02,0.0038,0.0059,0.0081,0.0078,Prepaid,0,None,0.6129,balance_change_1m_pct,balance_to_orig_ratio,credit_score_ordinal,Standard Portfolio Surveillance,0.9838
LN0013886,2024-09,0.0175,0.0348,0.0234,0.0412,Current,0,None,0.3866,balance_change_1m_pct,credit_score_ordinal,balance_to_orig_ratio,Standard Portfolio Surveillance,0.9531
LN0013902,2023-12,0.02,0.0377,0.0342,0.0412,Current,0,None,0.2125,balance_change_1m_pct,credit_score_ordinal,interest_rate_imputed,Standard Portfolio Surveillance,0.9315
LN0013930,2024-10,0.0099,0.0179,0.0237,0.0412,Current,0,None,0.1702,interest_rate_imputed,balance_change_1m_pct,balance_to_orig_ratio,Standard Portfolio Surveillance,0.9525
LN0013937,2024-12,0.014,0.026,0.011,0.0101,Current,0,None,0.2983,credit_score_ordinal,interest_rate_imputed,balance_to_orig_ratio,Standard Portfolio Surveillance,0.9781
LN0013949,2025-06,0.0326,0.0156,0.0143,0.0101,Current,0,None,0.4985,balance_change_1m_pct,interest_rate_imputed,balance_to_orig_ratio,Standard Portfolio Surveillance,0.9713
LN0013962,2024-03,0.0099,0.0179,0.0237,0.0495,Current,0,None,0.1184,interest_rate_imputed,credit_score_ordinal,balance_change_1m_pct,Standard Portfolio Surveillance,0.9525
LN0013981,2024-01,0.0038,0.0059,0.0081,0.0078,Default,1,Data Conflict,0.3885,balance_change_1m_pct,balance_to_orig_ratio,days_past_due,Audit & Data Quality Exception Review,0.9838
LN0013996,2024-05,0.0403,0.0771,0.0614,0.0495,Current,0,None,0.0789,credit_score_ordinal,interest_rate_imputed,balance_change_1m_pct,Standard Portfolio Surveillance,0.8771
LN0014004,2024-01,0.0345,0.048,0.0535,0.0495,Current,0,None,0.1196,interest_rate_imputed,credit_score_ordinal,balance_change_1m_pct,Standard Portfolio Surveillance,0.893
LN0014034,2024-03,0.014,0.026,0.0342,0.0177,Current,0,None,0.1911,interest_rate_imputed,credit_score_ordinal,balance_change_1m_pct,Standard Portfolio Surveillance,0.9315
LN0014035,2024-03,0.014,0.026,0.0342,0.0412,Current,0,None,0.2019,interest_rate_imputed,balance_change_1m_pct,credit_score_ordinal,Standard Portfolio Surveillance,0.9315
LN0014040,2024-11,0.0326,0.048,0.0261,0.0235,Current,0,None,0.3559,balance_change_1m_pct,interest_rate_imputed,balance_to_orig_ratio,Standard Portfolio Surveillance,0.9479
LN0014072,2023-02,0.0326,0.0887,0.0535,0.0495,30-59 DPD,0,None,0.2737,credit_score_ordinal,balance_change_1m_pct,balance_to_orig_ratio,Standard Portfolio Surveillance,0.893
LN0014106,2022-09,0.0038,0.0059,0.0081,0.0078,Prepaid,0,None,0.617,balance_change_1m_pct,balance_to_orig_ratio,interest_rate_imputed,Standard Portfolio Surveillance,0.9838
LN0014107,2025-08,0.02,0.0377,0.011,0.0101,Current,0,None,0.3613,interest_rate_imputed,balance_change_1m_pct,balance_to_orig_ratio,Standard Portfolio Surveillance,0.9781
LN0014130,2025-06,0.0326,0.0156,0.0143,0.0101,Current,0,None,0.2987,credit_score_ordinal,balance_change_1m_pct,interest_rate_imputed,Standard Portfolio Surveillance,0.9713
LN0014135,2023-07,0.0223,0.048,0.0535,0.0412,Current,0,None,0.1967,credit_score_ordinal,interest_rate_imputed,balance_change_1m_pct,Standard Portfolio Surveillance,0.893
LN0014191,2023-05,0.6989,0.6621,0.2896,0.0172,60-89 DPD,0,None,0.3943,balance_change_1m_pct,credit_score_ordinal,balance_to_orig_ratio,Active Credit Workout & Pre-Foreclosure Outreach,0.6
LN0014195,2024-06,0.0038,0.0059,0.0081,0.0078,Default,1,Data Conflict,0.2847,interest_rate_imputed,balance_change_1m_pct,balance_to_orig_ratio,Audit & Data Quality Exception Review,0.9838
LN0014201,2024-01,0.0326,0.048,0.0535,0.0495,Current,0,None,0.1677,interest_rate_imputed,balance_change_1m_pct,balance_to_orig_ratio,Standard Portfolio Surveillance,0.893
LN0014210,2025-02,0.0038,0.0059,0.0081,0.0078,Prepaid,0,None,0.6569,balance_change_1m_pct,balance_to_orig_ratio,interest_rate_imputed,Audit & Data Quality Exception Review,0.9838
LN0014224,2024-03,0.014,0.026,0.0342,0.0412,Current,0,None,0.1058,interest_rate_imputed,balance_change_1m_pct,balance_to_orig_ratio,Standard Portfolio Surveillance,0.9315
LN0014247,2023-02,0.0038,0.0059,0.0081,0.0078,Default,1,Data Conflict,0.3078,credit_score_ordinal,interest_rate_imputed,balance_change_1m_pct,Audit & Data Quality Exception Review,0.9838
LN0014277,2023-05,0.0403,0.0771,0.0614,0.0495,Current,0,None,0.1687,interest_rate_imputed,balance_change_1m_pct,credit_score_ordinal,Standard Portfolio Surveillance,0.8771
LN0014293,2023-06,0.0561,0.1023,0.0847,0.0495,Current,0,None,0.2569,balance_change_1m_pct,interest_rate_imputed,balance_to_orig_ratio,Standard Portfolio Surveillance,0.8305
LN0014300,2024-01,0.0099,0.0179,0.0237,0.0495,Current,0,None,0.1698,credit_score_ordinal,interest_rate_imputed,balance_change_1m_pct,Standard Portfolio Surveillance,0.9525
LN0014304,2025-07,0.02,0.0377,0.011,0.0101,Current,0,None,0.244,balance_change_1m_pct,interest_rate_imputed,balance_to_orig_ratio,Standard Portfolio Surveillance,0.9781
LN0014319,2025-01,0.0038,0.0059,0.0081,0.0078,Default,1,Data Conflict,0.3246,credit_score_ordinal,interest_rate_imputed,balance_change_1m_pct,Audit & Data Quality Exception Review,0.9838
LN0014321,2024-03,0.0223,0.0571,0.0535,0.0495,Current,0,None,0.1982,interest_rate_imputed,balance_change_1m_pct,balance_to_orig_ratio,Standard Portfolio Surveillance,0.893
LN0014329,2024-06,0.0099,0.0179,0.0153,0.03,Current,0,None,0.3136,credit_score_ordinal,balance_change_1m_pct,interest_rate_imputed,Standard Portfolio Surveillance,0.9694
LN0014333,2024-04,0.0038,0.0059,0.0081,0.0078,Default,1,Data Conflict,0.4705,balance_change_1m_pct,interest_rate_imputed,credit_score_ordinal,Audit & Data Quality Exception Review,0.9838
LN0014344,2023-01,0.0942,0.1674,0.0847,0.0495,30-59 DPD,0,None,0.2548,credit_score_ordinal,interest_rate_imputed,balance_change_1m_pct,Standard Portfolio Surveillance,0.8305
LN0014346,2025-01,0.0326,0.048,0.0261,0.03,Current,0,None,0.1505,interest_rate_imputed,balance_change_1m_pct,balance_to_orig_ratio,Standard Portfolio Surveillance,0.9479
LN0014350,2024-12,0.0175,0.0648,0.0234,0.0412,Current,0,None,0.3115,balance_change_1m_pct,credit_score_ordinal,interest_rate_imputed,Standard Portfolio Surveillance,0.9531
LN0014352,2025-12,0.0223,0.048,0.0143,0.0235,Current,0,None,0.1715,interest_rate_imputed,balance_change_1m_pct,balance_to_orig_ratio,Standard Portfolio Surveillance,0.9713
LN0014366,2022-11,0.0485,0.0887,0.0535,0.0495,30-59 DPD,0,None,0.1466,balance_change_1m_pct,credit_score_ordinal,interest_rate_imputed,Standard Portfolio Surveillance,0.893
LN0014367,2024-09,0.0038,0.0059,0.0081,0.0078,Default,1,Data Conflict,0.5453,days_past_due,dpd_roll_max_6m,interest_rate_imputed,Audit & Data Quality Exception Review,0.9838
LN0014417,2023-05,0.0942,0.1674,0.0847,0.0495,Current,0,None,0.2814,credit_score_ordinal,interest_rate_imputed,balance_change_1m_pct,Standard Portfolio Surveillance,0.8305
LN0014463,2024-12,0.0038,0.0059,0.0081,0.0078,Default,0,None,0.9387,days_past_due,dpd_roll_max_6m,balance_change_1m_pct,Audit & Data Quality Exception Review,0.9838
LN0014467,2023-05,0.0345,0.0571,0.0535,0.0495,Current,0,None,0.1647,credit_score_ordinal,balance_change_1m_pct,interest_rate_imputed,Standard Portfolio Surveillance,0.893
LN0014477,2025-06,0.0223,0.048,0.0261,0.0235,Current,0,None,0.2469,credit_score_ordinal,interest_rate_imputed,balance_change_1m_pct,Standard Portfolio Surveillance,0.9479
LN0014483,2024-02,0.0038,0.0059,0.0081,0.0078,Default,1,Data Conflict,0.3435,balance_change_1m_pct,interest_rate_imputed,balance_to_orig_ratio,Audit & Data Quality Exception Review,0.9838
LN0014506,2022-04,0.0038,0.0059,0.0081,0.0078,Default,1,Data Conflict,0.4872,balance_change_1m_pct,credit_score_ordinal,interest_rate_imputed,Audit & Data Quality Exception Review,0.9838
LN0014513,2024-02,0.014,0.026,0.0342,0.0495,Current,0,None,0.2888,credit_score_ordinal,balance_change_1m_pct,interest_rate_imputed,Standard Portfolio Surveillance,0.9315
LN0014515,2024-03,0.6989,0.6621,0.2896,0.0172,60-89 DPD,0,None,0.4697,days_past_due,dpd_roll_max_6m,credit_score_ordinal,Active Credit Workout & Pre-Foreclosure Outreach,0.6
LN0014516,2023-06,0.0038,0.0059,0.0081,0.0078,Default,1,Data Conflict,0.3501,balance_change_1m_pct,credit_score_ordinal,interest_rate_imputed,Audit & Data Quality Exception Review,0.9838
LN0014517,2023-04,0.0099,0.0179,0.0237,0.0228,Current,0,None,0.3157,credit_score_ordinal,interest_rate_imputed,balance_change_1m_pct,Standard Portfolio Surveillance,0.9525
LN0014523,2024-03,0.0326,0.048,0.0261,0.03,30-59 DPD,0,None,0.2678,credit_score_ordinal,balance_to_orig_ratio,balance_change_1m_pct,Standard Portfolio Surveillance,0.9479
LN0014539,2025-06,0.0038,0.0059,0.0081,0.0078,Default,1,Data Conflict,0.414,interest_rate_imputed,balance_change_1m_pct,balance_to_orig_ratio,Audit & Data Quality Exception Review,0.9838
LN0014589,2023-09,0.0942,0.1674,0.0847,0.0495,Current,0,None,0.2665,interest_rate_imputed,balance_change_1m_pct,balance_to_orig_ratio,Standard Portfolio Surveillance,0.8305
LN0014637,2023-02,0.014,0.026,0.0342,0.0495,Current,0,None,0.2395,interest_rate_imputed,balance_change_1m_pct,balance_to_orig_ratio,Standard Portfolio Surveillance,0.9315
LN0014640,2024-07,0.0403,0.0771,0.0614,0.0412,Current,0,None,0.1059,credit_score_ordinal,interest_rate_imputed,balance_change_1m_pct,Standard Portfolio Surveillance,0.8771
LN0014645,2023-09,0.0223,0.048,0.0535,0.0495,30-59 DPD,0,None,0.2139,credit_score_ordinal,interest_rate_imputed,balance_change_1m_pct,Standard Portfolio Surveillance,0.893
LN0014659,2023-11,0.0273,0.0644,0.0847,0.0412,Current,0,None,0.2432,interest_rate_imputed,balance_change_1m_pct,balance_to_orig_ratio,Standard Portfolio Surveillance,0.8305
LN0014676,2024-01,0.0038,0.0059,0.0081,0.0078,Prepaid,0,None,0.5512,balance_change_1m_pct,balance_to_orig_ratio,credit_score_ordinal,Standard Portfolio Surveillance,0.9838
LN0014678,2024-08,0.02,0.0377,0.0153,0.0122,Current,0,None,0.3708,credit_score_ordinal,balance_change_1m_pct,interest_rate_imputed,Standard Portfolio Surveillance,0.9694
LN0014695,2023-06,0.0326,0.048,0.0535,0.0495,Current,0,None,0.3753,balance_change_1m_pct,credit_score_ordinal,interest_rate_imputed,Standard Portfolio Surveillance,0.893
LN0014697,2024-11,0.0099,0.0179,0.0237,0.0412,Current,0,None,0.3085,interest_rate_imputed,credit_score_ordinal,balance_change_1m_pct,Standard Portfolio Surveillance,0.9525
LN0014698,2025-01,0.02,0.0377,0.0153,0.0235,Current,0,None,0.2837,interest_rate_imputed,balance_change_1m_pct,balance_to_orig_ratio,Standard Portfolio Surveillance,0.9694
LN0014711,2022-09,0.02,0.0377,0.0342,0.0495,Current,0,None,0.2507,credit_score_ordinal,balance_change_1m_pct,interest_rate_imputed,Standard Portfolio Surveillance,0.9315
LN0014725,2024-07,0.0223,0.048,0.0535,0.0495,Current,0,None,0.2151,credit_score_ordinal,balance_change_1m_pct,interest_rate_imputed,Standard Portfolio Surveillance,0.893
LN0014763,2024-02,0.02,0.0377,0.0342,0.0412,Current,0,None,0.1915,credit_score_ordinal,interest_rate_imputed,balance_change_1m_pct,Standard Portfolio Surveillance,0.9315
LN0014780,2024-12,0.014,0.026,0.0222,0.0147,Current,0,None,0.4576,balance_change_1m_pct,interest_rate_imputed,credit_score_ordinal,Standard Portfolio Surveillance,0.9557
LN0014787,2023-01,0.0038,0.0059,0.0081,0.0078,Prepaid,0,None,0.6557,balance_change_1m_pct,balance_to_orig_ratio,credit_score_ordinal,Audit & Data Quality Exception Review,0.9838
LN0014795,2024-12,0.02,0.0377,0.0237,0.0412,Current,0,None,0.2623,balance_change_1m_pct,credit_score_ordinal,interest_rate_imputed,Standard Portfolio Surveillance,0.9525
LN0014797,2023-05,0.0099,0.0179,0.0237,0.0495,Current,0,None,0.309,interest_rate_imputed,balance_change_1m_pct,balance_to_orig_ratio,Standard Portfolio Surveillance,0.9525
LN0014812,2023-12,0.0326,0.048,0.0535,0.0412,30-59 DPD,0,None,0.2941,balance_change_1m_pct,credit_score_ordinal,interest_rate_imputed,Standard Portfolio Surveillance,0.893
LN0014823,2022-06,0.0038,0.0059,0.0081,0.0078,Prepaid,0,None,0.6608,balance_change_1m_pct,balance_to_orig_ratio,credit_score_ordinal,Audit & Data Quality Exception Review,0.9838
LN0014830,2023-05,0.0038,0.0059,0.0081,0.0078,Default,1,Data Conflict,0.2602,credit_score_ordinal,interest_rate_imputed,balance_change_1m_pct,Audit & Data Quality Exception Review,0.9838
LN0014831,2025-08,0.0273,0.0644,0.0261,0.0235,Current,0,None,0.2863,credit_score_ordinal,interest_rate_imputed,balance_change_1m_pct,Standard Portfolio Surveillance,0.9479
LN0014891,2023-11,0.0038,0.0059,0.0081,0.0078,Prepaid,0,None,0.6718,balance_change_1m_pct,balance_to_orig_ratio,credit_score_ordinal,Audit & Data Quality Exception Review,0.9838
LN0014902,2023-04,0.0326,0.048,0.0535,0.0495,Current,0,None,0.2126,interest_rate_imputed,balance_change_1m_pct,credit_score_ordinal,Standard Portfolio Surveillance,0.893
LN0014914,2025-05,0.0038,0.0059,0.0081,0.0078,Default,1,Data Conflict,0.7323,days_past_due,dpd_roll_max_6m,interest_rate_imputed,Audit & Data Quality Exception Review,0.9838
LN0014923,2023-03,0.0485,0.0887,0.0535,0.0355,30-59 DPD,0,None,0.4374,dpd_roll_max_6m,balance_change_1m_pct,credit_score_ordinal,Standard Portfolio Surveillance,0.893
LN0014952,2023-12,0.0038,0.0059,0.0081,0.0078,Default,1,Data Conflict,0.5901,days_past_due,dpd_roll_max_6m,credit_score_ordinal,Audit & Data Quality Exception Review,0.9838
LN0014999,2024-08,0.0345,0.048,0.0261,0.03,Current,0,None,0.1586,credit_score_ordinal,interest_rate_imputed,balance_change_1m_pct,Standard Portfolio Surveillance,0.9479
LN0015003,2023-04,0.0942,0.1674,0.0847,0.0495,30-59 DPD,0,None,0.2752,credit_score_ordinal,balance_change_1m_pct,interest_rate_imputed,Standard Portfolio Surveillance,0.8305
LN0015017,2025-03,0.0099,0.0179,0.011,0.0101,Current,0,None,0.2933,credit_score_ordinal,balance_change_1m_pct,interest_rate_imputed,Standard Portfolio Surveillance,0.9781
LN0015033,2024-02,0.0038,0.0059,0.0081,0.0078,Default,1,Data Conflict,0.5744,days_past_due,dpd_roll_max_6m,credit_score_ordinal,Audit & Data Quality Exception Review,0.9838
LN0015034,2023-11,0.014,0.026,0.0342,0.0495,Current,0,None,0.1093,credit_score_ordinal,balance_change_1m_pct,interest_rate_imputed,Standard Portfolio Surveillance,0.9315
LN0015049,2024-10,0.0183,0.0309,0.0234,0.0235,Prepaid,0,None,0.3276,interest_rate_imputed,credit_score_ordinal,balance_change_1m_pct,Standard Portfolio Surveillance,0.9531
LN0015060,2023-10,0.0038,0.0059,0.0081,0.0078,Default,0,None,0.6598,days_past_due,dpd_roll_max_6m,credit_score_ordinal,Audit & Data Quality Exception Review,0.9838
LN0015077,2025-10,0.0326,0.048,0.0261,0.0235,Current,0,None,0.3329,interest_rate_imputed,balance_change_1m_pct,balance_to_orig_ratio,Standard Portfolio Surveillance,0.9479
LN0015079,2024-11,0.0223,0.048,0.0535,0.0412,Current,0,None,0.2209,interest_rate_imputed,balance_change_1m_pct,balance_to_orig_ratio,Standard Portfolio Surveillance,0.893
LN0015084,2022-09,0.0485,0.0887,0.0535,0.0495,Current,0,None,0.2252,credit_score_ordinal,balance_change_1m_pct,interest_rate_imputed,Standard Portfolio Surveillance,0.893
LN0015112,2023-05,0.0175,0.0648,0.0374,0.0495,Current,0,None,0.2101,interest_rate_imputed,balance_change_1m_pct,balance_to_orig_ratio,Standard Portfolio Surveillance,0.9252
LN0015118,2023-04,0.0118,0.0213,0.0237,0.0355,Current,0,None,0.2731,dpd_roll_max_6m,credit_score_ordinal,interest_rate_imputed,Standard Portfolio Surveillance,0.9525
LN0015121,2023-09,0.0326,0.048,0.0535,0.0495,Current,0,None,0.3182,interest_rate_imputed,credit_score_ordinal,balance_change_1m_pct,Standard Portfolio Surveillance,0.893
LN0015125,2023-06,0.0038,0.0059,0.0081,0.0078,Default,1,Data Conflict,0.3127,credit_score_ordinal,interest_rate_imputed,balance_change_1m_pct,Audit & Data Quality Exception Review,0.9838
LN0015127,2024-04,0.0118,0.0213,0.0237,0.0412,Current,0,None,0.1939,credit_score_ordinal,interest_rate_imputed,balance_change_1m_pct,Standard Portfolio Surveillance,0.9525
LN0015132,2025-05,0.014,0.026,0.011,0.0101,Current,0,None,0.2717,credit_score_ordinal,balance_change_1m_pct,interest_rate_imputed,Standard Portfolio Surveillance,0.9781
LN0015151,2025-02,0.0038,0.0059,0.0081,0.0078,Prepaid,0,None,0.7528,balance_change_1m_pct,balance_to_orig_ratio,days_past_due,Audit & Data Quality Exception Review,0.9838
LN0015166,2025-04,0.6989,0.6621,0.2896,0.0172,60-89 DPD,0,None,0.2677,credit_score_ordinal,interest_rate_imputed,balance_change_1m_pct,Active Credit Workout & Pre-Foreclosure Outreach,0.6
LN0015178,2025-10,0.014,0.026,0.0153,0.0235,Current,0,None,0.2863,balance_change_1m_pct,interest_rate_imputed,balance_to_orig_ratio,Standard Portfolio Surveillance,0.9694
LN0015189,2024-02,0.0099,0.0179,0.0237,0.0495,Current,0,None,0.3604,balance_change_1m_pct,credit_score_ordinal,interest_rate_imputed,Standard Portfolio Surveillance,0.9525
LN0015190,2024-09,0.0099,0.0179,0.0153,0.0235,Current,0,None,0.2314,interest_rate_imputed,balance_change_1m_pct,credit_score_ordinal,Standard Portfolio Surveillance,0.9694
LN0015195,2023-07,0.0038,0.0059,0.0081,0.0078,Default,1,Data Conflict,0.3741,balance_change_1m_pct,credit_score_ordinal,interest_rate_imputed,Audit & Data Quality Exception Review,0.9838
LN0015207,2023-03,0.0038,0.0059,0.0081,0.0078,Prepaid,0,None,0.7371,balance_change_1m_pct,balance_to_orig_ratio,credit_score_ordinal,Audit & Data Quality Exception Review,0.9838
LN0015217,2024-08,0.0223,0.048,0.0535,0.0412,Current,0,None,0.2791,interest_rate_imputed,balance_change_1m_pct,balance_to_orig_ratio,Standard Portfolio Surveillance,0.893
LN0015226,2025-06,0.0099,0.0179,0.011,0.0101,Current,0,None,0.2255,interest_rate_imputed,balance_to_orig_ratio,balance_change_1m_pct,Standard Portfolio Surveillance,0.9781
LN0015242,2024-02,0.0038,0.0059,0.0081,0.0078,Default,0,None,0.6404,days_past_due,dpd_roll_max_6m,interest_rate_imputed,Standard Portfolio Surveillance,0.9838
LN0015244,2024-06,0.014,0.026,0.0342,0.0495,Current,0,None,0.1227,balance_change_1m_pct,interest_rate_imputed,balance_to_orig_ratio,Standard Portfolio Surveillance,0.9315
LN0015261,2026-02,0.014,0.026,0.011,0.0101,Current,0,None,0.2655,credit_score_ordinal,balance_change_1m_pct,interest_rate_imputed,Standard Portfolio Surveillance,0.9781
LN0015286,2023-04,0.0038,0.0059,0.0081,0.0078,Prepaid,0,None,0.7103,balance_change_1m_pct,balance_to_orig_ratio,credit_score_ordinal,Audit & Data Quality Exception Review,0.9838
LN0015293,2026-01,0.0175,0.0348,0.0106,0.0101,Current,0,None,0.373,interest_rate_imputed,balance_to_orig_ratio,balance_change_1m_pct,Standard Portfolio Surveillance,0.9788
LN0015295,2024-01,0.0175,0.0648,0.0374,0.0412,Current,0,None,0.2346,credit_score_ordinal,interest_rate_imputed,balance_change_1m_pct,Standard Portfolio Surveillance,0.9252
LN0015299,2025-07,0.0273,0.0644,0.0143,0.0101,Current,0,None,0.5183,balance_change_1m_pct,credit_score_ordinal,balance_to_orig_ratio,Standard Portfolio Surveillance,0.9713
LN0015326,2025-01,0.0223,0.048,0.0535,0.0412,Current,0,None,0.1908,interest_rate_imputed,balance_change_1m_pct,balance_to_orig_ratio,Standard Portfolio Surveillance,0.893
LN0015354,2024-02,0.0223,0.0571,0.0535,0.0495,Current,0,None,0.1947,interest_rate_imputed,balance_change_1m_pct,balance_to_orig_ratio,Standard Portfolio Surveillance,0.893
LN0015396,2026-01,0.0223,0.0156,0.0143,0.0101,Current,0,None,0.3581,balance_change_1m_pct,credit_score_ordinal,balance_to_orig_ratio,Standard Portfolio Surveillance,0.9713
LN0015411,2023-12,0.0038,0.0059,0.0081,0.0078,Prepaid,0,None,0.6759,balance_change_1m_pct,balance_to_orig_ratio,credit_score_ordinal,Audit & Data Quality Exception Review,0.9838
LN0015419,2024-09,0.02,0.0377,0.0237,0.0412,Current,0,None,0.3935,balance_change_1m_pct,credit_score_ordinal,interest_rate_imputed,Standard Portfolio Surveillance,0.9525
LN0015423,2024-09,0.0273,0.0644,0.0261,0.03,Current,0,None,0.403,balance_change_1m_pct,credit_score_ordinal,interest_rate_imputed,Standard Portfolio Surveillance,0.9479
LN0015424,2024-07,0.0561,0.1023,0.0847,0.0495,Current,0,None,0.1056,credit_score_ordinal,interest_rate_imputed,balance_change_1m_pct,Standard Portfolio Surveillance,0.8305
LN0015430,2025-08,0.0099,0.0179,0.0153,0.03,Current,0,None,0.1925,interest_rate_imputed,balance_change_1m_pct,balance_to_orig_ratio,Standard Portfolio Surveillance,0.9694
LN0015432,2023-04,0.02,0.0377,0.0237,0.0495,Current,0,None,0.2117,balance_change_1m_pct,credit_score_ordinal,interest_rate_imputed,Standard Portfolio Surveillance,0.9525
LN0015434,2023-01,0.0038,0.0059,0.0081,0.0078,Prepaid,0,None,0.5871,balance_change_1m_pct,balance_to_orig_ratio,interest_rate_imputed,Standard Portfolio Surveillance,0.9838
LN0015457,2026-03,0.014,0.026,0.011,0.0101,Current,0,None,0.3682,credit_score_ordinal,balance_change_1m_pct,interest_rate_imputed,Standard Portfolio Surveillance,0.9781
LN0015458,2023-09,0.02,0.0377,0.0237,0.0495,Current,0,None,0.2832,balance_change_1m_pct,credit_score_ordinal,interest_rate_imputed,Standard Portfolio Surveillance,0.9525
LN0015463,2025-02,0.014,0.026,0.0245,0.0235,Current,0,None,0.3125,balance_change_1m_pct,credit_score_ordinal,interest_rate_imputed,Standard Portfolio Surveillance,0.9509
LN0015468,2022-10,0.0485,0.0887,0.0535,0.0355,Current,0,None,0.5829,days_past_due,dpd_roll_max_6m,interest_rate_imputed,Standard Portfolio Surveillance,0.893
LN0015479,2024-09,0.0326,0.048,0.0535,0.0412,30-59 DPD,0,None,0.4608,balance_change_1m_pct,credit_score_ordinal,balance_to_orig_ratio,Standard Portfolio Surveillance,0.893
LN0015482,2024-07,0.02,0.0377,0.011,0.0235,Current,0,None,0.216,interest_rate_imputed,balance_change_1m_pct,credit_score_ordinal,Standard Portfolio Surveillance,0.9781
LN0015490,2025-07,0.0273,0.0644,0.0261,0.03,Current,0,None,0.2072,interest_rate_imputed,balance_change_1m_pct,balance_to_orig_ratio,Standard Portfolio Surveillance,0.9479
LN0015517,2023-11,0.02,0.0377,0.0237,0.0412,Current,0,None,0.1708,credit_score_ordinal,interest_rate_imputed,balance_change_1m_pct,Standard Portfolio Surveillance,0.9525
LN0015566,2025-10,0.0223,0.048,0.0261,0.0235,Current,0,None,0.5313,balance_change_1m_pct,credit_score_ordinal,balance_to_orig_ratio,Standard Portfolio Surveillance,0.9479
LN0015585,2025-02,0.0326,0.0156,0.0143,0.0147,Current,0,None,0.3057,credit_score_ordinal,balance_change_1m_pct,interest_rate_imputed,Standard Portfolio Surveillance,0.9713
LN0015591,2023-12,0.0326,0.048,0.0535,0.0412,30-59 DPD,0,None,0.2879,credit_score_ordinal,balance_change_1m_pct,interest_rate_imputed,Standard Portfolio Surveillance,0.893
LN0015601,2024-07,0.0223,0.048,0.0535,0.0495,30-59 DPD,0,None,0.2377,credit_score_ordinal,interest_rate_imputed,balance_change_1m_pct,Standard Portfolio Surveillance,0.893
LN0015644,2023-01,0.014,0.026,0.0342,0.0495,Current,0,None,0.254,credit_score_ordinal,interest_rate_imputed,balance_change_1m_pct,Standard Portfolio Surveillance,0.9315
LN0015659,2022-09,0.0038,0.0059,0.0081,0.0078,Prepaid,0,None,0.6109,balance_change_1m_pct,balance_to_orig_ratio,credit_score_ordinal,Standard Portfolio Surveillance,0.9838
LN0015661,2024-05,0.0326,0.048,0.0535,0.0412,Current,0,None,0.5247,dpd_roll_max_6m,credit_score_ordinal,interest_rate_imputed,Standard Portfolio Surveillance,0.893
LN0015733,2023-03,0.0038,0.0059,0.0081,0.0078,Prepaid,0,None,0.7706,balance_change_1m_pct,balance_to_orig_ratio,interest_rate_imputed,Audit & Data Quality Exception Review,0.9838
LN0015740,2023-12,0.0326,0.048,0.0535,0.0412,Current,0,None,0.1852,interest_rate_imputed,balance_change_1m_pct,credit_score_ordinal,Standard Portfolio Surveillance,0.893
LN0015764,2024-03,0.0326,0.048,0.0535,0.0495,Current,0,None,0.1152,interest_rate_imputed,balance_change_1m_pct,balance_to_orig_ratio,Standard Portfolio Surveillance,0.893
LN0015784,2023-06,0.014,0.026,0.0342,0.0412,Current,0,None,0.2238,balance_change_1m_pct,credit_score_ordinal,balance_to_orig_ratio,Standard Portfolio Surveillance,0.9315
LN0015810,2024-08,0.0099,0.0179,0.0237,0.0412,Current,0,None,0.0739,interest_rate_imputed,balance_change_1m_pct,balance_to_orig_ratio,Standard Portfolio Surveillance,0.9525
LN0015826,2023-07,0.02,0.0377,0.0342,0.0495,Current,0,None,0.1362,credit_score_ordinal,balance_change_1m_pct,interest_rate_imputed,Standard Portfolio Surveillance,0.9315
LN0015849,2024-02,0.0099,0.0179,0.0237,0.0495,Current,0,None,0.4032,balance_change_1m_pct,credit_score_ordinal,interest_rate_imputed,Standard Portfolio Surveillance,0.9525
LN0015862,2024-03,0.0687,0.0644,0.0261,0.03,30-59 DPD,0,None,0.2052,interest_rate_imputed,credit_score_ordinal,balance_change_1m_pct,Standard Portfolio Surveillance,0.9479
LN0015873,2024-02,0.0942,0.1674,0.0847,0.0495,Current,0,None,0.2162,interest_rate_imputed,balance_change_1m_pct,balance_to_orig_ratio,Standard Portfolio Surveillance,0.8305
LN0015904,2023-04,0.0118,0.0213,0.0237,0.0495,Current,0,None,0.216,interest_rate_imputed,credit_score_ordinal,balance_change_1m_pct,Standard Portfolio Surveillance,0.9525
LN0015924,2023-09,0.014,0.026,0.0342,0.0495,Current,0,None,0.1331,interest_rate_imputed,credit_score_ordinal,balance_change_1m_pct,Standard Portfolio Surveillance,0.9315
LN0015933,2023-11,0.0038,0.0059,0.0081,0.0078,Prepaid,0,None,0.7104,balance_change_1m_pct,balance_to_orig_ratio,credit_score_ordinal,Audit & Data Quality Exception Review,0.9838
LN0015936,2024-09,0.014,0.026,0.0342,0.0412,Current,0,None,0.4941,dpd_roll_max_6m,interest_rate_imputed,balance_change_1m_pct,Standard Portfolio Surveillance,0.9315
LN0015975,2024-03,0.0118,0.0213,0.0237,0.0495,Current,0,None,0.1391,credit_score_ordinal,interest_rate_imputed,balance_change_1m_pct,Standard Portfolio Surveillance,0.9525
LN0015997,2023-11,0.0223,0.048,0.0535,0.0495,Current,0,None,0.3488,balance_change_1m_pct,interest_rate_imputed,balance_to_orig_ratio,Standard Portfolio Surveillance,0.893
LN0016001,2025-01,0.0321,0.0648,0.0106,0.0101,Current,0,None,0.5876,balance_change_1m_pct,credit_score_ordinal,balance_to_orig_ratio,Standard Portfolio Surveillance,0.9788
LN0016015,2023-11,0.0326,0.048,0.0535,0.0495,Current,0,None,0.3468,credit_score_ordinal,balance_change_1m_pct,balance_to_orig_ratio,Standard Portfolio Surveillance,0.893
LN0016020,2023-12,0.0345,0.0571,0.0535,0.0495,Current,0,None,0.1744,balance_change_1m_pct,interest_rate_imputed,balance_to_orig_ratio,Standard Portfolio Surveillance,0.893
LN0016025,2024-10,0.0175,0.0348,0.0374,0.0412,Current,0,None,0.2615,interest_rate_imputed,balance_change_1m_pct,balance_to_orig_ratio,Standard Portfolio Surveillance,0.9252
LN0016069,2024-12,0.0223,0.048,0.0143,0.0235,Current,0,None,0.2723,credit_score_ordinal,interest_rate_imputed,balance_change_1m_pct,Standard Portfolio Surveillance,0.9713
LN0016105,2025-09,0.0223,0.0156,0.0143,0.0147,Current,0,None,0.2949,interest_rate_imputed,balance_change_1m_pct,balance_to_orig_ratio,Standard Portfolio Surveillance,0.9713
LN0016115,2024-07,0.02,0.0377,0.0342,0.0495,Current,0,None,0.3969,balance_change_1m_pct,credit_score_ordinal,interest_rate_imputed,Standard Portfolio Surveillance,0.9315
LN0016135,2025-09,0.0321,0.0348,0.0106,0.0101,Current,0,None,0.4058,balance_change_1m_pct,balance_to_orig_ratio,interest_rate_imputed,Standard Portfolio Surveillance,0.9788
LN0016162,2023-07,0.02,0.0377,0.0342,0.0495,Current,0,None,0.0989,credit_score_ordinal,balance_change_1m_pct,interest_rate_imputed,Standard Portfolio Surveillance,0.9315
LN0016164,2026-04,0.02,0.0377,0.011,0.0101,Current,0,None,0.419,interest_rate_imputed,balance_change_1m_pct,balance_to_orig_ratio,Standard Portfolio Surveillance,0.9781
LN0016171,2023-12,0.0223,0.048,0.0535,0.0495,Current,0,None,0.1731,credit_score_ordinal,balance_change_1m_pct,interest_rate_imputed,Standard Portfolio Surveillance,0.893
LN0016176,2025-02,0.014,0.026,0.0342,0.0412,Current,0,None,0.1403,credit_score_ordinal,interest_rate_imputed,balance_change_1m_pct,Standard Portfolio Surveillance,0.9315
LN0016220,2024-09,0.0403,0.0771,0.0614,0.03,Prepaid,0,None,0.2065,credit_score_ordinal,interest_rate_imputed,balance_change_1m_pct,Standard Portfolio Surveillance,0.8771
LN0016226,2023-11,0.0038,0.0059,0.0081,0.0078,Default,1,Data Conflict,0.4184,balance_change_1m_pct,credit_score_ordinal,interest_rate_imputed,Audit & Data Quality Exception Review,0.9838
LN0016230,2025-02,0.0326,0.048,0.0535,0.0412,Current,0,None,0.1877,interest_rate_imputed,balance_change_1m_pct,balance_to_orig_ratio,Standard Portfolio Surveillance,0.893
LN0016235,2025-06,0.0175,0.0348,0.0106,0.0101,Current,0,None,0.3306,credit_score_ordinal,balance_change_1m_pct,balance_to_orig_ratio,Standard Portfolio Surveillance,0.9788
LN0016238,2022-12,0.0038,0.0059,0.0081,0.0078,Default,1,Data Conflict,0.6564,days_past_due,dpd_roll_max_6m,credit_score_ordinal,Audit & Data Quality Exception Review,0.9838
LN0016253,2024-04,0.02,0.0377,0.0342,0.0495,Current,0,None,0.2736,balance_change_1m_pct,balance_to_orig_ratio,days_past_due,Standard Portfolio Surveillance,0.9315
LN0016272,2023-09,0.0099,0.0179,0.0237,0.0495,Current,0,None,0.1298,credit_score_ordinal,interest_rate_imputed,balance_change_1m_pct,Standard Portfolio Surveillance,0.9525
LN0016276,2025-09,0.0223,0.048,0.0261,0.0235,Current,0,None,0.2925,credit_score_ordinal,interest_rate_imputed,balance_change_1m_pct,Standard Portfolio Surveillance,0.9479
LN0016279,2024-04,0.0099,0.0179,0.0245,0.03,Current,0,None,0.2566,credit_score_ordinal,interest_rate_imputed,balance_change_1m_pct,Standard Portfolio Surveillance,0.9509
LN0016295,2024-01,0.0223,0.048,0.0535,0.0412,Current,0,None,0.3494,balance_to_orig_ratio,balance_change_1m_pct,days_past_due,Standard Portfolio Surveillance,0.893
LN0016302,2026-02,0.0345,0.0156,0.0143,0.0101,Current,0,None,0.3787,credit_score_ordinal,balance_change_1m_pct,balance_to_orig_ratio,Standard Portfolio Surveillance,0.9713
LN0016303,2024-01,0.0038,0.0059,0.0081,0.0078,Default,0,None,0.6415,days_past_due,dpd_roll_max_6m,credit_score_ordinal,Standard Portfolio Surveillance,0.9838
LN0016319,2025-01,0.0099,0.0179,0.0222,0.0101,Current,0,None,0.5273,balance_change_1m_pct,balance_to_orig_ratio,interest_rate_imputed,Standard Portfolio Surveillance,0.9557
LN0016320,2025-03,0.0326,0.0156,0.0143,0.0101,30-59 DPD,0,None,0.3902,credit_score_ordinal,balance_change_1m_pct,balance_to_orig_ratio,Standard Portfolio Surveillance,0.9713
LN0016327,2022-12,0.0099,0.0179,0.0237,0.0495,Current,0,None,0.2036,interest_rate_imputed,credit_score_ordinal,balance_change_1m_pct,Standard Portfolio Surveillance,0.9525
LN0016330,2024-02,0.0403,0.0771,0.0614,0.0495,30-59 DPD,0,None,0.1281,credit_score_ordinal,balance_change_1m_pct,interest_rate_imputed,Standard Portfolio Surveillance,0.8771
LN0016335,2024-04,0.014,0.026,0.0342,0.0495,Current,0,None,0.2135,interest_rate_imputed,balance_change_1m_pct,balance_to_orig_ratio,Standard Portfolio Surveillance,0.9315
LN0016343,2024-10,0.0687,0.0644,0.0143,0.0235,30-59 DPD,0,None,0.2985,interest_rate_imputed,balance_change_1m_pct,credit_score_ordinal,Standard Portfolio Surveillance,0.9713
LN0016345,2023-08,0.0403,0.0771,0.0614,0.0495,Current,0,None,0.1444,credit_score_ordinal,interest_rate_imputed,balance_change_1m_pct,Standard Portfolio Surveillance,0.8771
LN0016352,2026-02,0.014,0.026,0.011,0.0147,Current,0,None,0.2191,interest_rate_imputed,credit_score_ordinal,balance_change_1m_pct,Standard Portfolio Surveillance,0.9781
LN0016374,2023-04,0.0345,0.0571,0.0535,0.0495,Current,0,None,0.2329,balance_change_1m_pct,interest_rate_imputed,balance_to_orig_ratio,Standard Portfolio Surveillance,0.893
LN0016394,2023-02,0.0345,0.0571,0.0535,0.0495,Current,0,None,0.1681,interest_rate_imputed,balance_change_1m_pct,balance_to_orig_ratio,Standard Portfolio Surveillance,0.893
LN0016395,2025-02,0.0345,0.048,0.0261,0.03,Current,0,None,0.3379,interest_rate_imputed,balance_change_1m_pct,balance_to_orig_ratio,Standard Portfolio Surveillance,0.9479
LN0016403,2023-05,0.0223,0.0571,0.0535,0.0495,Current,0,None,0.137,interest_rate_imputed,balance_change_1m_pct,balance_to_orig_ratio,Standard Portfolio Surveillance,0.893
LN0016405,2025-02,0.02,0.0377,0.011,0.0101,Current,0,None,0.307,credit_score_ordinal,interest_rate_imputed,balance_change_1m_pct,Standard Portfolio Surveillance,0.9781
LN0016407,2025-01,0.0326,0.048,0.0535,0.0412,Current,0,None,0.1721,credit_score_ordinal,balance_change_1m_pct,interest_rate_imputed,Standard Portfolio Surveillance,0.893
LN0016428,2025-02,0.014,0.026,0.011,0.0101,Current,0,None,0.2231,balance_change_1m_pct,interest_rate_imputed,balance_to_orig_ratio,Standard Portfolio Surveillance,0.9781
LN0016431,2024-12,0.0038,0.0059,0.0081,0.0078,Default,1,Data Conflict,0.4181,credit_score_ordinal,interest_rate_imputed,balance_change_1m_pct,Audit & Data Quality Exception Review,0.9838
LN0016432,2025-04,0.02,0.0377,0.0222,0.0101,Current,0,None,0.376,balance_change_1m_pct,interest_rate_imputed,balance_to_orig_ratio,Standard Portfolio Surveillance,0.9557
LN0016444,2023-02,0.0038,0.0059,0.0081,0.0078,Prepaid,0,None,0.5489,balance_change_1m_pct,balance_to_orig_ratio,interest_rate_imputed,Standard Portfolio Surveillance,0.9838
LN0016447,2025-08,0.0345,0.0156,0.0143,0.0101,Current,0,None,0.359,interest_rate_imputed,balance_change_1m_pct,credit_score_ordinal,Standard Portfolio Surveillance,0.9713
LN0016455,2024-06,0.02,0.0377,0.0342,0.0412,Current,0,None,0.1431,credit_score_ordinal,interest_rate_imputed,balance_change_1m_pct,Standard Portfolio Surveillance,0.9315
LN0016458,2023-07,0.0118,0.0213,0.0237,0.0495,Current,0,None,0.1313,credit_score_ordinal,interest_rate_imputed,balance_change_1m_pct,Standard Portfolio Surveillance,0.9525
LN0016482,2023-11,0.0038,0.0059,0.0081,0.0078,Default,1,Data Conflict,0.3697,credit_score_ordinal,interest_rate_imputed,balance_to_orig_ratio,Audit & Data Quality Exception Review,0.9838
LN0016486,2025-06,0.02,0.0377,0.0245,0.03,Current,0,None,0.1247,credit_score_ordinal,interest_rate_imputed,balance_change_1m_pct,Standard Portfolio Surveillance,0.9509
LN0016490,2023-08,0.0223,0.0571,0.0535,0.0495,Current,0,None,0.0574,credit_score_ordinal,interest_rate_imputed,balance_change_1m_pct,Standard Portfolio Surveillance,0.893
LN0016492,2024-05,0.0223,0.048,0.0535,0.0495,30-59 DPD,0,None,0.2287,credit_score_ordinal,balance_change_1m_pct,balance_to_orig_ratio,Standard Portfolio Surveillance,0.893
LN0016496,2025-08,0.0273,0.0644,0.0261,0.0235,Current,0,None,0.1462,credit_score_ordinal,balance_change_1m_pct,interest_rate_imputed,Standard Portfolio Surveillance,0.9479
LN0016540,2025-07,0.014,0.026,0.011,0.0147,Current,0,None,0.1882,credit_score_ordinal,interest_rate_imputed,balance_change_1m_pct,Standard Portfolio Surveillance,0.9781
LN0016549,2023-08,0.0175,0.0648,0.0374,0.0495,Current,0,None,0.1587,interest_rate_imputed,balance_change_1m_pct,balance_to_orig_ratio,Standard Portfolio Surveillance,0.9252
LN0016571,2024-01,0.0118,0.0213,0.0237,0.0412,Current,0,None,0.2664,credit_score_ordinal,interest_rate_imputed,balance_change_1m_pct,Standard Portfolio Surveillance,0.9525
LN0016578,2024-09,0.0038,0.0059,0.0081,0.0078,Default,1,Data Conflict,0.2407,credit_score_ordinal,interest_rate_imputed,balance_change_1m_pct,Audit & Data Quality Exception Review,0.9838
LN0016595,2023-04,0.0175,0.0348,0.0374,0.0495,Current,0,None,0.2115,balance_change_1m_pct,credit_score_ordinal,interest_rate_imputed,Standard Portfolio Surveillance,0.9252
LN0016598,2025-04,0.0038,0.0059,0.0081,0.0078,Default,0,None,0.6855,days_past_due,dpd_roll_max_6m,balance_to_orig_ratio,Audit & Data Quality Exception Review,0.9838
LN0016600,2023-07,0.0345,0.0571,0.0535,0.0495,Current,0,None,0.2715,interest_rate_imputed,balance_change_1m_pct,balance_to_orig_ratio,Standard Portfolio Surveillance,0.893
LN0016606,2024-03,0.6989,0.6621,0.2896,0.0172,60-89 DPD,0,None,0.1991,credit_score_ordinal,interest_rate_imputed,balance_change_1m_pct,Active Credit Workout & Pre-Foreclosure Outreach,0.6
LN0016607,2024-02,0.014,0.026,0.0342,0.0495,Current,0,None,0.3068,credit_score_ordinal,interest_rate_imputed,balance_change_1m_pct,Standard Portfolio Surveillance,0.9315
LN0016627,2023-12,0.0485,0.0887,0.0535,0.0495,30-59 DPD,0,None,0.1681,credit_score_ordinal,interest_rate_imputed,balance_change_1m_pct,Standard Portfolio Surveillance,0.893
LN0016662,2024-02,0.0403,0.0771,0.0614,0.0495,Current,0,None,0.196,credit_score_ordinal,interest_rate_imputed,balance_change_1m_pct,Standard Portfolio Surveillance,0.8771
LN0016663,2025-08,0.014,0.026,0.011,0.0235,Current,0,None,0.2967,credit_score_ordinal,interest_rate_imputed,balance_change_1m_pct,Standard Portfolio Surveillance,0.9781
LN0016694,2023-12,0.0273,0.0644,0.0847,0.0412,Current,0,None,0.4449,balance_change_1m_pct,credit_score_ordinal,balance_to_orig_ratio,Standard Portfolio Surveillance,0.8305
LN0016729,2025-06,0.0175,0.0348,0.0106,0.0101,Current,0,None,0.4384,credit_score_ordinal,balance_change_1m_pct,interest_rate_imputed,Standard Portfolio Surveillance,0.9788
LN0016736,2023-07,0.0942,0.1674,0.0847,0.0495,Current,0,None,0.1465,credit_score_ordinal,interest_rate_imputed,balance_change_1m_pct,Standard Portfolio Surveillance,0.8305
LN0016764,2023-12,0.02,0.0377,0.0342,0.0412,Prepaid,0,None,0.1755,interest_rate_imputed,credit_score_ordinal,balance_change_1m_pct,Standard Portfolio Surveillance,0.9315
LN0016786,2024-04,0.0223,0.0571,0.0535,0.0355,Prepaid,0,None,0.5526,dpd_roll_max_6m,credit_score_ordinal,interest_rate_imputed,Standard Portfolio Surveillance,0.893
LN0016829,2025-01,0.0175,0.0348,0.0106,0.0101,Current,0,None,0.4034,credit_score_ordinal,interest_rate_imputed,balance_change_1m_pct,Standard Portfolio Surveillance,0.9788
LN0016831,2024-05,0.0175,0.0348,0.0374,0.0495,Current,0,None,0.3216,interest_rate_imputed,balance_change_1m_pct,credit_score_ordinal,Standard Portfolio Surveillance,0.9252
LN0016856,2023-09,0.0326,0.048,0.0535,0.0495,Current,0,None,0.321,credit_score_ordinal,balance_change_1m_pct,balance_to_orig_ratio,Standard Portfolio Surveillance,0.893
LN0016869,2023-04,0.0326,0.0887,0.0535,0.0495,Current,0,None,0.3739,balance_change_1m_pct,credit_score_ordinal,interest_rate_imputed,Standard Portfolio Surveillance,0.893
LN0016882,2023-12,0.0326,0.048,0.0535,0.0412,Current,0,None,0.1244,credit_score_ordinal,balance_change_1m_pct,interest_rate_imputed,Standard Portfolio Surveillance,0.893
LN0016926,2023-11,0.02,0.0377,0.0237,0.0412,Current,0,None,0.1843,credit_score_ordinal,interest_rate_imputed,balance_change_1m_pct,Standard Portfolio Surveillance,0.9525
LN0016936,2024-01,0.0038,0.0059,0.0081,0.0078,Default,1,Data Conflict,0.3706,balance_change_1m_pct,credit_score_ordinal,interest_rate_imputed,Audit & Data Quality Exception Review,0.9838
LN0016956,2026-03,0.014,0.026,0.011,0.0101,Current,0,None,0.2694,credit_score_ordinal,interest_rate_imputed,balance_to_orig_ratio,Standard Portfolio Surveillance,0.9781
LN0016961,2025-01,0.0345,0.048,0.0261,0.0122,Current,0,None,0.4106,credit_score_ordinal,interest_rate_imputed,balance_change_1m_pct,Standard Portfolio Surveillance,0.9479
LN0017000,2024-01,0.0942,0.1674,0.0847,0.0495,Current,0,None,0.1722,interest_rate_imputed,balance_change_1m_pct,balance_to_orig_ratio,Standard Portfolio Surveillance,0.8305
LN0017040,2025-04,0.0326,0.0156,0.0143,0.0101,Current,0,None,0.4482,balance_change_1m_pct,credit_score_ordinal,interest_rate_imputed,Standard Portfolio Surveillance,0.9713
LN0017044,2024-09,0.0273,0.0644,0.0143,0.0235,30-59 DPD,0,None,0.3677,credit_score_ordinal,interest_rate_imputed,balance_change_1m_pct,Standard Portfolio Surveillance,0.9713
LN0017065,2024-10,0.0223,0.0156,0.0143,0.0147,Current,0,None,0.3096,credit_score_ordinal,interest_rate_imputed,balance_change_1m_pct,Standard Portfolio Surveillance,0.9713
LN0017070,2023-08,0.014,0.026,0.0342,0.0495,Current,0,None,0.3762,balance_change_1m_pct,credit_score_ordinal,interest_rate_imputed,Standard Portfolio Surveillance,0.9315
LN0017071,2023-12,0.0326,0.048,0.0535,0.0412,Prepaid,0,None,0.2368,credit_score_ordinal,interest_rate_imputed,balance_change_1m_pct,Standard Portfolio Surveillance,0.893
LN0017089,2023-02,0.0038,0.0059,0.0081,0.0078,Default,1,Data Conflict,0.5581,days_past_due,dpd_roll_max_6m,interest_rate_imputed,Audit & Data Quality Exception Review,0.9838
LN0017104,2025-03,0.0183,0.0309,0.0106,0.0147,Prepaid,0,None,0.3843,dpd_roll_max_6m,balance_change_1m_pct,interest_rate_imputed,Standard Portfolio Surveillance,0.9788
LN0017105,2023-04,0.0118,0.0213,0.0237,0.0495,Current,0,None,0.1596,credit_score_ordinal,balance_change_1m_pct,interest_rate_imputed,Standard Portfolio Surveillance,0.9525
LN0017133,2022-12,0.014,0.026,0.0342,0.0495,Current,0,None,0.2287,credit_score_ordinal,interest_rate_imputed,balance_change_1m_pct,Standard Portfolio Surveillance,0.9315
LN0017142,2024-01,0.0403,0.0771,0.0614,0.0412,Current,0,None,0.0885,credit_score_ordinal,interest_rate_imputed,balance_change_1m_pct,Standard Portfolio Surveillance,0.8771
LN0017151,2024-01,0.0326,0.0887,0.0535,0.0495,Current,0,None,0.1302,balance_change_1m_pct,interest_rate_imputed,balance_to_orig_ratio,Standard Portfolio Surveillance,0.893
LN0017155,2023-09,0.0403,0.0771,0.0614,0.0495,Current,0,None,0.2368,credit_score_ordinal,interest_rate_imputed,balance_change_1m_pct,Standard Portfolio Surveillance,0.8771
LN0017164,2024-11,0.0223,0.048,0.0535,0.0412,Current,0,None,0.1343,credit_score_ordinal,interest_rate_imputed,balance_change_1m_pct,Standard Portfolio Surveillance,0.893
LN0017172,2023-11,0.0038,0.0059,0.0081,0.0078,Prepaid,0,None,0.5883,balance_change_1m_pct,balance_to_orig_ratio,interest_rate_imputed,Standard Portfolio Surveillance,0.9838
LN0017191,2023-03,0.0038,0.0059,0.0081,0.0078,Default,1,Data Conflict,0.7741,dpd_roll_max_6m,credit_score_ordinal,balance_change_1m_pct,Audit & Data Quality Exception Review,0.9838
LN0017227,2023-07,0.0561,0.1023,0.0847,0.0495,30-59 DPD,0,None,0.208,credit_score_ordinal,interest_rate_imputed,balance_change_1m_pct,Standard Portfolio Surveillance,0.8305
LN0017229,2023-10,0.0038,0.0059,0.0081,0.0078,Prepaid,0,None,0.8078,balance_change_1m_pct,balance_to_orig_ratio,credit_score_ordinal,Audit & Data Quality Exception Review,0.9838
LN0017242,2024-07,0.0403,0.0771,0.0614,0.0412,Current,0,None,0.183,interest_rate_imputed,credit_score_ordinal,balance_change_1m_pct,Standard Portfolio Surveillance,0.8771
LN0017257,2024-03,0.0326,0.048,0.0535,0.0412,Current,0,None,0.3246,interest_rate_imputed,credit_score_ordinal,balance_change_1m_pct,Standard Portfolio Surveillance,0.893
LN0017258,2024-09,0.0403,0.0771,0.0234,0.03,30-59 DPD,0,None,0.2181,credit_score_ordinal,interest_rate_imputed,balance_change_1m_pct,Standard Portfolio Surveillance,0.9531
LN0017305,2025-08,0.0183,0.0309,0.0234,0.0235,Current,0,None,0.497,interest_rate_imputed,balance_change_1m_pct,credit_score_ordinal,Standard Portfolio Surveillance,0.9531
LN0017315,2024-06,0.0326,0.048,0.0535,0.0522,Current,0,None,0.3891,credit_score_ordinal,interest_rate_imputed,balance_change_1m_pct,Standard Portfolio Surveillance,0.893
LN0017316,2025-09,0.014,0.026,0.0222,0.0147,Current,0,None,0.3899,balance_change_1m_pct,credit_score_ordinal,balance_to_orig_ratio,Standard Portfolio Surveillance,0.9557
LN0017332,2023-02,0.0038,0.0059,0.0081,0.0078,Prepaid,0,None,0.5783,balance_change_1m_pct,balance_to_orig_ratio,interest_rate_imputed,Standard Portfolio Surveillance,0.9838
LN0017365,2025-02,0.0942,0.0644,0.0847,0.0177,Current,0,None,0.4049,interest_rate_imputed,credit_score_ordinal,balance_change_1m_pct,Standard Portfolio Surveillance,0.8305
LN0017371,2022-10,0.0038,0.0059,0.0081,0.0078,Default,1,Data Conflict,0.3763,balance_change_1m_pct,interest_rate_imputed,balance_to_orig_ratio,Audit & Data Quality Exception Review,0.9838
LN0017374,2024-03,0.0099,0.0179,0.0237,0.0495,Current,0,None,0.2656,balance_change_1m_pct,interest_rate_imputed,balance_to_orig_ratio,Standard Portfolio Surveillance,0.9525
LN0017405,2024-07,0.0942,0.1674,0.0847,0.0412,30-59 DPD,0,None,0.2432,interest_rate_imputed,balance_change_1m_pct,credit_score_ordinal,Standard Portfolio Surveillance,0.8305
LN0017412,2024-03,0.0403,0.0771,0.0614,0.0495,30-59 DPD,0,None,0.1546,credit_score_ordinal,interest_rate_imputed,balance_change_1m_pct,Standard Portfolio Surveillance,0.8771
LN0017431,2023-10,0.0326,0.048,0.0535,0.019,30-59 DPD,0,None,0.4204,balance_change_1m_pct,credit_score_ordinal,interest_rate_imputed,Standard Portfolio Surveillance,0.893
LN0017434,2025-02,0.0175,0.0348,0.0234,0.0412,Current,0,None,0.3057,balance_change_1m_pct,credit_score_ordinal,balance_to_orig_ratio,Standard Portfolio Surveillance,0.9531
LN0017468,2023-12,0.0403,0.0771,0.0614,0.0495,Current,0,None,0.0763,interest_rate_imputed,balance_change_1m_pct,balance_to_orig_ratio,Standard Portfolio Surveillance,0.8771
LN0017476,2024-12,0.014,0.026,0.0342,0.0412,Current,0,None,0.1242,credit_score_ordinal,interest_rate_imputed,balance_change_1m_pct,Standard Portfolio Surveillance,0.9315
LN0017569,2025-12,0.0038,0.0059,0.0081,0.0078,Prepaid,0,None,0.733,balance_change_1m_pct,balance_to_orig_ratio,credit_score_ordinal,Audit & Data Quality Exception Review,0.9838
LN0017585,2024-06,0.0273,0.0644,0.0261,0.03,Current,0,None,0.367,balance_change_1m_pct,credit_score_ordinal,interest_rate_imputed,Standard Portfolio Surveillance,0.9479
LN0017589,2023-08,0.0345,0.048,0.0535,0.0412,Current,0,None,0.1695,credit_score_ordinal,interest_rate_imputed,balance_to_orig_ratio,Standard Portfolio Surveillance,0.893
LN0017593,2023-09,0.0345,0.048,0.0535,0.0412,Current,0,None,0.1892,interest_rate_imputed,balance_change_1m_pct,balance_to_orig_ratio,Standard Portfolio Surveillance,0.893
LN0017596,2024-01,0.0038,0.0059,0.0081,0.0078,Default,1,Data Conflict,0.2336,credit_score_ordinal,interest_rate_imputed,balance_change_1m_pct,Audit & Data Quality Exception Review,0.9838
LN0017603,2024-11,0.014,0.026,0.0153,0.0235,Current,0,None,0.2481,interest_rate_imputed,credit_score_ordinal,balance_change_1m_pct,Standard Portfolio Surveillance,0.9694
LN0017635,2025-02,0.0099,0.0179,0.0153,0.0235,Current,0,None,0.2702,credit_score_ordinal,interest_rate_imputed,balance_change_1m_pct,Standard Portfolio Surveillance,0.9694
LN0017640,2023-03,0.014,0.026,0.0342,0.0495,Current,0,None,0.086,credit_score_ordinal,interest_rate_imputed,balance_change_1m_pct,Standard Portfolio Surveillance,0.9315
LN0017642,2024-02,0.014,0.026,0.0245,0.03,Current,0,None,0.1273,interest_rate_imputed,credit_score_ordinal,balance_change_1m_pct,Standard Portfolio Surveillance,0.9509
LN0017701,2026-04,0.02,0.0377,0.011,0.0101,Current,0,None,0.7677,days_past_due,dpd_roll_max_6m,interest_rate_imputed,Audit & Data Quality Exception Review,0.9781
LN0017713,2022-10,0.0038,0.0059,0.0081,0.0078,Default,1,Data Conflict,0.6241,days_past_due,dpd_roll_max_6m,credit_score_ordinal,Audit & Data Quality Exception Review,0.9838
LN0017722,2023-08,0.0118,0.0213,0.0237,0.0412,Current,0,None,0.1906,balance_change_1m_pct,credit_score_ordinal,interest_rate_imputed,Standard Portfolio Surveillance,0.9525
LN0017732,2024-05,0.0345,0.048,0.0535,0.0412,Current,0,None,0.1189,credit_score_ordinal,interest_rate_imputed,balance_change_1m_pct,Standard Portfolio Surveillance,0.893
LN0017740,2023-04,0.0038,0.0059,0.0081,0.0078,Default,1,Data Conflict,0.3188,credit_score_ordinal,interest_rate_imputed,balance_change_1m_pct,Audit & Data Quality Exception Review,0.9838
LN0017769,2023-12,0.02,0.0377,0.0342,0.0495,Current,0,None,0.2106,interest_rate_imputed,balance_change_1m_pct,balance_to_orig_ratio,Standard Portfolio Surveillance,0.9315
LN0017770,2025-12,0.0326,0.0156,0.0143,0.0101,Current,0,None,0.3296,balance_change_1m_pct,interest_rate_imputed,balance_to_orig_ratio,Standard Portfolio Surveillance,0.9713
LN0017779,2023-12,0.0321,0.0348,0.0374,0.0495,Current,0,None,0.3457,credit_score_ordinal,interest_rate_imputed,balance_change_1m_pct,Standard Portfolio Surveillance,0.9252
LN0017790,2024-07,0.0326,0.048,0.0261,0.0235,Current,0,None,0.1619,interest_rate_imputed,balance_change_1m_pct,balance_to_orig_ratio,Standard Portfolio Surveillance,0.9479
LN0017808,2023-08,0.014,0.026,0.0342,0.0412,Current,0,None,0.2878,balance_change_1m_pct,interest_rate_imputed,balance_to_orig_ratio,Standard Portfolio Surveillance,0.9315
LN0017852,2024-07,0.0326,0.048,0.0535,0.0412,Current,0,None,0.3225,interest_rate_imputed,balance_change_1m_pct,credit_score_ordinal,Standard Portfolio Surveillance,0.893
LN0017857,2023-09,0.014,0.026,0.0342,0.0495,Current,0,None,0.1519,credit_score_ordinal,interest_rate_imputed,balance_change_1m_pct,Standard Portfolio Surveillance,0.9315
LN0017867,2023-12,0.0175,0.0348,0.0374,0.0495,Current,0,None,0.2185,credit_score_ordinal,interest_rate_imputed,balance_change_1m_pct,Standard Portfolio Surveillance,0.9252
LN0017875,2025-02,0.0038,0.0059,0.0081,0.0078,Default,1,Data Conflict,0.6139,days_past_due,dpd_roll_max_6m,credit_score_ordinal,Audit & Data Quality Exception Review,0.9838
LN0017879,2022-10,0.0403,0.0771,0.0614,0.0495,Current,0,None,0.2773,balance_change_1m_pct,interest_rate_imputed,balance_to_orig_ratio,Standard Portfolio Surveillance,0.8771
LN0017915,2025-01,0.0345,0.048,0.0143,0.0235,Current,0,None,0.4876,balance_change_1m_pct,credit_score_ordinal,interest_rate_imputed,Standard Portfolio Surveillance,0.9713
LN0017942,2022-09,0.0038,0.0059,0.0081,0.0078,Prepaid,0,None,0.6094,balance_change_1m_pct,balance_to_orig_ratio,interest_rate_imputed,Standard Portfolio Surveillance,0.9838
LN0017953,2023-11,0.0326,0.048,0.0535,0.0412,Prepaid,0,None,0.2074,interest_rate_imputed,balance_change_1m_pct,credit_score_ordinal,Standard Portfolio Surveillance,0.893
LN0017980,2025-03,0.0561,0.0644,0.0847,0.0412,Current,0,None,0.2999,credit_score_ordinal,interest_rate_imputed,balance_change_1m_pct,Standard Portfolio Surveillance,0.8305
LN0018038,2024-12,0.02,0.0377,0.0245,0.0235,Current,0,None,0.0843,balance_change_1m_pct,interest_rate_imputed,balance_to_orig_ratio,Standard Portfolio Surveillance,0.9509
LN0018050,2024-10,0.0561,0.0644,0.0847,0.0412,Current,0,None,0.1832,credit_score_ordinal,interest_rate_imputed,balance_to_orig_ratio,Standard Portfolio Surveillance,0.8305
LN0018055,2024-06,0.02,0.0377,0.0342,0.0412,Current,0,None,0.2254,credit_score_ordinal,interest_rate_imputed,balance_change_1m_pct,Standard Portfolio Surveillance,0.9315
LN0018057,2023-12,0.6989,0.6621,0.0081,0.0078,90+ DPD,0,None,0.5813,days_past_due,dpd_roll_max_6m,credit_score_ordinal,Early Payment Reminder & Watchlist Monitoring,0.9838
LN0018095,2025-02,0.0118,0.0213,0.011,0.0101,Current,0,None,0.3387,balance_change_1m_pct,interest_rate_imputed,balance_to_orig_ratio,Standard Portfolio Surveillance,0.9781
LN0018103,2023-10,0.02,0.0377,0.0237,0.0612,Current,0,None,0.3487,credit_score_ordinal,interest_rate_imputed,balance_change_1m_pct,Standard Portfolio Surveillance,0.9525
LN0018132,2025-11,0.014,0.026,0.011,0.0101,Current,0,None,0.2423,interest_rate_imputed,balance_change_1m_pct,credit_score_ordinal,Standard Portfolio Surveillance,0.9781
LN0018139,2024-06,0.02,0.0377,0.0153,0.0235,Current,0,None,0.2504,credit_score_ordinal,interest_rate_imputed,balance_to_orig_ratio,Standard Portfolio Surveillance,0.9694
LN0018171,2024-03,0.0321,0.0648,0.0374,0.0495,30-59 DPD,0,None,0.3185,credit_score_ordinal,interest_rate_imputed,balance_change_1m_pct,Standard Portfolio Surveillance,0.9252
LN0018194,2024-03,0.02,0.0377,0.0342,0.0495,Current,0,None,0.117,credit_score_ordinal,interest_rate_imputed,balance_change_1m_pct,Standard Portfolio Surveillance,0.9315
LN0018195,2023-03,0.0223,0.0571,0.0535,0.0495,Current,0,None,0.2551,balance_change_1m_pct,interest_rate_imputed,credit_score_ordinal,Standard Portfolio Surveillance,0.893
LN0018204,2023-04,0.0038,0.0059,0.0081,0.0078,Prepaid,0,None,0.8506,dpd_roll_max_6m,balance_change_1m_pct,balance_to_orig_ratio,Audit & Data Quality Exception Review,0.9838
LN0018211,2025-08,0.02,0.0377,0.011,0.0101,Current,0,None,0.2839,credit_score_ordinal,balance_change_1m_pct,interest_rate_imputed,Standard Portfolio Surveillance,0.9781
LN0018215,2024-11,0.0118,0.0213,0.0222,0.0101,Current,0,None,0.5037,balance_change_1m_pct,credit_score_ordinal,interest_rate_imputed,Standard Portfolio Surveillance,0.9557
LN0018221,2022-03,0.0038,0.0059,0.0081,0.0078,Prepaid,0,None,0.4739,balance_to_orig_ratio,balance_change_1m_pct,interest_rate_imputed,Standard Portfolio Surveillance,0.9838
LN0018246,2025-06,0.0183,0.0309,0.0106,0.0147,Prepaid,0,None,0.3927,credit_score_ordinal,balance_change_1m_pct,balance_to_orig_ratio,Standard Portfolio Surveillance,0.9788
LN0018248,2024-04,0.014,0.026,0.0342,0.0355,Current,0,None,0.2939,dpd_roll_max_6m,credit_score_ordinal,interest_rate_imputed,Standard Portfolio Surveillance,0.9315
LN0018255,2023-01,0.0038,0.0059,0.0081,0.0078,Prepaid,0,None,0.5559,balance_change_1m_pct,balance_to_orig_ratio,interest_rate_imputed,Standard Portfolio Surveillance,0.9838
LN0018270,2022-12,0.0038,0.0059,0.0081,0.0078,Default,1,Data Conflict,0.4097,balance_change_1m_pct,credit_score_ordinal,interest_rate_imputed,Audit & Data Quality Exception Review,0.9838
LN0018273,2025-12,0.0326,0.0156,0.0143,0.0101,Current,0,None,0.4895,balance_change_1m_pct,balance_to_orig_ratio,interest_rate_imputed,Standard Portfolio Surveillance,0.9713
LN0018305,2025-07,0.0326,0.048,0.0261,0.03,30-59 DPD,0,None,0.2649,credit_score_ordinal,interest_rate_imputed,balance_change_1m_pct,Standard Portfolio Surveillance,0.9479
LN0018308,2023-03,0.0099,0.0179,0.0237,0.0495,Current,0,None,0.229,balance_change_1m_pct,interest_rate_imputed,credit_score_ordinal,Standard Portfolio Surveillance,0.9525
LN0018315,2025-01,0.0099,0.0179,0.0237,0.0166,Current,0,None,0.3567,credit_score_ordinal,interest_rate_imputed,balance_change_1m_pct,Standard Portfolio Surveillance,0.9525
LN0018331,2024-01,0.0403,0.0771,0.0614,0.0495,30-59 DPD,0,None,0.1967,credit_score_ordinal,interest_rate_imputed,balance_change_1m_pct,Standard Portfolio Surveillance,0.8771
LN0018342,2023-07,0.0326,0.048,0.0535,0.0495,Current,0,None,0.3527,balance_change_1m_pct,credit_score_ordinal,interest_rate_imputed,Standard Portfolio Surveillance,0.893
LN0018388,2025-01,0.0099,0.0179,0.0153,0.03,Current,0,None,0.1408,interest_rate_imputed,balance_change_1m_pct,balance_to_orig_ratio,Standard Portfolio Surveillance,0.9694
LN0018395,2023-07,0.014,0.026,0.0342,0.0495,Current,0,None,0.191,interest_rate_imputed,balance_change_1m_pct,balance_to_orig_ratio,Standard Portfolio Surveillance,0.9315
LN0018414,2025-01,0.0099,0.0179,0.0237,0.0412,Current,0,None,0.3442,balance_change_1m_pct,credit_score_ordinal,interest_rate_imputed,Standard Portfolio Surveillance,0.9525
LN0018435,2024-08,0.0038,0.0059,0.0081,0.0078,Prepaid,0,None,0.7209,balance_change_1m_pct,balance_to_orig_ratio,credit_score_ordinal,Audit & Data Quality Exception Review,0.9838
LN0018439,2024-12,0.0345,0.048,0.0535,0.0412,Current,0,None,0.1897,credit_score_ordinal,interest_rate_imputed,balance_to_orig_ratio,Standard Portfolio Surveillance,0.893
LN0018453,2023-08,0.0038,0.0059,0.0081,0.0078,Prepaid,0,None,0.7447,dpd_roll_max_6m,balance_change_1m_pct,balance_to_orig_ratio,Audit & Data Quality Exception Review,0.9838
LN0018472,2023-10,0.0561,0.0644,0.0847,0.0412,Current,0,None,0.1763,credit_score_ordinal,interest_rate_imputed,balance_change_1m_pct,Standard Portfolio Surveillance,0.8305
LN0018487,2026-04,0.0038,0.0059,0.0081,0.0078,Prepaid,0,None,0.7613,balance_change_1m_pct,balance_to_orig_ratio,interest_rate_imputed,Audit & Data Quality Exception Review,0.9838
LN0018511,2024-11,0.0273,0.0644,0.0143,0.0101,Current,0,None,0.604,dpd_roll_max_6m,interest_rate_imputed,balance_change_1m_pct,Standard Portfolio Surveillance,0.9713
LN0018523,2025-02,0.0273,0.0644,0.0143,0.0101,Current,0,None,0.425,credit_score_ordinal,balance_change_1m_pct,interest_rate_imputed,Standard Portfolio Surveillance,0.9713
LN0018568,2025-02,0.0345,0.048,0.0261,0.0235,Current,0,None,0.2248,interest_rate_imputed,credit_score_ordinal,balance_change_1m_pct,Standard Portfolio Surveillance,0.9479
LN0018576,2022-11,0.0038,0.0059,0.0081,0.0078,Prepaid,0,None,0.5829,balance_change_1m_pct,balance_to_orig_ratio,credit_score_ordinal,Standard Portfolio Surveillance,0.9838
LN0018587,2023-01,0.0038,0.0059,0.0081,0.0078,Default,1,Data Conflict,0.7176,days_past_due,dpd_roll_max_6m,balance_change_1m_pct,Audit & Data Quality Exception Review,0.9838
LN0018590,2025-07,0.0223,0.048,0.0143,0.0235,Current,0,None,0.1287,balance_change_1m_pct,interest_rate_imputed,balance_to_orig_ratio,Standard Portfolio Surveillance,0.9713
LN0018603,2023-02,0.0038,0.0059,0.0081,0.0078,Default,1,Data Conflict,0.6677,days_past_due,dpd_roll_max_6m,credit_score_ordinal,Audit & Data Quality Exception Review,0.9838
LN0018639,2024-08,0.0403,0.0771,0.0614,0.0412,Current,0,None,0.2267,credit_score_ordinal,interest_rate_imputed,balance_change_1m_pct,Standard Portfolio Surveillance,0.8771
LN0018655,2024-05,0.02,0.0377,0.0342,0.0412,Current,0,None,0.2811,credit_score_ordinal,balance_to_orig_ratio,balance_change_1m_pct,Standard Portfolio Surveillance,0.9315
LN0018658,2024-12,0.02,0.0377,0.0153,0.03,Current,0,None,0.1529,credit_score_ordinal,interest_rate_imputed,balance_change_1m_pct,Standard Portfolio Surveillance,0.9694
LN0018672,2024-12,0.02,0.0377,0.0342,0.0412,Current,0,None,0.1967,credit_score_ordinal,interest_rate_imputed,balance_change_1m_pct,Standard Portfolio Surveillance,0.9315
LN0018673,2023-07,0.0038,0.0059,0.0081,0.0078,Default,1,Data Conflict,0.5344,days_past_due,dpd_roll_max_6m,interest_rate_imputed,Audit & Data Quality Exception Review,0.9838
LN0018677,2023-08,0.0485,0.0887,0.0535,0.0166,Current,0,None,0.395,credit_score_ordinal,interest_rate_imputed,balance_change_1m_pct,Standard Portfolio Surveillance,0.893
LN0018682,2024-01,0.0326,0.048,0.0535,0.0412,30-59 DPD,0,None,0.345,dpd_roll_max_6m,credit_score_ordinal,balance_to_orig_ratio,Standard Portfolio Surveillance,0.893
LN0018699,2024-07,0.0183,0.0309,0.0234,0.0412,Current,0,None,0.3748,balance_change_1m_pct,interest_rate_imputed,balance_to_orig_ratio,Standard Portfolio Surveillance,0.9531
LN0018703,2024-11,0.0403,0.0771,0.0614,0.0412,Current,0,None,0.2542,credit_score_ordinal,interest_rate_imputed,balance_change_1m_pct,Standard Portfolio Surveillance,0.8771
LN0018710,2023-08,0.0038,0.0059,0.0081,0.0078,Prepaid,0,None,0.5573,balance_change_1m_pct,balance_to_orig_ratio,credit_score_ordinal,Standard Portfolio Surveillance,0.9838
LN0018721,2023-10,0.014,0.026,0.0342,0.0495,Current,0,None,0.334,balance_change_1m_pct,interest_rate_imputed,credit_score_ordinal,Standard Portfolio Surveillance,0.9315
LN0018724,2024-09,0.02,0.0377,0.0222,0.0147,Current,0,None,0.4445,balance_change_1m_pct,credit_score_ordinal,balance_to_orig_ratio,Standard Portfolio Surveillance,0.9557
LN0018731,2023-11,0.0223,0.048,0.0535,0.0412,Current,0,None,0.2126,credit_score_ordinal,balance_to_orig_ratio,interest_rate_imputed,Standard Portfolio Surveillance,0.893
LN0018742,2024-02,0.0485,0.0887,0.0535,0.0495,Current,0,None,0.3153,balance_change_1m_pct,credit_score_ordinal,interest_rate_imputed,Standard Portfolio Surveillance,0.893
LN0018755,2025-10,0.014,0.026,0.011,0.0147,Current,0,None,0.3686,credit_score_ordinal,interest_rate_imputed,balance_change_1m_pct,Standard Portfolio Surveillance,0.9781
LN0018793,2023-12,0.0038,0.0059,0.0081,0.0078,Default,1,Data Conflict,0.3208,interest_rate_imputed,balance_change_1m_pct,credit_score_ordinal,Audit & Data Quality Exception Review,0.9838
LN0018808,2025-03,0.0223,0.048,0.0535,0.0412,Current,0,None,0.2873,credit_score_ordinal,interest_rate_imputed,balance_change_1m_pct,Standard Portfolio Surveillance,0.893
LN0018861,2024-06,0.0038,0.0059,0.0081,0.0078,Prepaid,0,None,0.7143,balance_change_1m_pct,balance_to_orig_ratio,interest_rate_imputed,Audit & Data Quality Exception Review,0.9838
LN0018864,2025-02,0.0345,0.048,0.0261,0.03,Current,0,None,0.4133,interest_rate_imputed,balance_change_1m_pct,credit_score_ordinal,Standard Portfolio Surveillance,0.9479
LN0018891,2025-09,0.0326,0.048,0.0261,0.0235,Current,0,None,0.2414,interest_rate_imputed,balance_change_1m_pct,balance_to_orig_ratio,Standard Portfolio Surveillance,0.9479
LN0018893,2023-11,0.014,0.026,0.0342,0.0495,Current,0,None,0.2161,credit_score_ordinal,interest_rate_imputed,balance_change_1m_pct,Standard Portfolio Surveillance,0.9315
LN0018903,2023-06,0.0038,0.0059,0.0081,0.0078,Prepaid,0,None,0.7556,balance_change_1m_pct,balance_to_orig_ratio,credit_score_ordinal,Audit & Data Quality Exception Review,0.9838
LN0018915,2023-07,0.0223,0.0571,0.0535,0.0495,Current,0,None,0.1442,credit_score_ordinal,interest_rate_imputed,balance_change_1m_pct,Standard Portfolio Surveillance,0.893
LN0018919,2025-03,0.014,0.026,0.011,0.0101,Current,0,None,0.5134,dpd_roll_max_6m,balance_change_1m_pct,credit_score_ordinal,Standard Portfolio Surveillance,0.9781
LN0018930,2024-11,0.0038,0.0059,0.0081,0.0078,Default,1,Data Conflict,0.3857,credit_score_ordinal,interest_rate_imputed,balance_change_1m_pct,Audit & Data Quality Exception Review,0.9838
LN0018940,2025-11,0.0345,0.0156,0.0143,0.0147,Current,0,None,0.1784,credit_score_ordinal,interest_rate_imputed,balance_to_orig_ratio,Standard Portfolio Surveillance,0.9713
LN0018942,2023-11,0.0038,0.0059,0.0081,0.0078,Default,1,Data Conflict,0.6483,days_past_due,dpd_roll_max_6m,balance_change_1m_pct,Audit & Data Quality Exception Review,0.9838
LN0018948,2023-09,0.0038,0.0059,0.0081,0.0078,Prepaid,0,None,0.6255,balance_change_1m_pct,balance_to_orig_ratio,interest_rate_imputed,Standard Portfolio Surveillance,0.9838
LN0018963,2024-01,0.0038,0.0059,0.0081,0.0078,Prepaid,0,None,0.657,balance_change_1m_pct,balance_to_orig_ratio,interest_rate_imputed,Audit & Data Quality Exception Review,0.9838
LN0018966,2024-01,0.0223,0.048,0.0535,0.0412,Current,0,None,0.1989,credit_score_ordinal,interest_rate_imputed,balance_change_1m_pct,Standard Portfolio Surveillance,0.893
LN0018968,2023-07,0.0038,0.0059,0.0081,0.0078,Default,1,Data Conflict,0.3264,credit_score_ordinal,balance_change_1m_pct,interest_rate_imputed,Audit & Data Quality Exception Review,0.9838
LN0018972,2024-02,0.0942,0.0644,0.0847,0.0412,30-59 DPD,0,None,0.2829,credit_score_ordinal,interest_rate_imputed,balance_change_1m_pct,Standard Portfolio Surveillance,0.8305
LN0018977,2024-05,0.0403,0.0309,0.0234,0.03,Current,0,None,0.2571,interest_rate_imputed,balance_change_1m_pct,credit_score_ordinal,Standard Portfolio Surveillance,0.9531
LN0019046,2024-09,0.0403,0.0771,0.0614,0.0495,30-59 DPD,0,None,0.1572,credit_score_ordinal,balance_change_1m_pct,interest_rate_imputed,Standard Portfolio Surveillance,0.8771
LN0019050,2023-09,0.0038,0.0059,0.0081,0.0078,Prepaid,0,None,0.6095,balance_change_1m_pct,balance_to_orig_ratio,interest_rate_imputed,Standard Portfolio Surveillance,0.9838
LN0019111,2025-09,0.014,0.026,0.011,0.0101,Current,0,None,0.4498,credit_score_ordinal,balance_change_1m_pct,balance_to_orig_ratio,Standard Portfolio Surveillance,0.9781
LN0019152,2023-07,0.02,0.0377,0.0237,0.0495,Current,0,None,0.0993,credit_score_ordinal,interest_rate_imputed,balance_change_1m_pct,Standard Portfolio Surveillance,0.9525
LN0019164,2025-08,0.0183,0.0309,0.0106,0.0101,Current,0,None,0.5696,balance_change_1m_pct,credit_score_ordinal,interest_rate_imputed,Standard Portfolio Surveillance,0.9788
LN0019166,2023-06,0.014,0.026,0.0342,0.0495,Current,0,None,0.1675,credit_score_ordinal,interest_rate_imputed,balance_change_1m_pct,Standard Portfolio Surveillance,0.9315
LN0019178,2023-05,0.0038,0.0059,0.0081,0.0078,Default,1,Data Conflict,0.5644,days_past_due,dpd_roll_max_6m,interest_rate_imputed,Audit & Data Quality Exception Review,0.9838
LN0019186,2025-09,0.02,0.0377,0.0153,0.0235,Current,1,Valuation Discrepancy,0.394,balance_change_1m_pct,balance_to_orig_ratio,credit_score_ordinal,Audit & Data Quality Exception Review,0.9694
LN0019206,2024-11,0.0223,0.048,0.0261,0.03,30-59 DPD,0,None,0.1384,credit_score_ordinal,interest_rate_imputed,balance_change_1m_pct,Standard Portfolio Surveillance,0.9479
LN0019227,2024-12,0.014,0.026,0.011,0.0101,Current,0,None,0.306,interest_rate_imputed,balance_change_1m_pct,credit_score_ordinal,Standard Portfolio Surveillance,0.9781
LN0019236,2024-11,0.02,0.0377,0.0237,0.0412,Current,0,None,0.1155,credit_score_ordinal,interest_rate_imputed,balance_change_1m_pct,Standard Portfolio Surveillance,0.9525
LN0019242,2025-04,0.02,0.0377,0.0222,0.0235,Current,0,None,0.4131,balance_change_1m_pct,credit_score_ordinal,interest_rate_imputed,Standard Portfolio Surveillance,0.9557
LN0019263,2024-04,0.0118,0.0213,0.0237,0.0495,Current,0,None,0.2447,interest_rate_imputed,balance_change_1m_pct,balance_to_orig_ratio,Standard Portfolio Surveillance,0.9525
LN0019266,2024-01,0.0485,0.0887,0.0535,0.0495,Current,1,Valuation Discrepancy,0.4593,balance_change_1m_pct,balance_to_orig_ratio,days_past_due,Audit & Data Quality Exception Review,0.893
LN0019274,2024-06,0.0099,0.0179,0.0153,0.0235,Current,0,None,0.2688,credit_score_ordinal,balance_change_1m_pct,interest_rate_imputed,Standard Portfolio Surveillance,0.9694
LN0019288,2025-09,0.0223,0.0156,0.0143,0.0147,Current,0,None,0.2059,credit_score_ordinal,balance_change_1m_pct,balance_to_orig_ratio,Standard Portfolio Surveillance,0.9713
LN0019302,2023-11,0.0223,0.048,0.0535,0.0355,Current,0,None,0.6658,dpd_roll_max_6m,balance_change_1m_pct,credit_score_ordinal,Audit & Data Quality Exception Review,0.893
LN0019331,2023-11,0.02,0.0377,0.0342,0.0412,Current,0,None,0.392,balance_change_1m_pct,credit_score_ordinal,interest_rate_imputed,Standard Portfolio Surveillance,0.9315
LN0019339,2023-10,0.0038,0.0059,0.0081,0.0078,Prepaid,0,None,0.6614,balance_change_1m_pct,balance_to_orig_ratio,credit_score_ordinal,Audit & Data Quality Exception Review,0.9838
LN0019372,2023-11,0.0321,0.0648,0.0374,0.0495,Current,0,None,0.1996,interest_rate_imputed,balance_to_orig_ratio,balance_change_1m_pct,Standard Portfolio Surveillance,0.9252
LN0019374,2024-03,0.0099,0.0179,0.0153,0.03,Current,0,None,0.1958,credit_score_ordinal,interest_rate_imputed,balance_change_1m_pct,Standard Portfolio Surveillance,0.9694
LN0019383,2024-01,0.0403,0.0771,0.0614,0.0412,Current,0,None,0.3335,balance_to_orig_ratio,balance_change_1m_pct,days_past_due,Standard Portfolio Surveillance,0.8771
LN0019418,2025-10,0.0223,0.0156,0.0143,0.0101,Current,0,None,0.3243,interest_rate_imputed,balance_change_1m_pct,credit_score_ordinal,Standard Portfolio Surveillance,0.9713
LN0019434,2025-03,0.0038,0.0059,0.0081,0.0078,Prepaid,0,None,0.9463,days_past_due,dpd_roll_max_6m,balance_change_1m_pct,Audit & Data Quality Exception Review,0.9838
LN0019454,2024-02,0.0223,0.0571,0.0535,0.0355,Current,0,None,0.788,days_past_due,dpd_roll_max_6m,interest_rate_imputed,Audit & Data Quality Exception Review,0.893
LN0019471,2025-04,0.0326,0.048,0.0143,0.0235,Current,0,None,0.411,balance_change_1m_pct,credit_score_ordinal,interest_rate_imputed,Standard Portfolio Surveillance,0.9713
LN0019478,2025-02,0.0273,0.0644,0.0143,0.0101,Current,0,None,0.4911,dpd_roll_max_6m,credit_score_ordinal,balance_change_1m_pct,Standard Portfolio Surveillance,0.9713
LN0019479,2024-12,0.0099,0.0179,0.011,0.0147,Current,0,None,0.3092,credit_score_ordinal,interest_rate_imputed,balance_change_1m_pct,Standard Portfolio Surveillance,0.9781
LN0019491,2024-01,0.0038,0.0059,0.0081,0.0078,Prepaid,0,None,0.7107,balance_change_1m_pct,balance_to_orig_ratio,interest_rate_imputed,Audit & Data Quality Exception Review,0.9838
LN0019542,2023-06,0.0175,0.0648,0.0374,0.0495,Current,0,None,0.1084,interest_rate_imputed,credit_score_ordinal,balance_change_1m_pct,Standard Portfolio Surveillance,0.9252
LN0019560,2024-05,0.0326,0.048,0.0535,0.0495,30-59 DPD,0,None,0.0959,credit_score_ordinal,interest_rate_imputed,balance_change_1m_pct,Standard Portfolio Surveillance,0.893
LN0019579,2023-12,0.0687,0.1023,0.0847,0.0495,Current,0,None,0.2963,balance_change_1m_pct,interest_rate_imputed,balance_to_orig_ratio,Standard Portfolio Surveillance,0.8305
LN0019586,2022-05,0.0038,0.0059,0.0081,0.0078,Prepaid,0,None,0.4837,balance_to_orig_ratio,balance_change_1m_pct,interest_rate_imputed,Standard Portfolio Surveillance,0.9838
LN0019603,2025-07,0.0118,0.0213,0.011,0.0235,Current,0,None,0.3283,credit_score_ordinal,interest_rate_imputed,balance_change_1m_pct,Standard Portfolio Surveillance,0.9781
LN0019605,2026-01,0.014,0.026,0.011,0.0101,Current,0,None,0.3893,credit_score_ordinal,balance_change_1m_pct,interest_rate_imputed,Standard Portfolio Surveillance,0.9781
LN0019609,2026-04,0.0183,0.0309,0.0106,0.0101,Current,0,None,0.3054,interest_rate_imputed,balance_to_orig_ratio,balance_change_1m_pct,Standard Portfolio Surveillance,0.9788
LN0019611,2024-12,0.0038,0.0059,0.0081,0.0078,Default,1,Data Conflict,0.4834,credit_score_ordinal,interest_rate_imputed,balance_change_1m_pct,Audit & Data Quality Exception Review,0.9838
LN0019627,2023-11,0.0038,0.0059,0.0081,0.0078,Default,1,Data Conflict,0.3895,credit_score_ordinal,interest_rate_imputed,balance_change_1m_pct,Audit & Data Quality Exception Review,0.9838
LN0019632,2022-08,0.0038,0.0059,0.0081,0.0078,Prepaid,0,None,0.6353,balance_change_1m_pct,balance_to_orig_ratio,interest_rate_imputed,Standard Portfolio Surveillance,0.9838
LN0019633,2025-01,0.014,0.026,0.0245,0.03,Current,0,None,0.2019,credit_score_ordinal,interest_rate_imputed,balance_change_1m_pct,Standard Portfolio Surveillance,0.9509
LN0019651,2023-08,0.02,0.0377,0.0342,0.0412,Current,0,None,0.4625,balance_change_1m_pct,credit_score_ordinal,balance_to_orig_ratio,Standard Portfolio Surveillance,0.9315
LN0019668,2023-02,0.02,0.0377,0.0237,0.0495,Current,0,None,0.1465,interest_rate_imputed,credit_score_ordinal,balance_change_1m_pct,Standard Portfolio Surveillance,0.9525
LN0019671,2023-02,0.0038,0.0059,0.0081,0.0078,Prepaid,0,None,0.6247,balance_change_1m_pct,balance_to_orig_ratio,interest_rate_imputed,Standard Portfolio Surveillance,0.9838
LN0019714,2024-12,0.0038,0.0059,0.0081,0.0078,Default,1,Data Conflict,0.2716,credit_score_ordinal,interest_rate_imputed,balance_change_1m_pct,Audit & Data Quality Exception Review,0.9838
LN0019718,2025-12,0.0326,0.0156,0.0143,0.0147,Current,0,None,0.2181,interest_rate_imputed,balance_change_1m_pct,balance_to_orig_ratio,Standard Portfolio Surveillance,0.9713
LN0019728,2025-05,0.014,0.026,0.011,0.0147,Current,0,None,0.2314,credit_score_ordinal,balance_change_1m_pct,interest_rate_imputed,Standard Portfolio Surveillance,0.9781
LN0019730,2024-03,0.0099,0.0179,0.0237,0.0412,Current,0,None,0.2481,interest_rate_imputed,balance_change_1m_pct,balance_to_orig_ratio,Standard Portfolio Surveillance,0.9525
LN0019743,2025-06,0.0099,0.0179,0.011,0.0101,Current,0,None,0.288,credit_score_ordinal,interest_rate_imputed,balance_change_1m_pct,Standard Portfolio Surveillance,0.9781
LN0019765,2024-12,0.0273,0.0644,0.0143,0.0235,Current,0,None,0.3175,interest_rate_imputed,credit_score_ordinal,balance_change_1m_pct,Standard Portfolio Surveillance,0.9713
LN0019768,2024-09,0.0099,0.0179,0.0237,0.0495,Current,0,None,0.1317,interest_rate_imputed,balance_change_1m_pct,balance_to_orig_ratio,Standard Portfolio Surveillance,0.9525
LN0019770,2025-02,0.0223,0.048,0.0261,0.03,Current,0,None,0.3591,balance_change_1m_pct,credit_score_ordinal,interest_rate_imputed,Standard Portfolio Surveillance,0.9479
LN0019785,2023-12,0.0038,0.0059,0.0081,0.0078,Prepaid,0,None,0.6632,balance_change_1m_pct,balance_to_orig_ratio,credit_score_ordinal,Audit & Data Quality Exception Review,0.9838
LN0019796,2025-03,0.0099,0.0179,0.0237,0.0412,Current,0,None,0.2024,credit_score_ordinal,interest_rate_imputed,balance_change_1m_pct,Standard Portfolio Surveillance,0.9525
LN0019824,2024-12,0.02,0.0377,0.0153,0.0235,Current,0,None,0.1292,credit_score_ordinal,interest_rate_imputed,balance_change_1m_pct,Standard Portfolio Surveillance,0.9694
LN0019828,2024-03,0.6989,0.6621,0.2896,0.0172,90+ DPD,0,None,0.5802,dpd_roll_max_6m,days_past_due,credit_score_ordinal,Active Credit Workout & Pre-Foreclosure Outreach,0.6
LN0019840,2025-03,0.014,0.026,0.0342,0.0412,Current,0,None,0.1859,credit_score_ordinal,interest_rate_imputed,balance_change_1m_pct,Standard Portfolio Surveillance,0.9315
LN0019861,2026-01,0.0273,0.0644,0.0143,0.0101,Current,0,None,0.6234,balance_change_1m_pct,interest_rate_imputed,balance_to_orig_ratio,Standard Portfolio Surveillance,0.9713
LN0019892,2024-10,0.02,0.0377,0.0342,0.0412,Current,0,None,0.1564,credit_score_ordinal,interest_rate_imputed,balance_change_1m_pct,Standard Portfolio Surveillance,0.9315
LN0019926,2024-01,0.014,0.026,0.0342,0.0412,Current,0,None,0.2673,balance_change_1m_pct,credit_score_ordinal,interest_rate_imputed,Standard Portfolio Surveillance,0.9315
LN0019928,2023-04,0.0942,0.1674,0.0847,0.0495,30-59 DPD,0,None,0.0856,credit_score_ordinal,interest_rate_imputed,balance_change_1m_pct,Standard Portfolio Surveillance,0.8305
LN0019966,2023-04,0.0038,0.0059,0.0081,0.0078,Prepaid,0,None,0.708,balance_change_1m_pct,balance_to_orig_ratio,interest_rate_imputed,Audit & Data Quality Exception Review,0.9838
LN0019980,2022-11,0.014,0.026,0.0342,0.0495,Current,0,None,0.1366,credit_score_ordinal,interest_rate_imputed,balance_change_1m_pct,Standard Portfolio Surveillance,0.9315
LN0019986,2023-11,0.0345,0.048,0.0535,0.0495,Current,0,None,0.1823,interest_rate_imputed,credit_score_ordinal,balance_change_1m_pct,Standard Portfolio Surveillance,0.893
LN0019987,2024-09,0.0273,0.1023,0.0847,0.0412,30-59 DPD,0,None,0.311,balance_change_1m_pct,credit_score_ordinal,interest_rate_imputed,Standard Portfolio Surveillance,0.8305
LN0019993,2023-09,0.0403,0.0771,0.0614,0.0412,Current,0,None,0.209,credit_score_ordinal,interest_rate_imputed,balance_to_orig_ratio,Standard Portfolio Surveillance,0.8771
LN0020000,2025-02,0.014,0.026,0.0342,0.0412,Current,0,None,0.2798,credit_score_ordinal,balance_change_1m_pct,balance_to_orig_ratio,Standard Portfolio Surveillance,0.9315
LN0020002,2025-03,0.0118,0.0213,0.0245,0.03,Current,0,None,0.0889,credit_score_ordinal,balance_change_1m_pct,balance_to_orig_ratio,Standard Portfolio Surveillance,0.9509
LN0020016,2022-11,0.0038,0.0059,0.0081,0.0078,Default,0,None,0.6118,days_past_due,dpd_roll_max_6m,credit_score_ordinal,Standard Portfolio Surveillance,0.9838
LN0020021,2024-02,0.0223,0.0571,0.0535,0.0495,Current,0,None,0.3336,interest_rate_imputed,balance_change_1m_pct,balance_to_orig_ratio,Standard Portfolio Surveillance,0.893
LN0020043,2024-01,0.02,0.0377,0.0342,0.0412,Current,0,None,0.3107,credit_score_ordinal,interest_rate_imputed,balance_change_1m_pct,Standard Portfolio Surveillance,0.9315
LN0020046,2024-04,0.0326,0.0887,0.0535,0.0495,Current,0,None,0.1999,interest_rate_imputed,balance_change_1m_pct,balance_to_orig_ratio,Standard Portfolio Surveillance,0.893
LN0020076,2024-07,0.0118,0.0213,0.011,0.0235,Current,0,None,0.2047,credit_score_ordinal,interest_rate_imputed,balance_change_1m_pct,Standard Portfolio Surveillance,0.9781
LN0020105,2024-11,0.0099,0.0179,0.0245,0.03,Current,0,None,0.2235,credit_score_ordinal,interest_rate_imputed,balance_change_1m_pct,Standard Portfolio Surveillance,0.9509
LN0020111,2023-09,0.0223,0.0571,0.0535,0.0495,Current,0,None,0.1932,interest_rate_imputed,credit_score_ordinal,balance_change_1m_pct,Standard Portfolio Surveillance,0.893
LN0020126,2024-05,0.0038,0.0059,0.0081,0.0078,Prepaid,0,None,0.6512,balance_change_1m_pct,balance_to_orig_ratio,interest_rate_imputed,Audit & Data Quality Exception Review,0.9838
LN0020148,2024-06,0.0223,0.048,0.0535,0.0495,Current,0,None,0.0768,balance_change_1m_pct,interest_rate_imputed,balance_to_orig_ratio,Standard Portfolio Surveillance,0.893
LN0020170,2025-12,0.02,0.0377,0.011,0.0147,Current,0,None,0.2389,interest_rate_imputed,balance_change_1m_pct,balance_to_orig_ratio,Standard Portfolio Surveillance,0.9781
LN0020181,2023-05,0.0038,0.0059,0.0081,0.0078,Default,1,Data Conflict,0.6639,days_past_due,dpd_roll_max_6m,balance_change_1m_pct,Audit & Data Quality Exception Review,0.9838
LN0020187,2024-04,0.0038,0.0059,0.0081,0.0078,Prepaid,0,None,0.6651,balance_change_1m_pct,balance_to_orig_ratio,credit_score_ordinal,Audit & Data Quality Exception Review,0.9838
LN0020190,2023-01,0.0099,0.0179,0.0237,0.0495,Current,0,None,0.1516,credit_score_ordinal,balance_change_1m_pct,interest_rate_imputed,Standard Portfolio Surveillance,0.9525
LN0020197,2024-11,0.0223,0.048,0.0143,0.0235,Current,0,None,0.2644,balance_change_1m_pct,interest_rate_imputed,balance_to_orig_ratio,Standard Portfolio Surveillance,0.9713
LN0020198,2024-06,0.0038,0.0059,0.0081,0.0078,Prepaid,0,None,0.6256,balance_change_1m_pct,balance_to_orig_ratio,interest_rate_imputed,Standard Portfolio Surveillance,0.9838
LN0020218,2023-11,0.0326,0.048,0.0535,0.0495,Current,0,None,0.1267,credit_score_ordinal,interest_rate_imputed,balance_change_1m_pct,Standard Portfolio Surveillance,0.893
LN0020240,2024-10,0.0223,0.048,0.0535,0.0412,Current,0,None,0.1576,credit_score_ordinal,interest_rate_imputed,balance_change_1m_pct,Standard Portfolio Surveillance,0.893
LN0020253,2023-08,0.0099,0.0179,0.0237,0.0412,Current,0,None,0.2375,credit_score_ordinal,interest_rate_imputed,balance_change_1m_pct,Standard Portfolio Surveillance,0.9525
LN0020257,2024-12,0.014,0.026,0.011,0.0147,Current,0,None,0.3445,interest_rate_imputed,balance_change_1m_pct,balance_to_orig_ratio,Standard Portfolio Surveillance,0.9781
LN0020258,2025-07,0.0038,0.0059,0.0081,0.0078,Prepaid,0,None,0.7006,balance_change_1m_pct,balance_to_orig_ratio,interest_rate_imputed,Audit & Data Quality Exception Review,0.9838
LN0020267,2025-12,0.014,0.026,0.011,0.0101,Current,0,None,0.3682,credit_score_ordinal,balance_change_1m_pct,interest_rate_imputed,Standard Portfolio Surveillance,0.9781
LN0020268,2025-01,0.0038,0.0059,0.0081,0.0078,Default,1,Data Conflict,0.7028,days_past_due,dpd_roll_max_6m,balance_change_1m_pct,Audit & Data Quality Exception Review,0.9838
LN0020279,2024-11,0.0326,0.048,0.0535,0.0412,Current,0,None,0.2578,balance_change_1m_pct,interest_rate_imputed,balance_to_orig_ratio,Standard Portfolio Surveillance,0.893
LN0020281,2024-06,0.0223,0.048,0.0535,0.0412,Current,0,None,0.2378,interest_rate_imputed,balance_change_1m_pct,balance_to_orig_ratio,Standard Portfolio Surveillance,0.893
LN0020312,2024-04,0.0326,0.0887,0.0535,0.0495,30-59 DPD,0,None,0.1919,credit_score_ordinal,interest_rate_imputed,balance_change_1m_pct,Standard Portfolio Surveillance,0.893
LN0020335,2024-01,0.0183,0.0309,0.0234,0.0412,Current,0,None,0.3359,balance_change_1m_pct,credit_score_ordinal,balance_to_orig_ratio,Standard Portfolio Surveillance,0.9531
LN0020357,2024-09,0.0223,0.048,0.0535,0.0412,Prepaid,0,None,0.2532,interest_rate_imputed,credit_score_ordinal,balance_change_1m_pct,Standard Portfolio Surveillance,0.893
LN0020358,2023-05,0.0326,0.048,0.0535,0.0495,Current,0,None,0.164,interest_rate_imputed,balance_change_1m_pct,balance_to_orig_ratio,Standard Portfolio Surveillance,0.893
LN0020374,2025-09,0.0038,0.0059,0.0081,0.0078,Prepaid,0,None,0.6676,balance_change_1m_pct,balance_to_orig_ratio,interest_rate_imputed,Audit & Data Quality Exception Review,0.9838
LN0020381,2023-01,0.0038,0.0059,0.0081,0.0078,Default,1,Data Conflict,0.5784,days_past_due,dpd_roll_max_6m,balance_change_1m_pct,Audit & Data Quality Exception Review,0.9838
LN0020382,2024-09,0.0038,0.0059,0.0081,0.0078,Default,1,Data Conflict,0.3054,credit_score_ordinal,interest_rate_imputed,balance_change_1m_pct,Audit & Data Quality Exception Review,0.9838
LN0020446,2024-04,0.02,0.0377,0.0342,0.0495,Current,0,None,0.1097,interest_rate_imputed,balance_change_1m_pct,balance_to_orig_ratio,Standard Portfolio Surveillance,0.9315
LN0020479,2025-04,0.0038,0.0059,0.0081,0.0078,Default,1,Data Conflict,0.4199,interest_rate_imputed,balance_change_1m_pct,balance_to_orig_ratio,Audit & Data Quality Exception Review,0.9838
LN0020487,2025-04,0.014,0.026,0.011,0.0101,Current,0,None,0.3267,balance_change_1m_pct,balance_to_orig_ratio,interest_rate_imputed,Standard Portfolio Surveillance,0.9781
LN0020492,2022-12,0.0038,0.0059,0.0081,0.0078,Default,1,Data Conflict,0.357,balance_change_1m_pct,interest_rate_imputed,balance_to_orig_ratio,Audit & Data Quality Exception Review,0.9838
LN0020497,2025-04,0.0223,0.048,0.0535,0.0412,Current,0,None,0.2357,credit_score_ordinal,interest_rate_imputed,balance_change_1m_pct,Standard Portfolio Surveillance,0.893
LN0020512,2025-07,0.0183,0.0309,0.0106,0.0147,Current,0,None,0.2374,credit_score_ordinal,interest_rate_imputed,balance_change_1m_pct,Standard Portfolio Surveillance,0.9788
LN0020521,2024-02,0.0038,0.0059,0.0081,0.0078,Default,0,None,0.6307,days_past_due,dpd_roll_max_6m,credit_score_ordinal,Standard Portfolio Surveillance,0.9838
LN0020533,2023-12,0.0223,0.048,0.0535,0.0412,Current,0,None,0.2365,credit_score_ordinal,interest_rate_imputed,balance_change_1m_pct,Standard Portfolio Surveillance,0.893
LN0020537,2022-09,0.0038,0.0059,0.0081,0.0078,Default,1,Data Conflict,0.406,credit_score_ordinal,balance_change_1m_pct,interest_rate_imputed,Audit & Data Quality Exception Review,0.9838
LN0020539,2023-08,0.0038,0.0059,0.0081,0.0078,Default,0,None,0.7368,days_past_due,dpd_roll_max_6m,credit_score_ordinal,Audit & Data Quality Exception Review,0.9838
LN0020551,2026-01,0.0099,0.0179,0.011,0.0147,Current,0,None,0.3384,interest_rate_imputed,balance_change_1m_pct,balance_to_orig_ratio,Standard Portfolio Surveillance,0.9781
LN0020560,2023-12,0.0038,0.0059,0.0081,0.0078,Default,1,Data Conflict,0.2535,credit_score_ordinal,interest_rate_imputed,balance_change_1m_pct,Audit & Data Quality Exception Review,0.9838
LN0020561,2025-07,0.0403,0.0309,0.0234,0.03,Current,0,None,0.2502,credit_score_ordinal,interest_rate_imputed,balance_change_1m_pct,Standard Portfolio Surveillance,0.9531
LN0020589,2023-02,0.014,0.026,0.0342,0.0495,Current,0,None,0.2469,credit_score_ordinal,balance_change_1m_pct,interest_rate_imputed,Standard Portfolio Surveillance,0.9315
LN0020590,2024-08,0.0038,0.0059,0.0081,0.0078,Default,1,Data Conflict,0.4051,dpd_roll_max_6m,credit_score_ordinal,interest_rate_imputed,Audit & Data Quality Exception Review,0.9838
LN0020592,2024-03,0.014,0.026,0.0153,0.03,Current,0,None,0.3463,interest_rate_imputed,balance_change_1m_pct,balance_to_orig_ratio,Standard Portfolio Surveillance,0.9694
LN0020594,2024-01,0.014,0.026,0.0342,0.0412,Current,0,None,0.1345,interest_rate_imputed,balance_change_1m_pct,credit_score_ordinal,Standard Portfolio Surveillance,0.9315
LN0020595,2022-04,0.0038,0.0059,0.0081,0.0078,Default,1,Data Conflict,0.4367,credit_score_ordinal,interest_rate_imputed,balance_change_1m_pct,Audit & Data Quality Exception Review,0.9838
LN0020607,2025-08,0.02,0.0377,0.011,0.0101,Current,0,None,0.2441,credit_score_ordinal,balance_change_1m_pct,interest_rate_imputed,Standard Portfolio Surveillance,0.9781
LN0020646,2023-12,0.014,0.026,0.0342,0.0495,Current,0,None,0.1389,interest_rate_imputed,balance_change_1m_pct,balance_to_orig_ratio,Standard Portfolio Surveillance,0.9315
LN0020672,2025-07,0.02,0.0377,0.0245,0.0235,Current,0,None,0.2219,balance_change_1m_pct,credit_score_ordinal,balance_to_orig_ratio,Standard Portfolio Surveillance,0.9509
LN0020681,2024-01,0.0345,0.048,0.0535,0.0495,Current,0,None,0.2341,interest_rate_imputed,credit_score_ordinal,balance_change_1m_pct,Standard Portfolio Surveillance,0.893
LN0020707,2023-06,0.0038,0.0059,0.0081,0.0078,Prepaid,0,None,0.7227,balance_change_1m_pct,balance_to_orig_ratio,interest_rate_imputed,Audit & Data Quality Exception Review,0.9838
LN0020753,2024-07,0.0038,0.0059,0.0081,0.0078,Prepaid,0,None,0.6042,balance_change_1m_pct,balance_to_orig_ratio,interest_rate_imputed,Standard Portfolio Surveillance,0.9838
LN0020769,2023-03,0.0038,0.0059,0.0081,0.0078,Prepaid,0,None,0.5597,balance_change_1m_pct,balance_to_orig_ratio,credit_score_ordinal,Standard Portfolio Surveillance,0.9838
LN0020772,2023-05,0.0038,0.0059,0.0081,0.0078,Default,1,Data Conflict,0.6457,days_past_due,dpd_roll_max_6m,interest_rate_imputed,Audit & Data Quality Exception Review,0.9838
LN0020777,2025-01,0.014,0.026,0.0342,0.0412,Current,0,None,0.4164,balance_change_1m_pct,credit_score_ordinal,interest_rate_imputed,Standard Portfolio Surveillance,0.9315
LN0020797,2024-06,0.0099,0.0179,0.0237,0.0412,Current,0,None,0.1618,credit_score_ordinal,interest_rate_imputed,balance_change_1m_pct,Standard Portfolio Surveillance,0.9525
LN0020830,2024-12,0.02,0.0377,0.0342,0.0412,Current,0,None,0.0885,interest_rate_imputed,balance_change_1m_pct,balance_to_orig_ratio,Standard Portfolio Surveillance,0.9315
LN0020835,2025-01,0.0038,0.0059,0.0081,0.0078,Default,1,Data Conflict,0.5376,days_past_due,dpd_roll_max_6m,interest_rate_imputed,Audit & Data Quality Exception Review,0.9838
LN0020848,2025-02,0.0345,0.048,0.0261,0.03,Current,0,None,0.2511,credit_score_ordinal,interest_rate_imputed,balance_change_1m_pct,Standard Portfolio Surveillance,0.9479
LN0020858,2024-08,0.0038,0.0059,0.0081,0.0078,Prepaid,0,None,0.5801,balance_change_1m_pct,balance_to_orig_ratio,credit_score_ordinal,Standard Portfolio Surveillance,0.9838
LN0020869,2022-08,0.0038,0.0059,0.0081,0.0078,Default,1,Data Conflict,0.3633,credit_score_ordinal,balance_change_1m_pct,interest_rate_imputed,Audit & Data Quality Exception Review,0.9838
LN0020893,2025-10,0.0273,0.0644,0.0143,0.0147,Current,0,None,0.332,credit_score_ordinal,interest_rate_imputed,balance_change_1m_pct,Standard Portfolio Surveillance,0.9713
LN0020919,2023-06,0.0561,0.1023,0.0847,0.0495,Current,0,None,0.1918,credit_score_ordinal,interest_rate_imputed,balance_change_1m_pct,Standard Portfolio Surveillance,0.8305
LN0020920,2024-06,0.0345,0.048,0.0535,0.0495,Current,0,None,0.0833,interest_rate_imputed,balance_change_1m_pct,balance_to_orig_ratio,Standard Portfolio Surveillance,0.893
LN0020940,2023-09,0.0038,0.0059,0.0081,0.0078,Default,1,Data Conflict,0.5604,days_past_due,dpd_roll_max_6m,interest_rate_imputed,Audit & Data Quality Exception Review,0.9838
LN0020945,2024-02,0.0038,0.0059,0.0081,0.0078,Prepaid,0,None,0.6577,balance_change_1m_pct,balance_to_orig_ratio,interest_rate_imputed,Audit & Data Quality Exception Review,0.9838
LN0020948,2024-01,0.0038,0.0059,0.0081,0.0078,Default,1,Data Conflict,0.5764,days_past_due,dpd_roll_max_6m,interest_rate_imputed,Audit & Data Quality Exception Review,0.9838
LN0020951,2023-12,0.0485,0.0887,0.0535,0.0355,Current,0,None,0.5112,dpd_roll_max_6m,interest_rate_imputed,balance_change_1m_pct,Standard Portfolio Surveillance,0.893
LN0020966,2024-05,0.0099,0.0179,0.0153,0.0235,Current,0,None,0.149,interest_rate_imputed,balance_change_1m_pct,balance_to_orig_ratio,Standard Portfolio Surveillance,0.9694
LN0020987,2023-02,0.0038,0.0059,0.0081,0.0078,Default,0,None,0.7297,days_past_due,dpd_roll_max_6m,credit_score_ordinal,Audit & Data Quality Exception Review,0.9838
LN0021001,2024-03,0.0223,0.048,0.0535,0.0412,Current,0,None,0.2297,interest_rate_imputed,balance_change_1m_pct,balance_to_orig_ratio,Standard Portfolio Surveillance,0.893
LN0021002,2024-07,0.0326,0.048,0.0535,0.0412,Current,0,None,0.1624,interest_rate_imputed,credit_score_ordinal,balance_change_1m_pct,Standard Portfolio Surveillance,0.893
LN0021011,2022-04,0.0038,0.0059,0.0081,0.0078,Prepaid,0,None,0.6729,balance_change_1m_pct,balance_to_orig_ratio,credit_score_ordinal,Audit & Data Quality Exception Review,0.9838
LN0021030,2024-04,0.0099,0.0179,0.0237,0.0495,Current,0,None,0.1166,interest_rate_imputed,balance_change_1m_pct,balance_to_orig_ratio,Standard Portfolio Surveillance,0.9525
LN0021051,2024-12,0.014,0.026,0.011,0.0235,Current,0,None,0.2815,credit_score_ordinal,interest_rate_imputed,balance_change_1m_pct,Standard Portfolio Surveillance,0.9781
LN0021076,2023-10,0.0038,0.0059,0.0081,0.0078,Default,1,Data Conflict,0.273,credit_score_ordinal,interest_rate_imputed,balance_change_1m_pct,Audit & Data Quality Exception Review,0.9838
LN0021102,2025-06,0.02,0.0377,0.011,0.0147,Current,0,None,0.5556,dpd_roll_max_6m,credit_score_ordinal,interest_rate_imputed,Standard Portfolio Surveillance,0.9781
LN0021138,2023-02,0.0038,0.0059,0.0081,0.0078,Prepaid,0,None,0.5263,balance_change_1m_pct,balance_to_orig_ratio,interest_rate_imputed,Standard Portfolio Surveillance,0.9838
LN0021149,2023-05,0.014,0.026,0.0342,0.0495,Current,0,None,0.1306,credit_score_ordinal,balance_change_1m_pct,interest_rate_imputed,Standard Portfolio Surveillance,0.9315
LN0021172,2024-02,0.0403,0.0771,0.0614,0.0412,Current,0,None,0.1317,credit_score_ordinal,interest_rate_imputed,balance_change_1m_pct,Standard Portfolio Surveillance,0.8771
LN0021175,2024-03,0.02,0.0377,0.0237,0.0612,Current,0,None,0.4003,credit_score_ordinal,balance_change_1m_pct,interest_rate_imputed,Standard Portfolio Surveillance,0.9525
LN0021217,2024-12,0.0118,0.0213,0.0245,0.0235,Current,0,None,0.3872,balance_change_1m_pct,balance_to_orig_ratio,days_past_due,Standard Portfolio Surveillance,0.9509
LN0021246,2024-10,0.0038,0.0059,0.0081,0.0078,Prepaid,0,None,0.6717,balance_change_1m_pct,balance_to_orig_ratio,credit_score_ordinal,Audit & Data Quality Exception Review,0.9838
LN0021262,2025-02,0.0099,0.0179,0.011,0.0101,Current,0,None,0.3463,credit_score_ordinal,interest_rate_imputed,balance_change_1m_pct,Standard Portfolio Surveillance,0.9781
LN0021268,2024-03,0.0038,0.0059,0.0081,0.0078,Prepaid,0,None,0.588,balance_change_1m_pct,balance_to_orig_ratio,credit_score_ordinal,Standard Portfolio Surveillance,0.9838
LN0021269,2023-07,0.0038,0.0059,0.0081,0.0078,Default,1,Data Conflict,0.5218,days_past_due,dpd_roll_max_6m,credit_score_ordinal,Audit & Data Quality Exception Review,0.9838
LN0021297,2025-02,0.0038,0.0059,0.0081,0.0078,Default,1,Data Conflict,0.4942,credit_score_ordinal,balance_change_1m_pct,balance_to_orig_ratio,Audit & Data Quality Exception Review,0.9838
LN0021304,2024-06,0.0223,0.048,0.0535,0.0412,Current,0,None,0.1793,interest_rate_imputed,balance_change_1m_pct,credit_score_ordinal,Standard Portfolio Surveillance,0.893
LN0021306,2024-01,0.0038,0.0059,0.0081,0.0078,Prepaid,0,None,0.6804,balance_change_1m_pct,balance_to_orig_ratio,credit_score_ordinal,Audit & Data Quality Exception Review,0.9838
LN0021309,2023-12,0.0038,0.0059,0.0081,0.0078,Prepaid,0,None,0.8028,balance_change_1m_pct,balance_to_orig_ratio,credit_score_ordinal,Audit & Data Quality Exception Review,0.9838
LN0021316,2025-05,0.014,0.026,0.0153,0.0235,Current,0,None,0.2196,interest_rate_imputed,balance_change_1m_pct,balance_to_orig_ratio,Standard Portfolio Surveillance,0.9694
LN0021317,2023-10,0.0326,0.0887,0.0535,0.0495,30-59 DPD,0,None,0.187,credit_score_ordinal,interest_rate_imputed,balance_change_1m_pct,Standard Portfolio Surveillance,0.893
LN0021328,2025-08,0.0223,0.048,0.0261,0.0235,Current,0,None,0.2213,credit_score_ordinal,interest_rate_imputed,balance_change_1m_pct,Standard Portfolio Surveillance,0.9479
LN0021374,2023-02,0.0223,0.0571,0.0535,0.0495,Current,0,None,0.1525,balance_change_1m_pct,interest_rate_imputed,balance_to_orig_ratio,Standard Portfolio Surveillance,0.893
LN0021387,2023-12,0.0038,0.0059,0.0081,0.0078,Default,1,Data Conflict,0.6469,days_past_due,dpd_roll_max_6m,interest_rate_imputed,Audit & Data Quality Exception Review,0.9838
LN0021430,2026-01,0.02,0.0377,0.0222,0.0101,Current,0,None,0.4059,balance_change_1m_pct,credit_score_ordinal,interest_rate_imputed,Standard Portfolio Surveillance,0.9557
LN0021450,2024-01,0.0038,0.0059,0.0081,0.0078,Default,1,Data Conflict,0.2062,credit_score_ordinal,balance_change_1m_pct,interest_rate_imputed,Audit & Data Quality Exception Review,0.9838
LN0021453,2025-07,0.0099,0.0179,0.011,0.0235,Current,0,None,0.3421,interest_rate_imputed,balance_change_1m_pct,credit_score_ordinal,Standard Portfolio Surveillance,0.9781
LN0021480,2025-07,0.6989,0.6621,0.0081,0.0078,90+ DPD,0,None,0.8435,days_past_due,dpd_roll_max_6m,credit_score_ordinal,Audit & Data Quality Exception Review,0.9838
LN0021481,2024-12,0.02,0.0377,0.011,0.0235,Current,0,None,0.2359,balance_change_1m_pct,interest_rate_imputed,balance_to_orig_ratio,Standard Portfolio Surveillance,0.9781
LN0021483,2023-12,0.0485,0.0887,0.0535,0.0495,Current,0,None,0.1831,interest_rate_imputed,balance_change_1m_pct,balance_to_orig_ratio,Standard Portfolio Surveillance,0.893
LN0021490,2023-10,0.014,0.026,0.0342,0.0495,Current,0,None,0.1702,credit_score_ordinal,interest_rate_imputed,balance_change_1m_pct,Standard Portfolio Surveillance,0.9315
LN0021497,2023-09,0.0099,0.0179,0.0237,0.0412,Current,0,None,0.2949,balance_change_1m_pct,interest_rate_imputed,balance_to_orig_ratio,Standard Portfolio Surveillance,0.9525
LN0021498,2026-04,0.0223,0.0156,0.0143,0.0101,Current,0,None,0.2905,credit_score_ordinal,balance_change_1m_pct,interest_rate_imputed,Standard Portfolio Surveillance,0.9713
LN0021523,2025-08,0.0687,0.0644,0.0261,0.0235,Current,0,None,0.3494,balance_change_1m_pct,interest_rate_imputed,balance_to_orig_ratio,Standard Portfolio Surveillance,0.9479
LN0021592,2022-09,0.0038,0.0059,0.0081,0.0078,Default,1,Data Conflict,0.5775,days_past_due,dpd_roll_max_6m,credit_score_ordinal,Audit & Data Quality Exception Review,0.9838
LN0021598,2023-12,0.0175,0.0348,0.0374,0.0495,Current,0,None,0.3681,balance_change_1m_pct,interest_rate_imputed,credit_score_ordinal,Standard Portfolio Surveillance,0.9252
LN0021628,2023-07,0.0038,0.0059,0.0081,0.0078,Prepaid,0,None,0.6268,balance_change_1m_pct,balance_to_orig_ratio,interest_rate_imputed,Standard Portfolio Surveillance,0.9838
LN0021629,2024-03,0.0403,0.0771,0.0614,0.0412,30-59 DPD,0,None,0.4325,interest_rate_imputed,balance_change_1m_pct,balance_to_orig_ratio,Standard Portfolio Surveillance,0.8771
LN0021630,2025-08,0.0118,0.0213,0.0245,0.0235,Current,0,None,0.2483,interest_rate_imputed,balance_change_1m_pct,credit_score_ordinal,Standard Portfolio Surveillance,0.9509
LN0021647,2022-12,0.0038,0.0059,0.0081,0.0078,Default,0,None,0.7175,days_past_due,dpd_roll_max_6m,balance_change_1m_pct,Audit & Data Quality Exception Review,0.9838
LN0021663,2023-10,0.0223,0.0571,0.0535,0.0495,Current,0,None,0.167,credit_score_ordinal,balance_change_1m_pct,interest_rate_imputed,Standard Portfolio Surveillance,0.893
LN0021679,2025-03,0.02,0.0377,0.0245,0.03,Current,0,None,0.402,balance_change_1m_pct,credit_score_ordinal,interest_rate_imputed,Standard Portfolio Surveillance,0.9509
LN0021704,2022-05,0.0038,0.0059,0.0081,0.0078,Default,1,Data Conflict,0.3955,balance_change_1m_pct,interest_rate_imputed,credit_score_ordinal,Audit & Data Quality Exception Review,0.9838
LN0021711,2025-05,0.014,0.026,0.011,0.0101,Current,0,None,0.2784,credit_score_ordinal,balance_change_1m_pct,balance_to_orig_ratio,Standard Portfolio Surveillance,0.9781
LN0021725,2023-12,0.0038,0.0059,0.0081,0.0078,Default,0,None,0.6096,days_past_due,dpd_roll_max_6m,balance_change_1m_pct,Standard Portfolio Surveillance,0.9838
LN0021726,2025-09,0.0183,0.0309,0.0234,0.0235,30-59 DPD,0,None,0.2565,credit_score_ordinal,interest_rate_imputed,balance_to_orig_ratio,Standard Portfolio Surveillance,0.9531
LN0021731,2024-04,0.014,0.026,0.0342,0.0412,Current,0,None,0.1592,credit_score_ordinal,interest_rate_imputed,balance_change_1m_pct,Standard Portfolio Surveillance,0.9315
LN0021761,2025-03,0.0038,0.0059,0.0081,0.0078,Prepaid,0,None,0.6653,balance_change_1m_pct,balance_to_orig_ratio,credit_score_ordinal,Audit & Data Quality Exception Review,0.9838
LN0021767,2023-12,0.0099,0.0179,0.0237,0.0412,Current,0,None,0.2852,credit_score_ordinal,interest_rate_imputed,balance_change_1m_pct,Standard Portfolio Surveillance,0.9525
LN0021770,2023-11,0.0099,0.0179,0.0237,0.0495,Current,0,None,0.1534,credit_score_ordinal,interest_rate_imputed,balance_change_1m_pct,Standard Portfolio Surveillance,0.9525
LN0021836,2024-11,0.014,0.026,0.011,0.0235,Current,0,None,0.3267,interest_rate_imputed,balance_change_1m_pct,balance_to_orig_ratio,Standard Portfolio Surveillance,0.9781
LN0021839,2025-11,0.0183,0.0309,0.0106,0.0101,Current,0,None,0.4341,credit_score_ordinal,balance_change_1m_pct,interest_rate_imputed,Standard Portfolio Surveillance,0.9788
LN0021840,2023-07,0.0326,0.0887,0.0535,0.0495,30-59 DPD,0,None,0.2047,balance_change_1m_pct,credit_score_ordinal,interest_rate_imputed,Standard Portfolio Surveillance,0.893
LN0021852,2025-03,0.0326,0.048,0.0261,0.03,Current,0,None,0.1684,balance_change_1m_pct,interest_rate_imputed,balance_to_orig_ratio,Standard Portfolio Surveillance,0.9479
LN0021898,2024-09,0.0403,0.0771,0.0614,0.03,Current,0,None,0.2438,interest_rate_imputed,balance_change_1m_pct,credit_score_ordinal,Standard Portfolio Surveillance,0.8771
LN0021901,2023-09,0.0038,0.0059,0.0081,0.0078,Default,0,None,0.7276,days_past_due,dpd_roll_max_6m,credit_score_ordinal,Audit & Data Quality Exception Review,0.9838
LN0021924,2023-06,0.02,0.0377,0.0342,0.0495,Current,0,None,0.2723,balance_change_1m_pct,credit_score_ordinal,interest_rate_imputed,Standard Portfolio Surveillance,0.9315
LN0021933,2023-06,0.0038,0.0059,0.0081,0.0078,Default,0,None,0.6324,days_past_due,dpd_roll_max_6m,interest_rate_imputed,Standard Portfolio Surveillance,0.9838
LN0021967,2023-03,0.014,0.026,0.0342,0.0495,Current,0,None,0.253,balance_change_1m_pct,interest_rate_imputed,balance_to_orig_ratio,Standard Portfolio Surveillance,0.9315
LN0021974,2024-11,0.6989,0.6621,0.1713,0.0083,60-89 DPD,0,None,0.5318,balance_change_1m_pct,interest_rate_imputed,balance_to_orig_ratio,Early Payment Reminder & Watchlist Monitoring,0.6574
LN0021979,2025-05,0.0326,0.048,0.0535,0.0412,30-59 DPD,0,None,0.3752,interest_rate_imputed,balance_change_1m_pct,credit_score_ordinal,Standard Portfolio Surveillance,0.893
LN0021991,2024-03,0.0223,0.0571,0.0535,0.0495,Current,0,None,0.3173,balance_change_1m_pct,interest_rate_imputed,balance_to_orig_ratio,Standard Portfolio Surveillance,0.893
LN0022015,2025-07,0.0175,0.0348,0.0234,0.0235,Prepaid,0,None,0.2719,credit_score_ordinal,balance_change_1m_pct,interest_rate_imputed,Standard Portfolio Surveillance,0.9531
LN0022016,2024-04,0.0038,0.0059,0.0081,0.0078,Default,1,Data Conflict,0.3644,balance_to_orig_ratio,interest_rate_imputed,balance_change_1m_pct,Audit & Data Quality Exception Review,0.9838
LN0022067,2023-07,0.02,0.0377,0.0237,0.0495,Current,0,None,0.2153,credit_score_ordinal,balance_change_1m_pct,interest_rate_imputed,Standard Portfolio Surveillance,0.9525
LN0022091,2024-11,0.0345,0.048,0.0143,0.0235,Current,0,None,0.2902,credit_score_ordinal,interest_rate_imputed,balance_change_1m_pct,Standard Portfolio Surveillance,0.9713
LN0022103,2023-10,0.0403,0.0771,0.0614,0.0495,30-59 DPD,0,None,0.2506,credit_score_ordinal,balance_change_1m_pct,interest_rate_imputed,Standard Portfolio Surveillance,0.8771
LN0022117,2023-12,0.0038,0.0059,0.0081,0.0078,Prepaid,0,None,0.6761,balance_change_1m_pct,balance_to_orig_ratio,credit_score_ordinal,Audit & Data Quality Exception Review,0.9838
LN0022125,2025-10,0.0223,0.0156,0.0143,0.0147,Current,0,None,0.3957,credit_score_ordinal,interest_rate_imputed,balance_change_1m_pct,Standard Portfolio Surveillance,0.9713
LN0022127,2025-10,0.014,0.026,0.011,0.0235,Current,0,None,0.3093,credit_score_ordinal,interest_rate_imputed,balance_change_1m_pct,Standard Portfolio Surveillance,0.9781
LN0022131,2025-02,0.014,0.026,0.011,0.0101,Current,0,None,0.4832,credit_score_ordinal,balance_change_1m_pct,balance_to_orig_ratio,Standard Portfolio Surveillance,0.9781
LN0022142,2025-05,0.0321,0.0648,0.0234,0.0235,Current,0,None,0.269,credit_score_ordinal,balance_change_1m_pct,interest_rate_imputed,Standard Portfolio Surveillance,0.9531
LN0022150,2022-06,0.0038,0.0059,0.0081,0.0078,Prepaid,0,None,0.5024,balance_change_1m_pct,balance_to_orig_ratio,interest_rate_imputed,Standard Portfolio Surveillance,0.9838
LN0022166,2025-04,0.0326,0.048,0.0535,0.0412,Current,0,None,0.1162,credit_score_ordinal,interest_rate_imputed,balance_change_1m_pct,Standard Portfolio Surveillance,0.893
LN0022167,2024-08,0.0321,0.0348,0.0234,0.03,Current,0,None,0.2128,credit_score_ordinal,interest_rate_imputed,balance_change_1m_pct,Standard Portfolio Surveillance,0.9531
LN0022170,2025-02,0.014,0.026,0.0153,0.03,Current,0,None,0.1131,interest_rate_imputed,balance_change_1m_pct,balance_to_orig_ratio,Standard Portfolio Surveillance,0.9694
LN0022182,2024-03,0.02,0.0377,0.0237,0.0495,Current,0,None,0.2486,balance_change_1m_pct,credit_score_ordinal,interest_rate_imputed,Standard Portfolio Surveillance,0.9525
LN0022201,2024-11,0.014,0.026,0.0342,0.0412,Prepaid,0,None,0.2555,credit_score_ordinal,balance_change_1m_pct,balance_to_orig_ratio,Standard Portfolio Surveillance,0.9315
LN0022230,2023-04,0.0038,0.0059,0.0081,0.0078,Prepaid,0,None,0.5856,balance_change_1m_pct,balance_to_orig_ratio,credit_score_ordinal,Standard Portfolio Surveillance,0.9838
LN0022262,2024-01,0.02,0.0377,0.0237,0.0495,Prepaid,0,None,0.1215,credit_score_ordinal,interest_rate_imputed,balance_change_1m_pct,Standard Portfolio Surveillance,0.9525
LN0022263,2024-02,0.0038,0.0059,0.0081,0.0078,Prepaid,0,None,0.8084,balance_change_1m_pct,interest_rate_imputed,balance_to_orig_ratio,Audit & Data Quality Exception Review,0.9838
LN0022286,2024-04,0.6989,0.6621,0.0081,0.0078,90+ DPD,0,None,0.8718,days_past_due,dpd_roll_max_6m,balance_change_1m_pct,Audit & Data Quality Exception Review,0.9838
LN0022305,2024-02,0.0485,0.0887,0.0535,0.0495,30-59 DPD,0,None,0.3443,balance_change_1m_pct,credit_score_ordinal,interest_rate_imputed,Standard Portfolio Surveillance,0.893
LN0022316,2023-11,0.0118,0.0213,0.0237,0.0412,Current,0,None,0.2303,balance_change_1m_pct,interest_rate_imputed,balance_to_orig_ratio,Standard Portfolio Surveillance,0.9525
LN0022354,2024-05,0.02,0.0377,0.0342,0.0412,Current,0,None,0.2221,interest_rate_imputed,credit_score_ordinal,balance_change_1m_pct,Standard Portfolio Surveillance,0.9315
LN0022374,2023-03,0.0038,0.0059,0.0081,0.0078,Prepaid,0,None,0.5523,balance_change_1m_pct,balance_to_orig_ratio,credit_score_ordinal,Standard Portfolio Surveillance,0.9838
LN0022375,2024-09,0.0099,0.0179,0.0237,0.0412,Current,0,None,0.1549,credit_score_ordinal,interest_rate_imputed,balance_change_1m_pct,Standard Portfolio Surveillance,0.9525
LN0022389,2025-03,0.0223,0.048,0.0143,0.0235,Current,0,None,0.2831,interest_rate_imputed,balance_change_1m_pct,balance_to_orig_ratio,Standard Portfolio Surveillance,0.9713
LN0022396,2024-06,0.02,0.0377,0.0342,0.0495,Current,0,None,0.1211,credit_score_ordinal,interest_rate_imputed,balance_change_1m_pct,Standard Portfolio Surveillance,0.9315
LN0022404,2024-02,0.0223,0.048,0.0535,0.0412,Current,0,None,0.1065,credit_score_ordinal,interest_rate_imputed,balance_change_1m_pct,Standard Portfolio Surveillance,0.893
LN0022407,2024-07,0.0687,0.0644,0.0847,0.0412,30-59 DPD,0,None,0.1712,credit_score_ordinal,interest_rate_imputed,balance_change_1m_pct,Standard Portfolio Surveillance,0.8305
LN0022427,2024-05,0.0326,0.048,0.0261,0.03,Current,0,None,0.2693,credit_score_ordinal,balance_change_1m_pct,interest_rate_imputed,Standard Portfolio Surveillance,0.9479
LN0022432,2023-12,0.0326,0.0887,0.0535,0.0495,Current,0,None,0.1778,interest_rate_imputed,balance_change_1m_pct,credit_score_ordinal,Standard Portfolio Surveillance,0.893
LN0022436,2024-07,0.0038,0.0059,0.0081,0.0078,Prepaid,0,None,0.6081,balance_change_1m_pct,balance_to_orig_ratio,interest_rate_imputed,Standard Portfolio Surveillance,0.9838
LN0022461,2022-09,0.0038,0.0059,0.0081,0.0078,Prepaid,0,None,0.5115,balance_to_orig_ratio,balance_change_1m_pct,credit_score_ordinal,Standard Portfolio Surveillance,0.9838
LN0022479,2024-07,0.0687,0.0644,0.0261,0.03,30-59 DPD,0,None,0.2847,interest_rate_imputed,credit_score_ordinal,balance_change_1m_pct,Standard Portfolio Surveillance,0.9479
LN0022532,2023-12,0.0038,0.0059,0.0081,0.0078,Default,1,Data Conflict,0.2607,credit_score_ordinal,interest_rate_imputed,balance_change_1m_pct,Audit & Data Quality Exception Review,0.9838
LN0022541,2024-06,0.02,0.0377,0.0245,0.0235,Current,0,None,0.4549,balance_change_1m_pct,credit_score_ordinal,interest_rate_imputed,Standard Portfolio Surveillance,0.9509
LN0022574,2023-01,0.0485,0.0887,0.0535,0.0495,30-59 DPD,0,None,0.1885,credit_score_ordinal,interest_rate_imputed,balance_change_1m_pct,Standard Portfolio Surveillance,0.893
LN0022576,2024-09,0.0223,0.048,0.0143,0.0235,Current,0,None,0.2836,credit_score_ordinal,interest_rate_imputed,balance_change_1m_pct,Standard Portfolio Surveillance,0.9713
LN0022584,2026-01,0.0223,0.0156,0.0143,0.0147,Current,0,None,0.2241,credit_score_ordinal,balance_change_1m_pct,interest_rate_imputed,Standard Portfolio Surveillance,0.9713
LN0022601,2024-08,0.0099,0.0179,0.0237,0.0495,Current,0,None,0.3403,balance_change_1m_pct,credit_score_ordinal,interest_rate_imputed,Standard Portfolio Surveillance,0.9525
LN0022603,2024-02,0.0099,0.0179,0.0237,0.0412,Current,0,None,0.1905,interest_rate_imputed,balance_change_1m_pct,balance_to_orig_ratio,Standard Portfolio Surveillance,0.9525
LN0022621,2024-01,0.0223,0.048,0.0535,0.0495,Current,0,None,0.2449,interest_rate_imputed,balance_change_1m_pct,balance_to_orig_ratio,Standard Portfolio Surveillance,0.893
LN0022626,2023-12,0.0326,0.0887,0.0535,0.0495,Prepaid,0,None,0.3186,balance_change_1m_pct,interest_rate_imputed,credit_score_ordinal,Standard Portfolio Surveillance,0.893
LN0022639,2024-05,0.0223,0.048,0.0535,0.0495,Current,0,None,0.1757,credit_score_ordinal,balance_change_1m_pct,interest_rate_imputed,Standard Portfolio Surveillance,0.893
LN0022644,2025-01,0.0326,0.0156,0.0143,0.0101,Current,0,None,0.3758,balance_change_1m_pct,interest_rate_imputed,balance_to_orig_ratio,Standard Portfolio Surveillance,0.9713
LN0022656,2025-09,0.0223,0.0156,0.0143,0.0147,Current,0,None,0.4347,credit_score_ordinal,balance_change_1m_pct,balance_to_orig_ratio,Standard Portfolio Surveillance,0.9713
LN0022696,2024-09,0.0223,0.048,0.0143,0.0235,Current,0,None,0.2678,credit_score_ordinal,interest_rate_imputed,balance_change_1m_pct,Standard Portfolio Surveillance,0.9713
LN0022708,2024-09,0.0099,0.0179,0.0237,0.0412,Current,0,None,0.2079,interest_rate_imputed,balance_change_1m_pct,credit_score_ordinal,Standard Portfolio Surveillance,0.9525
LN0022725,2023-09,0.0403,0.0771,0.0614,0.0412,Current,0,None,0.1603,credit_score_ordinal,interest_rate_imputed,balance_change_1m_pct,Standard Portfolio Surveillance,0.8771
LN0022727,2025-05,0.014,0.026,0.011,0.0147,Current,0,None,0.3404,credit_score_ordinal,interest_rate_imputed,balance_change_1m_pct,Standard Portfolio Surveillance,0.9781
LN0022728,2023-10,0.0687,0.0644,0.0847,0.0412,Current,0,None,0.2761,balance_change_1m_pct,interest_rate_imputed,balance_to_orig_ratio,Standard Portfolio Surveillance,0.8305
LN0022737,2024-11,0.0038,0.0059,0.0081,0.0078,Prepaid,0,None,0.7223,balance_change_1m_pct,balance_to_orig_ratio,interest_rate_imputed,Audit & Data Quality Exception Review,0.9838
LN0022750,2023-04,0.0321,0.0648,0.0374,0.0495,Current,0,None,0.1548,interest_rate_imputed,credit_score_ordinal,balance_change_1m_pct,Standard Portfolio Surveillance,0.9252
LN0022762,2024-09,0.02,0.0377,0.0237,0.0412,Current,0,None,0.1345,interest_rate_imputed,balance_change_1m_pct,credit_score_ordinal,Standard Portfolio Surveillance,0.9525
LN0022817,2022-12,0.0942,0.1674,0.0847,0.0495,30-59 DPD,0,None,0.3319,balance_change_1m_pct,credit_score_ordinal,interest_rate_imputed,Standard Portfolio Surveillance,0.8305
LN0022821,2025-02,0.014,0.026,0.011,0.0235,Current,0,None,0.3757,credit_score_ordinal,balance_change_1m_pct,balance_to_orig_ratio,Standard Portfolio Surveillance,0.9781
LN0022846,2024-11,0.0038,0.0059,0.0081,0.0078,Prepaid,0,None,0.8552,dpd_roll_max_6m,balance_change_1m_pct,balance_to_orig_ratio,Audit & Data Quality Exception Review,0.9838
LN0022865,2022-12,0.0038,0.0059,0.0081,0.0078,Default,1,Data Conflict,0.4542,balance_change_1m_pct,credit_score_ordinal,interest_rate_imputed,Audit & Data Quality Exception Review,0.9838
LN0022871,2024-05,0.0326,0.048,0.0535,0.0412,Current,0,None,0.2888,credit_score_ordinal,interest_rate_imputed,balance_change_1m_pct,Standard Portfolio Surveillance,0.893
LN0022873,2022-06,0.0038,0.0059,0.0081,0.0078,Prepaid,0,None,0.6431,balance_change_1m_pct,balance_to_orig_ratio,interest_rate_imputed,Standard Portfolio Surveillance,0.9838
LN0022877,2024-06,0.014,0.026,0.0153,0.03,Current,0,None,0.2304,credit_score_ordinal,interest_rate_imputed,balance_change_1m_pct,Standard Portfolio Surveillance,0.9694
LN0022886,2023-01,0.0326,0.0887,0.0535,0.0495,30-59 DPD,0,None,0.2308,credit_score_ordinal,balance_change_1m_pct,balance_to_orig_ratio,Standard Portfolio Surveillance,0.893
LN0022895,2022-11,0.0038,0.0059,0.0081,0.0078,Default,1,Data Conflict,0.3778,credit_score_ordinal,balance_change_1m_pct,interest_rate_imputed,Audit & Data Quality Exception Review,0.9838
LN0022903,2023-02,0.0223,0.0571,0.0535,0.0495,Current,0,None,0.1618,credit_score_ordinal,interest_rate_imputed,balance_change_1m_pct,Standard Portfolio Surveillance,0.893
LN0022953,2025-11,0.0345,0.048,0.0143,0.0235,Current,0,None,0.3674,interest_rate_imputed,balance_change_1m_pct,balance_to_orig_ratio,Standard Portfolio Surveillance,0.9713
LN0022978,2026-02,0.02,0.0377,0.011,0.0147,Current,0,None,0.1919,balance_change_1m_pct,interest_rate_imputed,balance_to_orig_ratio,Standard Portfolio Surveillance,0.9781
LN0023001,2023-11,0.0038,0.0059,0.0081,0.0078,Default,1,Data Conflict,0.6809,days_past_due,dpd_roll_max_6m,interest_rate_imputed,Audit & Data Quality Exception Review,0.9838
LN0023033,2024-11,0.0038,0.0059,0.0081,0.0078,Prepaid,0,None,0.6648,balance_change_1m_pct,balance_to_orig_ratio,credit_score_ordinal,Audit & Data Quality Exception Review,0.9838
LN0023045,2023-03,0.02,0.0377,0.0342,0.0355,Current,0,None,0.673,days_past_due,dpd_roll_max_6m,interest_rate_imputed,Audit & Data Quality Exception Review,0.9315
LN0023054,2023-07,0.0038,0.0059,0.0081,0.0078,Prepaid,0,None,0.6257,balance_change_1m_pct,balance_to_orig_ratio,credit_score_ordinal,Standard Portfolio Surveillance,0.9838
LN0023060,2023-09,0.0273,0.0644,0.0847,0.0412,Prepaid,0,None,0.2063,balance_change_1m_pct,credit_score_ordinal,interest_rate_imputed,Standard Portfolio Surveillance,0.8305
LN0023077,2023-02,0.0403,0.0771,0.0614,0.0495,Current,0,None,0.2716,credit_score_ordinal,balance_change_1m_pct,interest_rate_imputed,Standard Portfolio Surveillance,0.8771
LN0023078,2024-01,0.02,0.0377,0.0342,0.0495,30-59 DPD,0,None,0.1266,credit_score_ordinal,balance_change_1m_pct,interest_rate_imputed,Standard Portfolio Surveillance,0.9315
LN0023081,2026-01,0.014,0.026,0.011,0.0101,Current,0,None,0.531,credit_score_ordinal,balance_change_1m_pct,balance_to_orig_ratio,Standard Portfolio Surveillance,0.9781
LN0023084,2025-03,0.014,0.026,0.0153,0.03,Current,0,None,0.1901,credit_score_ordinal,interest_rate_imputed,balance_change_1m_pct,Standard Portfolio Surveillance,0.9694
LN0023096,2023-11,0.0223,0.048,0.0535,0.0495,Current,0,None,0.2759,interest_rate_imputed,balance_change_1m_pct,balance_to_orig_ratio,Standard Portfolio Surveillance,0.893
LN0023111,2023-08,0.0118,0.0213,0.0237,0.0495,Current,0,None,0.2813,balance_change_1m_pct,credit_score_ordinal,balance_to_orig_ratio,Standard Portfolio Surveillance,0.9525
LN0023131,2024-11,0.0345,0.0156,0.0143,0.0101,Current,0,None,0.4285,balance_change_1m_pct,credit_score_ordinal,balance_to_orig_ratio,Standard Portfolio Surveillance,0.9713
LN0023134,2024-01,0.0038,0.0059,0.0081,0.0078,Prepaid,0,None,0.5518,balance_change_1m_pct,balance_to_orig_ratio,credit_score_ordinal,Standard Portfolio Surveillance,0.9838
LN0023156,2025-05,0.0345,0.048,0.0143,0.0235,Current,0,None,0.3288,balance_change_1m_pct,credit_score_ordinal,interest_rate_imputed,Standard Portfolio Surveillance,0.9713
LN0023197,2023-07,0.0326,0.048,0.0535,0.0412,Current,0,None,0.2048,credit_score_ordinal,interest_rate_imputed,balance_change_1m_pct,Standard Portfolio Surveillance,0.893
LN0023215,2023-04,0.0038,0.0059,0.0081,0.0078,Default,1,Data Conflict,0.3847,interest_rate_imputed,balance_change_1m_pct,balance_to_orig_ratio,Audit & Data Quality Exception Review,0.9838
LN0023221,2024-04,0.0099,0.0179,0.0237,0.0412,Current,0,None,0.3657,balance_change_1m_pct,credit_score_ordinal,balance_to_orig_ratio,Standard Portfolio Surveillance,0.9525
LN0023241,2024-02,0.0223,0.048,0.0261,0.03,Current,0,None,0.1705,credit_score_ordinal,interest_rate_imputed,balance_change_1m_pct,Standard Portfolio Surveillance,0.9479
LN0023244,2025-12,0.02,0.0377,0.011,0.0147,Prepaid,0,None,0.1709,interest_rate_imputed,balance_change_1m_pct,credit_score_ordinal,Standard Portfolio Surveillance,0.9781
LN0023245,2023-11,0.02,0.0377,0.0237,0.0412,Current,0,None,0.2735,balance_change_1m_pct,credit_score_ordinal,interest_rate_imputed,Standard Portfolio Surveillance,0.9525
LN0023275,2026-03,0.0175,0.0348,0.0106,0.0101,Current,0,None,0.3075,balance_change_1m_pct,interest_rate_imputed,balance_to_orig_ratio,Standard Portfolio Surveillance,0.9788
LN0023299,2025-02,0.0038,0.0059,0.0081,0.0078,Prepaid,0,None,0.7997,balance_change_1m_pct,balance_to_orig_ratio,credit_score_ordinal,Audit & Data Quality Exception Review,0.9838
LN0023311,2024-07,0.014,0.026,0.0342,0.0495,Current,0,None,0.1246,credit_score_ordinal,interest_rate_imputed,balance_change_1m_pct,Standard Portfolio Surveillance,0.9315
LN0023314,2022-11,0.0038,0.0059,0.0081,0.0078,Default,1,Data Conflict,0.3355,credit_score_ordinal,balance_change_1m_pct,interest_rate_imputed,Audit & Data Quality Exception Review,0.9838
LN0023330,2025-06,0.0687,0.0644,0.0143,0.0101,Current,0,None,0.2395,interest_rate_imputed,balance_to_orig_ratio,balance_change_1m_pct,Standard Portfolio Surveillance,0.9713
LN0023360,2024-12,0.0687,0.0644,0.0143,0.0147,30-59 DPD,0,None,0.3269,credit_score_ordinal,balance_change_1m_pct,interest_rate_imputed,Standard Portfolio Surveillance,0.9713
LN0023365,2022-11,0.0485,0.0887,0.0535,0.0495,Current,0,None,0.3043,balance_change_1m_pct,credit_score_ordinal,interest_rate_imputed,Standard Portfolio Surveillance,0.893
LN0023366,2024-12,0.0038,0.0059,0.0081,0.0078,Prepaid,0,None,0.5786,balance_change_1m_pct,balance_to_orig_ratio,interest_rate_imputed,Standard Portfolio Surveillance,0.9838
LN0023377,2024-09,0.0099,0.0179,0.0237,0.0412,Current,0,None,0.2365,credit_score_ordinal,interest_rate_imputed,balance_change_1m_pct,Standard Portfolio Surveillance,0.9525
LN0023379,2024-10,0.0038,0.0059,0.0081,0.0078,Prepaid,0,None,0.6026,balance_change_1m_pct,balance_to_orig_ratio,interest_rate_imputed,Standard Portfolio Surveillance,0.9838
LN0023392,2026-03,0.0326,0.0156,0.0143,0.0101,Current,0,None,0.4623,balance_change_1m_pct,balance_to_orig_ratio,interest_rate_imputed,Standard Portfolio Surveillance,0.9713
LN0023394,2023-12,0.0223,0.0571,0.0535,0.0495,Current,0,None,0.1912,balance_change_1m_pct,credit_score_ordinal,interest_rate_imputed,Standard Portfolio Surveillance,0.893
LN0023397,2025-02,0.0223,0.0156,0.0143,0.0101,Current,0,None,0.5732,balance_change_1m_pct,credit_score_ordinal,interest_rate_imputed,Standard Portfolio Surveillance,0.9713
LN0023410,2023-07,0.0038,0.0059,0.0081,0.0078,Prepaid,0,None,0.7482,balance_change_1m_pct,balance_to_orig_ratio,days_past_due,Audit & Data Quality Exception Review,0.9838
LN0023442,2025-03,0.0326,0.048,0.0261,0.03,Current,0,None,0.1873,interest_rate_imputed,balance_change_1m_pct,balance_to_orig_ratio,Standard Portfolio Surveillance,0.9479
LN0023454,2025-03,0.0273,0.0644,0.0143,0.0147,Current,0,None,0.2873,interest_rate_imputed,credit_score_ordinal,balance_change_1m_pct,Standard Portfolio Surveillance,0.9713
LN0023458,2024-11,0.0223,0.048,0.0261,0.03,Current,0,None,0.3333,balance_change_1m_pct,credit_score_ordinal,interest_rate_imputed,Standard Portfolio Surveillance,0.9479
LN0023462,2026-01,0.0326,0.0156,0.0143,0.0147,Current,0,None,0.1923,interest_rate_imputed,balance_change_1m_pct,balance_to_orig_ratio,Standard Portfolio Surveillance,0.9713
LN0023466,2023-09,0.0038,0.0059,0.0081,0.0078,Prepaid,0,None,0.5918,balance_change_1m_pct,balance_to_orig_ratio,interest_rate_imputed,Standard Portfolio Surveillance,0.9838
LN0023480,2024-03,0.0038,0.0059,0.0081,0.0078,Prepaid,0,None,0.5937,balance_change_1m_pct,balance_to_orig_ratio,interest_rate_imputed,Standard Portfolio Surveillance,0.9838
LN0023485,2024-03,0.0099,0.0179,0.0237,0.0412,Current,0,None,0.1818,balance_change_1m_pct,interest_rate_imputed,balance_to_orig_ratio,Standard Portfolio Surveillance,0.9525
LN0023508,2024-06,0.0183,0.0309,0.0234,0.0412,Current,0,None,0.3387,dpd_roll_max_6m,balance_change_1m_pct,interest_rate_imputed,Standard Portfolio Surveillance,0.9531
LN0023551,2023-06,0.0099,0.0179,0.0237,0.0495,Current,0,None,0.2611,interest_rate_imputed,balance_change_1m_pct,balance_to_orig_ratio,Standard Portfolio Surveillance,0.9525
LN0023559,2024-02,0.0038,0.0059,0.0081,0.0078,Prepaid,0,None,0.6585,balance_change_1m_pct,balance_to_orig_ratio,credit_score_ordinal,Audit & Data Quality Exception Review,0.9838
LN0023575,2025-07,0.0175,0.0348,0.0234,0.03,Current,0,None,0.3198,interest_rate_imputed,balance_change_1m_pct,credit_score_ordinal,Standard Portfolio Surveillance,0.9531
LN0023580,2024-03,0.0175,0.0348,0.0374,0.0495,Current,0,None,0.2012,credit_score_ordinal,interest_rate_imputed,balance_change_1m_pct,Standard Portfolio Surveillance,0.9252
LN0023599,2025-11,0.0223,0.0156,0.0143,0.0147,Current,0,None,0.2639,interest_rate_imputed,balance_change_1m_pct,balance_to_orig_ratio,Standard Portfolio Surveillance,0.9713
LN0023617,2024-07,0.014,0.026,0.0342,0.0495,Current,0,None,0.1587,credit_score_ordinal,interest_rate_imputed,balance_change_1m_pct,Standard Portfolio Surveillance,0.9315
LN0023621,2024-07,0.02,0.0377,0.0237,0.0412,Current,0,None,0.413,dpd_roll_max_6m,interest_rate_imputed,balance_change_1m_pct,Standard Portfolio Surveillance,0.9525
LN0023628,2025-08,0.0326,0.048,0.0261,0.03,Current,0,None,0.2277,credit_score_ordinal,interest_rate_imputed,balance_change_1m_pct,Standard Portfolio Surveillance,0.9479
LN0023631,2025-06,0.02,0.0377,0.011,0.0235,Current,0,None,0.2859,credit_score_ordinal,balance_change_1m_pct,interest_rate_imputed,Standard Portfolio Surveillance,0.9781
LN0023632,2023-04,0.0942,0.1674,0.0847,0.0495,Current,0,None,0.261,credit_score_ordinal,interest_rate_imputed,balance_change_1m_pct,Standard Portfolio Surveillance,0.8305
LN0023637,2023-04,0.0099,0.0179,0.0237,0.0495,Current,0,None,0.3679,balance_change_1m_pct,credit_score_ordinal,interest_rate_imputed,Standard Portfolio Surveillance,0.9525
LN0023638,2025-05,0.02,0.0377,0.011,0.0101,Current,0,None,0.3365,credit_score_ordinal,interest_rate_imputed,balance_change_1m_pct,Standard Portfolio Surveillance,0.9781
LN0023658,2023-12,0.014,0.026,0.0342,0.0412,Current,0,None,0.191,credit_score_ordinal,interest_rate_imputed,balance_change_1m_pct,Standard Portfolio Surveillance,0.9315
LN0023723,2024-09,0.02,0.0377,0.011,0.0235,30-59 DPD,0,None,0.3019,credit_score_ordinal,interest_rate_imputed,balance_change_1m_pct,Standard Portfolio Surveillance,0.9781
LN0023746,2023-10,0.014,0.026,0.0342,0.0495,Current,0,None,0.1386,interest_rate_imputed,balance_change_1m_pct,credit_score_ordinal,Standard Portfolio Surveillance,0.9315
LN0023779,2024-09,0.0175,0.0348,0.0234,0.0235,Current,0,None,0.2044,credit_score_ordinal,balance_change_1m_pct,interest_rate_imputed,Standard Portfolio Surveillance,0.9531
LN0023780,2024-04,0.0326,0.048,0.0535,0.0412,Current,0,None,0.2436,balance_change_1m_pct,credit_score_ordinal,interest_rate_imputed,Standard Portfolio Surveillance,0.893
LN0023782,2024-06,0.0345,0.048,0.0261,0.03,Current,0,None,0.095,interest_rate_imputed,balance_change_1m_pct,balance_to_orig_ratio,Standard Portfolio Surveillance,0.9479
LN0023802,2024-08,0.0223,0.048,0.0535,0.0412,Current,0,None,0.3593,balance_change_1m_pct,interest_rate_imputed,balance_to_orig_ratio,Standard Portfolio Surveillance,0.893
LN0023805,2023-02,0.0403,0.0771,0.0614,0.0495,Current,0,None,0.1999,balance_change_1m_pct,interest_rate_imputed,balance_to_orig_ratio,Standard Portfolio Surveillance,0.8771
LN0023835,2023-12,0.0223,0.0571,0.0535,0.019,Current,0,None,0.3928,credit_score_ordinal,interest_rate_imputed,balance_change_1m_pct,Standard Portfolio Surveillance,0.893
LN0023849,2025-03,0.0099,0.0179,0.0153,0.03,Current,0,None,0.5201,balance_change_1m_pct,credit_score_ordinal,interest_rate_imputed,Standard Portfolio Surveillance,0.9694
LN0023850,2025-11,0.0223,0.0156,0.0143,0.0101,Current,0,None,0.2407,credit_score_ordinal,interest_rate_imputed,balance_to_orig_ratio,Standard Portfolio Surveillance,0.9713
LN0023854,2024-07,0.0099,0.0179,0.0237,0.0099,Current,0,None,0.4396,balance_change_1m_pct,credit_score_ordinal,interest_rate_imputed,Standard Portfolio Surveillance,0.9525
LN0023871,2024-08,0.0561,0.0644,0.0847,0.0412,Current,0,None,0.3215,interest_rate_imputed,balance_change_1m_pct,credit_score_ordinal,Standard Portfolio Surveillance,0.8305
LN0023873,2024-12,0.0038,0.0059,0.0081,0.0078,Prepaid,0,None,0.6667,balance_change_1m_pct,balance_to_orig_ratio,credit_score_ordinal,Audit & Data Quality Exception Review,0.9838
LN0023876,2023-09,0.02,0.0377,0.0342,0.0495,Current,0,None,0.219,balance_change_1m_pct,interest_rate_imputed,credit_score_ordinal,Standard Portfolio Surveillance,0.9315
LN0023905,2024-04,0.0118,0.0213,0.0237,0.0495,Current,0,None,0.2191,interest_rate_imputed,balance_change_1m_pct,balance_to_orig_ratio,Standard Portfolio Surveillance,0.9525
LN0023910,2023-07,0.0038,0.0059,0.0081,0.0078,Prepaid,0,None,0.584,balance_change_1m_pct,balance_to_orig_ratio,credit_score_ordinal,Standard Portfolio Surveillance,0.9838
LN0023914,2023-03,0.0099,0.0179,0.0237,0.0495,Current,0,None,0.2105,credit_score_ordinal,interest_rate_imputed,balance_change_1m_pct,Standard Portfolio Surveillance,0.9525
LN0023915,2024-06,0.0038,0.0059,0.0081,0.0078,Default,1,Missing Document,0.6955,days_past_due,dpd_roll_max_6m,interest_rate_imputed,Audit & Data Quality Exception Review,0.9838
LN0023916,2025-05,0.0345,0.048,0.0261,0.0235,Current,0,None,0.3258,interest_rate_imputed,balance_change_1m_pct,credit_score_ordinal,Standard Portfolio Surveillance,0.9479
LN0023919,2023-06,0.02,0.0377,0.0342,0.0412,Current,0,None,0.38,balance_change_1m_pct,credit_score_ordinal,interest_rate_imputed,Standard Portfolio Surveillance,0.9315
LN0023935,2023-01,0.0038,0.0059,0.0081,0.0078,Prepaid,0,None,0.6549,balance_change_1m_pct,balance_to_orig_ratio,credit_score_ordinal,Audit & Data Quality Exception Review,0.9838
LN0023956,2025-01,0.0099,0.0179,0.0237,0.0412,Current,0,None,0.1914,credit_score_ordinal,balance_to_orig_ratio,interest_rate_imputed,Standard Portfolio Surveillance,0.9525
LN0023957,2025-02,0.0223,0.048,0.0261,0.0235,Current,0,None,0.453,balance_change_1m_pct,interest_rate_imputed,credit_score_ordinal,Standard Portfolio Surveillance,0.9479
LN0023960,2024-08,0.0099,0.0179,0.0237,0.0412,Current,0,None,0.2151,credit_score_ordinal,interest_rate_imputed,balance_change_1m_pct,Standard Portfolio Surveillance,0.9525
LN0023989,2026-05,0.014,0.026,0.011,0.0101,Current,0,None,0.3406,credit_score_ordinal,interest_rate_imputed,balance_change_1m_pct,Standard Portfolio Surveillance,0.9781
LN0024001,2024-06,0.0175,0.0348,0.0234,0.0235,Prepaid,0,None,0.2343,interest_rate_imputed,balance_change_1m_pct,credit_score_ordinal,Standard Portfolio Surveillance,0.9531
LN0024019,2024-10,0.0038,0.0059,0.0081,0.0078,Default,1,Data Conflict,0.3435,interest_rate_imputed,balance_change_1m_pct,balance_to_orig_ratio,Audit & Data Quality Exception Review,0.9838
LN0024025,2024-06,0.014,0.026,0.0342,0.0495,Current,0,None,0.1521,interest_rate_imputed,balance_change_1m_pct,balance_to_orig_ratio,Standard Portfolio Surveillance,0.9315
LN0024037,2024-06,0.0038,0.0059,0.0081,0.0078,Prepaid,0,None,0.6588,balance_change_1m_pct,balance_to_orig_ratio,interest_rate_imputed,Audit & Data Quality Exception Review,0.9838
LN0024039,2025-02,0.02,0.0377,0.011,0.0147,Current,0,None,0.256,credit_score_ordinal,balance_change_1m_pct,interest_rate_imputed,Standard Portfolio Surveillance,0.9781
LN0024041,2023-09,0.0099,0.0179,0.0237,0.0412,Current,0,None,0.4125,balance_change_1m_pct,credit_score_ordinal,balance_to_orig_ratio,Standard Portfolio Surveillance,0.9525
LN0024051,2025-08,0.0326,0.0156,0.0143,0.0101,Current,0,None,0.477,balance_change_1m_pct,credit_score_ordinal,balance_to_orig_ratio,Standard Portfolio Surveillance,0.9713
LN0024066,2022-05,0.0038,0.0059,0.0081,0.0078,Prepaid,0,None,0.555,balance_change_1m_pct,balance_to_orig_ratio,credit_score_ordinal,Standard Portfolio Surveillance,0.9838
LN0024086,2024-04,0.014,0.026,0.0342,0.0412,Current,0,None,0.1758,credit_score_ordinal,interest_rate_imputed,balance_change_1m_pct,Standard Portfolio Surveillance,0.9315
LN0024109,2025-10,0.0099,0.0179,0.011,0.0235,Current,0,None,0.271,credit_score_ordinal,balance_change_1m_pct,interest_rate_imputed,Standard Portfolio Surveillance,0.9781
LN0024119,2024-08,0.014,0.026,0.0342,0.0495,Current,0,None,0.2788,balance_change_1m_pct,credit_score_ordinal,interest_rate_imputed,Standard Portfolio Surveillance,0.9315
LN0024120,2024-05,0.0321,0.0348,0.0374,0.0495,Current,0,None,0.2206,interest_rate_imputed,balance_change_1m_pct,credit_score_ordinal,Standard Portfolio Surveillance,0.9252
LN0024149,2024-08,0.0345,0.048,0.0261,0.0235,Current,0,None,0.4879,balance_change_1m_pct,credit_score_ordinal,interest_rate_imputed,Standard Portfolio Surveillance,0.9479
LN0024177,2023-12,0.0273,0.1674,0.0847,0.0495,Current,0,None,0.2979,balance_change_1m_pct,credit_score_ordinal,interest_rate_imputed,Standard Portfolio Surveillance,0.8305
LN0024194,2023-03,0.0038,0.0059,0.0081,0.0078,Prepaid,0,None,0.4889,balance_change_1m_pct,balance_to_orig_ratio,credit_score_ordinal,Standard Portfolio Surveillance,0.9838
LN0024201,2025-10,0.0038,0.0059,0.0081,0.0078,Prepaid,0,None,0.6868,balance_change_1m_pct,balance_to_orig_ratio,interest_rate_imputed,Audit & Data Quality Exception Review,0.9838
LN0024223,2025-01,0.0183,0.0309,0.0106,0.0101,Current,0,None,0.399,balance_change_1m_pct,interest_rate_imputed,balance_to_orig_ratio,Standard Portfolio Surveillance,0.9788
LN0024233,2023-01,0.0038,0.0059,0.0081,0.0078,Prepaid,0,None,0.7014,balance_change_1m_pct,balance_to_orig_ratio,interest_rate_imputed,Audit & Data Quality Exception Review,0.9838
LN0024239,2024-12,0.02,0.0377,0.011,0.0147,Current,0,None,0.3492,balance_change_1m_pct,credit_score_ordinal,interest_rate_imputed,Standard Portfolio Surveillance,0.9781
LN0024260,2025-10,0.014,0.026,0.0245,0.0235,Current,0,None,0.3913,balance_change_1m_pct,credit_score_ordinal,balance_to_orig_ratio,Standard Portfolio Surveillance,0.9509
LN0024262,2023-10,0.0038,0.0059,0.0081,0.0078,Default,1,Data Conflict,0.3737,credit_score_ordinal,interest_rate_imputed,balance_change_1m_pct,Audit & Data Quality Exception Review,0.9838
LN0024264,2023-05,0.014,0.026,0.0342,0.0495,Current,0,None,0.1349,credit_score_ordinal,balance_change_1m_pct,interest_rate_imputed,Standard Portfolio Surveillance,0.9315
LN0024268,2023-07,0.0561,0.1023,0.0847,0.0495,30-59 DPD,0,None,0.2613,interest_rate_imputed,credit_score_ordinal,balance_change_1m_pct,Standard Portfolio Surveillance,0.8305
LN0024269,2024-06,0.0321,0.0648,0.0374,0.0495,Current,0,None,0.1922,interest_rate_imputed,credit_score_ordinal,balance_change_1m_pct,Standard Portfolio Surveillance,0.9252
LN0024276,2025-05,0.0345,0.0156,0.0143,0.0101,Current,0,None,0.2105,credit_score_ordinal,balance_change_1m_pct,interest_rate_imputed,Standard Portfolio Surveillance,0.9713
LN0024278,2025-02,0.0038,0.0059,0.0081,0.0078,Default,1,Data Conflict,0.631,balance_change_1m_pct,credit_score_ordinal,interest_rate_imputed,Audit & Data Quality Exception Review,0.9838
LN0024285,2024-04,0.0273,0.0644,0.0261,0.03,Current,0,None,0.2702,credit_score_ordinal,interest_rate_imputed,balance_change_1m_pct,Standard Portfolio Surveillance,0.9479
LN0024288,2024-01,0.02,0.0377,0.0342,0.0412,Current,0,None,0.1149,credit_score_ordinal,interest_rate_imputed,balance_change_1m_pct,Standard Portfolio Surveillance,0.9315
LN0024295,2024-05,0.0038,0.0059,0.0081,0.0078,Default,1,Data Conflict,0.6589,days_past_due,dpd_roll_max_6m,balance_change_1m_pct,Audit & Data Quality Exception Review,0.9838
LN0024303,2024-01,0.0687,0.0644,0.0847,0.0412,30-59 DPD,0,None,0.3346,credit_score_ordinal,interest_rate_imputed,balance_change_1m_pct,Standard Portfolio Surveillance,0.8305
LN0024324,2022-07,0.0038,0.0059,0.0081,0.0078,Default,1,Data Conflict,0.2504,interest_rate_imputed,balance_change_1m_pct,credit_score_ordinal,Audit & Data Quality Exception Review,0.9838
LN0024327,2023-05,0.0038,0.0059,0.0081,0.0078,Default,1,Data Conflict,0.6227,days_past_due,dpd_roll_max_6m,credit_score_ordinal,Audit & Data Quality Exception Review,0.9838
LN0024339,2025-03,0.0038,0.0059,0.0081,0.0078,Prepaid,0,None,0.7161,balance_change_1m_pct,balance_to_orig_ratio,credit_score_ordinal,Audit & Data Quality Exception Review,0.9838
LN0024342,2024-03,0.0942,0.1674,0.0847,0.0495,Current,0,None,0.1578,credit_score_ordinal,balance_change_1m_pct,interest_rate_imputed,Standard Portfolio Surveillance,0.8305
LN0024347,2023-04,0.0038,0.0059,0.0081,0.0078,Prepaid,0,None,0.6568,balance_change_1m_pct,balance_to_orig_ratio,credit_score_ordinal,Audit & Data Quality Exception Review,0.9838
LN0024352,2023-10,0.0038,0.0059,0.0081,0.0078,Default,0,None,0.7212,days_past_due,dpd_roll_max_6m,balance_change_1m_pct,Audit & Data Quality Exception Review,0.9838
LN0024379,2024-04,0.014,0.026,0.0342,0.0495,Current,0,None,0.1565,interest_rate_imputed,balance_change_1m_pct,balance_to_orig_ratio,Standard Portfolio Surveillance,0.9315
LN0024387,2023-06,0.0099,0.0179,0.0237,0.0495,Current,0,None,0.3554,balance_change_1m_pct,interest_rate_imputed,balance_to_orig_ratio,Standard Portfolio Surveillance,0.9525
LN0024389,2025-03,0.02,0.0377,0.0153,0.0235,Current,0,None,0.3435,credit_score_ordinal,interest_rate_imputed,balance_change_1m_pct,Standard Portfolio Surveillance,0.9694
LN0024404,2024-02,0.0038,0.0059,0.0081,0.0078,Default,0,None,0.643,days_past_due,dpd_roll_max_6m,credit_score_ordinal,Standard Portfolio Surveillance,0.9838
LN0024405,2024-04,0.0038,0.0059,0.0081,0.0078,Prepaid,0,None,0.6963,balance_change_1m_pct,balance_to_orig_ratio,interest_rate_imputed,Audit & Data Quality Exception Review,0.9838
LN0024430,2022-10,0.0038,0.0059,0.0081,0.0078,Default,1,Data Conflict,0.6242,days_past_due,dpd_roll_max_6m,balance_change_1m_pct,Audit & Data Quality Exception Review,0.9838
LN0024445,2025-09,0.02,0.0377,0.0153,0.0235,Current,0,None,0.1881,credit_score_ordinal,interest_rate_imputed,balance_change_1m_pct,Standard Portfolio Surveillance,0.9694
LN0024450,2024-12,0.0118,0.0213,0.0153,0.0235,Current,0,None,0.2003,interest_rate_imputed,balance_change_1m_pct,balance_to_orig_ratio,Standard Portfolio Surveillance,0.9694
LN0024460,2024-10,0.02,0.0377,0.0153,0.03,Current,0,None,0.2073,interest_rate_imputed,balance_change_1m_pct,credit_score_ordinal,Standard Portfolio Surveillance,0.9694
LN0024461,2023-12,0.0561,0.1023,0.0847,0.0495,Current,0,None,0.2536,interest_rate_imputed,balance_change_1m_pct,balance_to_orig_ratio,Standard Portfolio Surveillance,0.8305
LN0024492,2023-05,0.0485,0.0887,0.0535,0.0355,Current,0,None,0.5674,days_past_due,dpd_roll_max_6m,credit_score_ordinal,Standard Portfolio Surveillance,0.893
LN0024497,2025-10,0.0118,0.0213,0.011,0.0101,Current,0,None,0.4533,balance_change_1m_pct,interest_rate_imputed,credit_score_ordinal,Standard Portfolio Surveillance,0.9781
LN0024564,2024-08,0.0942,0.0644,0.0847,0.0412,Current,0,None,0.1628,balance_change_1m_pct,balance_to_orig_ratio,interest_rate_imputed,Standard Portfolio Surveillance,0.8305
LN0024566,2025-02,0.02,0.0377,0.0342,0.0412,Current,0,None,0.1187,interest_rate_imputed,balance_change_1m_pct,credit_score_ordinal,Standard Portfolio Surveillance,0.9315
LN0024567,2025-05,0.6989,0.6621,0.0081,0.0078,90+ DPD,0,None,0.8104,days_past_due,dpd_roll_max_6m,balance_change_1m_pct,Audit & Data Quality Exception Review,0.9838
LN0024574,2024-12,0.0118,0.0213,0.0237,0.0412,Current,0,None,0.2264,credit_score_ordinal,interest_rate_imputed,balance_change_1m_pct,Standard Portfolio Surveillance,0.9525
LN0024615,2024-04,0.014,0.026,0.0153,0.03,Current,0,None,0.2567,credit_score_ordinal,interest_rate_imputed,balance_change_1m_pct,Standard Portfolio Surveillance,0.9694
LN0024655,2025-10,0.0273,0.0644,0.0143,0.0101,Current,0,None,0.4434,credit_score_ordinal,interest_rate_imputed,balance_change_1m_pct,Standard Portfolio Surveillance,0.9713
LN0024663,2024-08,0.0326,0.048,0.0535,0.0412,Current,0,None,0.1724,interest_rate_imputed,balance_change_1m_pct,balance_to_orig_ratio,Standard Portfolio Surveillance,0.893
LN0024700,2025-02,0.0403,0.0771,0.0614,0.0412,Current,0,None,0.1391,interest_rate_imputed,balance_change_1m_pct,balance_to_orig_ratio,Standard Portfolio Surveillance,0.8771
LN0024710,2024-07,0.0038,0.0059,0.0081,0.0078,Default,1,Data Conflict,0.4342,balance_change_1m_pct,interest_rate_imputed,credit_score_ordinal,Audit & Data Quality Exception Review,0.9838
LN0024746,2025-09,0.014,0.026,0.011,0.0101,Current,0,None,0.2277,interest_rate_imputed,balance_to_orig_ratio,balance_change_1m_pct,Standard Portfolio Surveillance,0.9781
LN0024764,2025-07,0.0038,0.0059,0.0081,0.0078,Prepaid,0,None,0.6135,balance_change_1m_pct,balance_to_orig_ratio,credit_score_ordinal,Standard Portfolio Surveillance,0.9838
LN0024787,2025-05,0.0038,0.0059,0.0081,0.0078,Default,0,None,0.6309,days_past_due,dpd_roll_max_6m,interest_rate_imputed,Standard Portfolio Surveillance,0.9838
LN0024789,2025-08,0.02,0.0377,0.011,0.0235,Current,0,None,0.3143,credit_score_ordinal,interest_rate_imputed,balance_to_orig_ratio,Standard Portfolio Surveillance,0.9781
LN0024792,2023-04,0.0099,0.0179,0.0237,0.0495,Current,0,None,0.1735,credit_score_ordinal,interest_rate_imputed,balance_to_orig_ratio,Standard Portfolio Surveillance,0.9525
LN0024796,2025-03,0.0038,0.0059,0.0081,0.0078,Prepaid,0,None,0.6092,balance_change_1m_pct,balance_to_orig_ratio,credit_score_ordinal,Standard Portfolio Surveillance,0.9838
LN0024797,2024-12,0.0099,0.0179,0.0237,0.0412,Current,0,None,0.1881,interest_rate_imputed,balance_change_1m_pct,balance_to_orig_ratio,Standard Portfolio Surveillance,0.9525
LN0024819,2024-01,0.0099,0.0179,0.0237,0.0412,Current,0,None,0.3389,interest_rate_imputed,credit_score_ordinal,balance_change_1m_pct,Standard Portfolio Surveillance,0.9525
LN0024831,2025-09,0.0326,0.0156,0.0143,0.0101,Current,0,None,0.3272,credit_score_ordinal,balance_change_1m_pct,interest_rate_imputed,Standard Portfolio Surveillance,0.9713
LN0024848,2026-06,0.0183,0.0309,0.0106,0.0101,Current,0,None,0.2816,interest_rate_imputed,balance_change_1m_pct,balance_to_orig_ratio,Standard Portfolio Surveillance,0.9788
LN0024884,2024-01,0.014,0.026,0.0342,0.0412,Prepaid,0,None,0.232,credit_score_ordinal,interest_rate_imputed,balance_change_1m_pct,Standard Portfolio Surveillance,0.9315
LN0024894,2023-04,0.0942,0.1674,0.0847,0.0495,Current,0,None,0.2539,credit_score_ordinal,balance_change_1m_pct,interest_rate_imputed,Standard Portfolio Surveillance,0.8305
LN0024900,2025-06,0.0099,0.0179,0.011,0.0101,Current,0,None,0.4429,interest_rate_imputed,balance_change_1m_pct,credit_score_ordinal,Standard Portfolio Surveillance,0.9781
LN0024907,2023-08,0.02,0.0377,0.0342,0.0412,Current,0,None,0.2179,credit_score_ordinal,interest_rate_imputed,balance_change_1m_pct,Standard Portfolio Surveillance,0.9315
LN0024912,2025-05,0.0099,0.0179,0.0245,0.0235,Current,0,None,0.2735,credit_score_ordinal,interest_rate_imputed,balance_to_orig_ratio,Standard Portfolio Surveillance,0.9509
LN0024940,2024-05,0.0223,0.048,0.0261,0.03,Current,0,None,0.3258,interest_rate_imputed,credit_score_ordinal,balance_change_1m_pct,Standard Portfolio Surveillance,0.9479
LN0024948,2024-09,0.014,0.026,0.0342,0.0412,Current,0,None,0.1007,credit_score_ordinal,interest_rate_imputed,balance_change_1m_pct,Standard Portfolio Surveillance,0.9315
LN0024954,2024-04,0.0942,0.1674,0.0847,0.0495,Current,0,None,0.228,credit_score_ordinal,interest_rate_imputed,balance_change_1m_pct,Standard Portfolio Surveillance,0.8305
LN0024967,2023-11,0.0118,0.0213,0.0237,0.0412,Current,0,None,0.4172,balance_change_1m_pct,interest_rate_imputed,balance_to_orig_ratio,Standard Portfolio Surveillance,0.9525
LN0024979,2024-10,0.0223,0.048,0.0261,0.03,Current,0,None,0.6101,dpd_roll_max_6m,balance_change_1m_pct,credit_score_ordinal,Standard Portfolio Surveillance,0.9479
LN0024984,2025-08,0.0223,0.048,0.0261,0.03,Current,0,None,0.2778,credit_score_ordinal,interest_rate_imputed,balance_change_1m_pct,Standard Portfolio Surveillance,0.9479
LN0024993,2024-02,0.0561,0.0644,0.0847,0.0412,Current,0,None,0.228,interest_rate_imputed,balance_change_1m_pct,balance_to_orig_ratio,Standard Portfolio Surveillance,0.8305
LN0025002,2025-06,0.014,0.026,0.0245,0.0235,Current,0,None,0.1416,interest_rate_imputed,balance_to_orig_ratio,balance_change_1m_pct,Standard Portfolio Surveillance,0.9509
LN0025015,2024-01,0.0038,0.0059,0.0081,0.0078,Default,1,Data Conflict,0.5557,days_past_due,dpd_roll_max_6m,credit_score_ordinal,Audit & Data Quality Exception Review,0.9838
LN0025026,2023-06,0.014,0.026,0.0342,0.0495,Current,0,None,0.1863,credit_score_ordinal,interest_rate_imputed,balance_change_1m_pct,Standard Portfolio Surveillance,0.9315
LN0025030,2024-04,0.0099,0.0179,0.0237,0.0412,Current,0,None,0.1214,interest_rate_imputed,credit_score_ordinal,balance_change_1m_pct,Standard Portfolio Surveillance,0.9525
LN0025032,2024-08,0.014,0.026,0.011,0.0235,Current,0,None,0.3559,balance_change_1m_pct,balance_to_orig_ratio,days_past_due,Standard Portfolio Surveillance,0.9781
LN0025061,2022-04,0.0038,0.0059,0.0081,0.0078,Default,1,Data Conflict,0.3802,balance_change_1m_pct,credit_score_ordinal,interest_rate_imputed,Audit & Data Quality Exception Review,0.9838
LN0025062,2023-03,0.0038,0.0059,0.0081,0.0078,Prepaid,0,None,0.6118,balance_change_1m_pct,balance_to_orig_ratio,interest_rate_imputed,Standard Portfolio Surveillance,0.9838
LN0025069,2023-09,0.0099,0.0179,0.0237,0.0412,Current,0,None,0.3045,interest_rate_imputed,balance_change_1m_pct,balance_to_orig_ratio,Standard Portfolio Surveillance,0.9525
LN0025082,2023-05,0.0942,0.1674,0.0847,0.0495,30-59 DPD,0,None,0.1297,interest_rate_imputed,balance_change_1m_pct,balance_to_orig_ratio,Standard Portfolio Surveillance,0.8305
LN0025097,2024-08,0.014,0.026,0.0153,0.0235,Current,0,None,0.2524,credit_score_ordinal,interest_rate_imputed,balance_change_1m_pct,Standard Portfolio Surveillance,0.9694
LN0025104,2024-05,0.0403,0.0771,0.0614,0.0412,Current,0,None,0.1326,interest_rate_imputed,balance_change_1m_pct,balance_to_orig_ratio,Standard Portfolio Surveillance,0.8771
LN0025121,2023-04,0.0223,0.0571,0.0535,0.0495,30-59 DPD,0,None,0.2229,credit_score_ordinal,interest_rate_imputed,balance_change_1m_pct,Standard Portfolio Surveillance,0.893
LN0025136,2025-09,0.0099,0.0179,0.011,0.0147,Current,0,None,0.3826,balance_change_1m_pct,interest_rate_imputed,balance_to_orig_ratio,Standard Portfolio Surveillance,0.9781
LN0025213,2024-10,0.0038,0.0059,0.0081,0.0078,Default,1,Data Conflict,0.486,balance_change_1m_pct,interest_rate_imputed,credit_score_ordinal,Audit & Data Quality Exception Review,0.9838
LN0025238,2023-03,0.6989,0.6621,0.0081,0.0078,90+ DPD,0,None,0.7579,days_past_due,dpd_roll_max_6m,credit_score_ordinal,Audit & Data Quality Exception Review,0.9838
LN0025257,2026-03,0.0118,0.0213,0.011,0.0101,Current,0,None,0.3221,credit_score_ordinal,balance_change_1m_pct,interest_rate_imputed,Standard Portfolio Surveillance,0.9781
LN0025261,2025-04,0.0687,0.0644,0.0143,0.0147,30-59 DPD,0,None,0.4282,balance_change_1m_pct,interest_rate_imputed,balance_to_orig_ratio,Standard Portfolio Surveillance,0.9713
LN0025281,2023-09,0.0321,0.0348,0.0374,0.0495,Current,0,None,0.3782,balance_change_1m_pct,credit_score_ordinal,interest_rate_imputed,Standard Portfolio Surveillance,0.9252
LN0025293,2025-01,0.02,0.0377,0.0342,0.0412,Current,0,None,0.1558,balance_to_orig_ratio,balance_change_1m_pct,interest_rate_imputed,Standard Portfolio Surveillance,0.9315
LN0025295,2022-12,0.0038,0.0059,0.0081,0.0078,Prepaid,0,None,0.6242,balance_change_1m_pct,balance_to_orig_ratio,credit_score_ordinal,Standard Portfolio Surveillance,0.9838
LN0025303,2024-07,0.0038,0.0059,0.0081,0.0078,Default,1,Data Conflict,0.5231,credit_score_ordinal,balance_change_1m_pct,interest_rate_imputed,Audit & Data Quality Exception Review,0.9838
LN0025309,2025-12,0.0223,0.0156,0.0143,0.0101,Current,0,None,0.4816,balance_change_1m_pct,credit_score_ordinal,interest_rate_imputed,Standard Portfolio Surveillance,0.9713
LN0025310,2026-03,0.0099,0.0179,0.011,0.0101,Current,0,None,0.3931,interest_rate_imputed,balance_to_orig_ratio,balance_change_1m_pct,Standard Portfolio Surveillance,0.9781
LN0025345,2023-04,0.0038,0.0059,0.0081,0.0078,Default,1,Data Conflict,0.3918,interest_rate_imputed,balance_change_1m_pct,credit_score_ordinal,Audit & Data Quality Exception Review,0.9838
LN0025348,2024-03,0.014,0.026,0.0342,0.0412,Current,0,None,0.2042,balance_change_1m_pct,balance_to_orig_ratio,interest_rate_imputed,Standard Portfolio Surveillance,0.9315
LN0025361,2024-01,0.0942,0.0644,0.0847,0.0412,Current,0,None,0.2049,interest_rate_imputed,balance_change_1m_pct,balance_to_orig_ratio,Standard Portfolio Surveillance,0.8305
LN0025366,2023-03,0.0038,0.0059,0.0081,0.0078,Default,1,Data Conflict,0.2969,balance_change_1m_pct,interest_rate_imputed,balance_to_orig_ratio,Audit & Data Quality Exception Review,0.9838
LN0025373,2024-01,0.0561,0.1023,0.0847,0.0495,30-59 DPD,0,None,0.2017,credit_score_ordinal,balance_change_1m_pct,interest_rate_imputed,Standard Portfolio Surveillance,0.8305
LN0025384,2025-12,0.0183,0.0309,0.0106,0.0147,Current,0,None,0.216,interest_rate_imputed,balance_change_1m_pct,balance_to_orig_ratio,Standard Portfolio Surveillance,0.9788
LN0025390,2023-06,0.0038,0.0059,0.0081,0.0078,Default,1,Data Conflict,0.2463,credit_score_ordinal,interest_rate_imputed,balance_change_1m_pct,Audit & Data Quality Exception Review,0.9838
LN0025410,2026-01,0.0326,0.0156,0.0143,0.0101,Current,0,None,0.4668,interest_rate_imputed,credit_score_ordinal,balance_change_1m_pct,Standard Portfolio Surveillance,0.9713
LN0025425,2024-02,0.0099,0.0179,0.0237,0.0495,Current,0,None,0.3277,balance_change_1m_pct,interest_rate_imputed,credit_score_ordinal,Standard Portfolio Surveillance,0.9525
LN0025452,2025-06,0.014,0.026,0.011,0.0235,Current,0,None,0.3764,balance_change_1m_pct,credit_score_ordinal,interest_rate_imputed,Standard Portfolio Surveillance,0.9781
LN0025471,2022-12,0.02,0.0377,0.0237,0.0495,Current,0,None,0.1911,interest_rate_imputed,balance_change_1m_pct,balance_to_orig_ratio,Standard Portfolio Surveillance,0.9525
LN0025477,2023-08,0.0038,0.0059,0.0081,0.0078,Prepaid,0,None,0.52,balance_change_1m_pct,balance_to_orig_ratio,credit_score_ordinal,Standard Portfolio Surveillance,0.9838
LN0025480,2024-04,0.0326,0.0887,0.0535,0.0495,30-59 DPD,0,None,0.1085,credit_score_ordinal,interest_rate_imputed,balance_change_1m_pct,Standard Portfolio Surveillance,0.893
LN0025485,2023-11,0.014,0.026,0.0342,0.0495,Current,0,None,0.1974,credit_score_ordinal,balance_change_1m_pct,interest_rate_imputed,Standard Portfolio Surveillance,0.9315
LN0025493,2024-04,0.6989,0.6621,0.0081,0.0078,90+ DPD,0,None,0.8555,days_past_due,dpd_roll_max_6m,interest_rate_imputed,Audit & Data Quality Exception Review,0.9838
LN0025538,2024-11,0.0223,0.048,0.0535,0.0412,Current,0,None,0.3061,balance_change_1m_pct,credit_score_ordinal,interest_rate_imputed,Standard Portfolio Surveillance,0.893
LN0025553,2025-02,0.0403,0.0771,0.0614,0.0412,Current,0,None,0.1904,credit_score_ordinal,interest_rate_imputed,balance_change_1m_pct,Standard Portfolio Surveillance,0.8771
LN0025557,2025-03,0.0326,0.048,0.0261,0.03,Current,0,None,0.3884,interest_rate_imputed,balance_change_1m_pct,credit_score_ordinal,Standard Portfolio Surveillance,0.9479
LN0025559,2023-04,0.0038,0.0059,0.0081,0.0078,Prepaid,0,None,0.6482,balance_change_1m_pct,balance_to_orig_ratio,credit_score_ordinal,Standard Portfolio Surveillance,0.9838
LN0025566,2025-03,0.0183,0.0309,0.0106,0.0101,Current,0,None,0.5035,balance_change_1m_pct,interest_rate_imputed,credit_score_ordinal,Standard Portfolio Surveillance,0.9788
LN0025607,2024-04,0.0561,0.1023,0.0847,0.0495,30-59 DPD,0,None,0.2706,balance_change_1m_pct,credit_score_ordinal,interest_rate_imputed,Standard Portfolio Surveillance,0.8305
LN0025636,2024-06,0.02,0.0377,0.0153,0.0122,Current,0,None,0.3554,credit_score_ordinal,interest_rate_imputed,balance_change_1m_pct,Standard Portfolio Surveillance,0.9694
LN0025640,2024-01,0.0099,0.0179,0.0237,0.019,Current,0,None,0.254,credit_score_ordinal,interest_rate_imputed,balance_change_1m_pct,Standard Portfolio Surveillance,0.9525
LN0025654,2022-12,0.0485,0.0887,0.0535,0.0495,Current,0,None,0.2562,credit_score_ordinal,interest_rate_imputed,balance_change_1m_pct,Standard Portfolio Surveillance,0.893
LN0025704,2023-08,0.0118,0.0213,0.0237,0.0412,Current,0,None,0.2646,credit_score_ordinal,balance_change_1m_pct,interest_rate_imputed,Standard Portfolio Surveillance,0.9525
LN0025705,2024-10,0.02,0.0377,0.011,0.0235,Current,0,None,0.3317,credit_score_ordinal,balance_change_1m_pct,interest_rate_imputed,Standard Portfolio Surveillance,0.9781
LN0025720,2023-12,0.0345,0.048,0.0535,0.0412,30-59 DPD,0,None,0.2577,credit_score_ordinal,interest_rate_imputed,balance_change_1m_pct,Standard Portfolio Surveillance,0.893
LN0025742,2024-05,0.0099,0.0179,0.0237,0.0412,Current,0,None,0.7541,days_past_due,dpd_roll_max_6m,interest_rate_imputed,Audit & Data Quality Exception Review,0.9525
LN0025746,2025-08,0.0118,0.0213,0.0245,0.0235,Current,0,None,0.1947,credit_score_ordinal,interest_rate_imputed,balance_change_1m_pct,Standard Portfolio Surveillance,0.9509
LN0025756,2025-01,0.0175,0.0648,0.0234,0.0235,Current,0,None,0.1818,credit_score_ordinal,balance_change_1m_pct,balance_to_orig_ratio,Standard Portfolio Surveillance,0.9531
LN0025763,2025-02,0.0118,0.0213,0.011,0.0101,Current,0,None,0.3237,credit_score_ordinal,balance_change_1m_pct,interest_rate_imputed,Standard Portfolio Surveillance,0.9781
LN0025776,2023-08,0.0223,0.0571,0.0535,0.0495,Current,0,None,0.1439,balance_change_1m_pct,interest_rate_imputed,balance_to_orig_ratio,Standard Portfolio Surveillance,0.893
LN0025788,2022-12,0.0038,0.0059,0.0081,0.0078,Prepaid,0,None,0.6168,balance_change_1m_pct,balance_to_orig_ratio,credit_score_ordinal,Standard Portfolio Surveillance,0.9838
LN0025797,2024-11,0.0345,0.048,0.0535,0.0412,Current,0,None,0.1586,credit_score_ordinal,balance_change_1m_pct,interest_rate_imputed,Standard Portfolio Surveillance,0.893
LN0025803,2025-02,0.0561,0.0644,0.0847,0.0412,30-59 DPD,0,None,0.1613,credit_score_ordinal,interest_rate_imputed,balance_change_1m_pct,Standard Portfolio Surveillance,0.8305
LN0025813,2025-05,0.0321,0.0648,0.0234,0.0235,Current,0,None,0.321,interest_rate_imputed,balance_change_1m_pct,balance_to_orig_ratio,Standard Portfolio Surveillance,0.9531
LN0025817,2024-08,0.0175,0.0648,0.0374,0.03,Current,0,None,0.1802,interest_rate_imputed,balance_to_orig_ratio,balance_change_1m_pct,Standard Portfolio Surveillance,0.9252
LN0025825,2023-09,0.014,0.026,0.0342,0.0412,Current,0,None,0.1869,credit_score_ordinal,interest_rate_imputed,balance_change_1m_pct,Standard Portfolio Surveillance,0.9315
LN0025858,2023-09,0.0038,0.0059,0.0081,0.0078,Prepaid,0,None,0.6103,balance_change_1m_pct,balance_to_orig_ratio,credit_score_ordinal,Standard Portfolio Surveillance,0.9838
LN0025863,2023-06,0.014,0.026,0.0342,0.0495,Current,0,None,0.2428,interest_rate_imputed,balance_change_1m_pct,credit_score_ordinal,Standard Portfolio Surveillance,0.9315
LN0025866,2023-10,0.0099,0.0179,0.0237,0.0495,Prepaid,0,None,0.337,balance_change_1m_pct,credit_score_ordinal,interest_rate_imputed,Standard Portfolio Surveillance,0.9525
LN0025876,2023-05,0.0403,0.0771,0.0614,0.0495,Current,0,None,0.1105,interest_rate_imputed,balance_change_1m_pct,balance_to_orig_ratio,Standard Portfolio Surveillance,0.8771
LN0025881,2025-03,0.0223,0.048,0.0261,0.03,Current,0,None,0.2652,credit_score_ordinal,balance_to_orig_ratio,interest_rate_imputed,Standard Portfolio Surveillance,0.9479
LN0025886,2025-01,0.014,0.026,0.0153,0.03,Current,0,None,0.2535,interest_rate_imputed,balance_change_1m_pct,balance_to_orig_ratio,Standard Portfolio Surveillance,0.9694
LN0025917,2024-07,0.014,0.026,0.0342,0.0412,Current,0,None,0.1954,interest_rate_imputed,balance_change_1m_pct,balance_to_orig_ratio,Standard Portfolio Surveillance,0.9315
LN0025922,2023-09,0.0038,0.0059,0.0081,0.0078,Prepaid,0,None,0.7421,balance_change_1m_pct,balance_to_orig_ratio,credit_score_ordinal,Audit & Data Quality Exception Review,0.9838
LN0025933,2024-09,0.0038,0.0059,0.0081,0.0078,Default,1,Data Conflict,0.5729,days_past_due,dpd_roll_max_6m,credit_score_ordinal,Audit & Data Quality Exception Review,0.9838
LN0025939,2024-03,0.0038,0.0059,0.0081,0.0078,Default,1,Data Conflict,0.4351,balance_to_orig_ratio,balance_change_1m_pct,interest_rate_imputed,Audit & Data Quality Exception Review,0.9838
LN0025943,2026-02,0.6989,0.6621,0.2064,0.0083,30-59 DPD,0,None,0.5467,days_past_due,dpd_roll_max_6m,credit_score_ordinal,Active Credit Workout & Pre-Foreclosure Outreach,0.6
LN0025952,2025-03,0.0326,0.0156,0.0143,0.0101,Current,0,None,0.3484,interest_rate_imputed,balance_change_1m_pct,credit_score_ordinal,Standard Portfolio Surveillance,0.9713
LN0025973,2022-10,0.0485,0.0887,0.0535,0.0495,Current,0,None,0.2732,interest_rate_imputed,balance_change_1m_pct,balance_to_orig_ratio,Standard Portfolio Surveillance,0.893
LN0026001,2024-05,0.0223,0.048,0.0535,0.0412,Current,0,None,0.4617,balance_change_1m_pct,credit_score_ordinal,balance_to_orig_ratio,Standard Portfolio Surveillance,0.893
LN0026005,2024-06,0.0118,0.0213,0.0237,0.0495,Current,0,None,0.2874,balance_change_1m_pct,balance_to_orig_ratio,days_past_due,Standard Portfolio Surveillance,0.9525
LN0026030,2022-11,0.0038,0.0059,0.0081,0.0078,Default,0,None,0.6587,days_past_due,dpd_roll_max_6m,credit_score_ordinal,Audit & Data Quality Exception Review,0.9838
LN0026053,2022-09,0.0038,0.0059,0.0081,0.0078,Default,1,Data Conflict,0.6636,days_past_due,dpd_roll_max_6m,balance_change_1m_pct,Audit & Data Quality Exception Review,0.9838
LN0026063,2024-12,0.0099,0.0179,0.011,0.0101,Current,0,None,0.4265,balance_change_1m_pct,credit_score_ordinal,balance_to_orig_ratio,Standard Portfolio Surveillance,0.9781
LN0026091,2023-06,0.0403,0.0771,0.0614,0.0495,Current,0,None,0.1684,credit_score_ordinal,interest_rate_imputed,balance_change_1m_pct,Standard Portfolio Surveillance,0.8771
LN0026111,2025-08,0.02,0.0377,0.011,0.0101,Current,0,None,0.2347,interest_rate_imputed,balance_change_1m_pct,balance_to_orig_ratio,Standard Portfolio Surveillance,0.9781
LN0026124,2024-07,0.02,0.0377,0.0342,0.0412,Current,0,None,0.1184,interest_rate_imputed,balance_change_1m_pct,balance_to_orig_ratio,Standard Portfolio Surveillance,0.9315
LN0026150,2024-11,0.0326,0.0156,0.0143,0.0147,Current,0,None,0.224,interest_rate_imputed,credit_score_ordinal,balance_change_1m_pct,Standard Portfolio Surveillance,0.9713
LN0026158,2024-02,0.0038,0.0059,0.0081,0.0078,Default,1,Data Conflict,0.3024,credit_score_ordinal,interest_rate_imputed,balance_change_1m_pct,Audit & Data Quality Exception Review,0.9838
LN0026170,2024-02,0.0118,0.0213,0.0237,0.0495,Current,0,None,0.1104,credit_score_ordinal,interest_rate_imputed,balance_change_1m_pct,Standard Portfolio Surveillance,0.9525
LN0026179,2024-03,0.0326,0.048,0.0535,0.0412,Current,0,None,0.6172,balance_change_1m_pct,balance_to_orig_ratio,days_past_due,Standard Portfolio Surveillance,0.893
LN0026186,2023-12,0.014,0.026,0.0342,0.0177,Current,0,None,0.2312,interest_rate_imputed,balance_change_1m_pct,credit_score_ordinal,Standard Portfolio Surveillance,0.9315
LN0026202,2025-02,0.0687,0.0644,0.0261,0.03,30-59 DPD,0,None,0.2785,credit_score_ordinal,interest_rate_imputed,balance_change_1m_pct,Standard Portfolio Surveillance,0.9479
LN0026226,2023-06,0.0099,0.0179,0.0237,0.0495,Current,0,None,0.1212,credit_score_ordinal,balance_change_1m_pct,interest_rate_imputed,Standard Portfolio Surveillance,0.9525
LN0026231,2024-12,0.02,0.0377,0.011,0.0235,Current,0,None,0.3007,interest_rate_imputed,credit_score_ordinal,balance_change_1m_pct,Standard Portfolio Surveillance,0.9781
LN0026237,2023-10,0.02,0.0377,0.0342,0.0495,Current,0,None,0.153,credit_score_ordinal,balance_change_1m_pct,interest_rate_imputed,Standard Portfolio Surveillance,0.9315
LN0026263,2023-04,0.0321,0.0348,0.0374,0.0495,30-59 DPD,0,None,0.4478,balance_change_1m_pct,credit_score_ordinal,interest_rate_imputed,Standard Portfolio Surveillance,0.9252
LN0026270,2024-09,0.02,0.0377,0.0153,0.0235,Current,0,None,0.2951,interest_rate_imputed,credit_score_ordinal,balance_change_1m_pct,Standard Portfolio Surveillance,0.9694
LN0026289,2024-02,0.0273,0.1023,0.0847,0.0495,Current,0,None,0.4323,balance_change_1m_pct,credit_score_ordinal,interest_rate_imputed,Standard Portfolio Surveillance,0.8305
LN0026296,2024-03,0.0942,0.0644,0.0847,0.0412,Current,0,None,0.0806,interest_rate_imputed,balance_change_1m_pct,balance_to_orig_ratio,Standard Portfolio Surveillance,0.8305
LN0026328,2025-01,0.014,0.026,0.0153,0.0235,Current,0,None,0.3107,credit_score_ordinal,interest_rate_imputed,balance_change_1m_pct,Standard Portfolio Surveillance,0.9694
LN0026343,2025-03,0.0099,0.0179,0.011,0.0147,Current,0,None,0.2833,balance_change_1m_pct,interest_rate_imputed,balance_to_orig_ratio,Standard Portfolio Surveillance,0.9781
LN0026363,2024-12,0.0038,0.0059,0.0081,0.0078,Default,1,Data Conflict,0.4843,interest_rate_imputed,credit_score_ordinal,balance_change_1m_pct,Audit & Data Quality Exception Review,0.9838
LN0026383,2024-05,0.0326,0.0887,0.0535,0.0495,30-59 DPD,0,None,0.1996,interest_rate_imputed,credit_score_ordinal,balance_change_1m_pct,Standard Portfolio Surveillance,0.893
LN0026408,2025-05,0.0099,0.0179,0.011,0.0147,Current,0,None,0.3652,credit_score_ordinal,interest_rate_imputed,balance_change_1m_pct,Standard Portfolio Surveillance,0.9781
LN0026444,2023-12,0.014,0.026,0.0342,0.0495,Current,0,None,0.1438,credit_score_ordinal,interest_rate_imputed,balance_change_1m_pct,Standard Portfolio Surveillance,0.9315
LN0026445,2023-09,0.0345,0.048,0.0535,0.0412,Current,0,None,0.4011,balance_change_1m_pct,credit_score_ordinal,interest_rate_imputed,Standard Portfolio Surveillance,0.893
LN0026448,2023-12,0.0038,0.0059,0.0081,0.0078,Default,1,Data Conflict,0.2773,credit_score_ordinal,balance_change_1m_pct,interest_rate_imputed,Audit & Data Quality Exception Review,0.9838
LN0026462,2023-08,0.0403,0.0771,0.0614,0.0355,Current,0,None,0.1982,dpd_roll_max_6m,credit_score_ordinal,interest_rate_imputed,Standard Portfolio Surveillance,0.8771
LN0026470,2023-10,0.0038,0.0059,0.0081,0.0078,Default,1,Data Conflict,0.2892,credit_score_ordinal,interest_rate_imputed,balance_change_1m_pct,Audit & Data Quality Exception Review,0.9838
LN0026476,2025-02,0.0345,0.048,0.0143,0.0235,Current,0,None,0.1648,interest_rate_imputed,balance_change_1m_pct,balance_to_orig_ratio,Standard Portfolio Surveillance,0.9713
LN0026478,2025-09,0.0326,0.0156,0.0143,0.0147,Current,0,None,0.4467,balance_change_1m_pct,interest_rate_imputed,credit_score_ordinal,Standard Portfolio Surveillance,0.9713
LN0026481,2023-12,0.6989,0.6621,0.2999,0.0188,90+ DPD,0,None,0.5502,days_past_due,dpd_roll_max_6m,interest_rate_imputed,Active Credit Workout & Pre-Foreclosure Outreach,0.6
LN0026498,2023-11,0.0273,0.0644,0.0847,0.0412,Current,0,None,0.45,balance_change_1m_pct,interest_rate_imputed,balance_to_orig_ratio,Standard Portfolio Surveillance,0.8305
LN0026499,2022-11,0.0038,0.0059,0.0081,0.0078,Default,1,Data Conflict,0.382,balance_change_1m_pct,credit_score_ordinal,interest_rate_imputed,Audit & Data Quality Exception Review,0.9838
LN0026508,2023-12,0.0345,0.0571,0.0535,0.0495,Current,0,None,0.0765,interest_rate_imputed,balance_change_1m_pct,balance_to_orig_ratio,Standard Portfolio Surveillance,0.893
LN0026511,2022-08,0.0038,0.0059,0.0081,0.0078,Prepaid,0,None,0.7003,balance_change_1m_pct,balance_to_orig_ratio,credit_score_ordinal,Audit & Data Quality Exception Review,0.9838
LN0026516,2025-10,0.0326,0.0156,0.0143,0.0101,Current,0,None,0.338,credit_score_ordinal,interest_rate_imputed,balance_to_orig_ratio,Standard Portfolio Surveillance,0.9713
LN0026519,2025-05,0.0223,0.0156,0.0143,0.0101,Current,0,None,0.2616,credit_score_ordinal,balance_change_1m_pct,interest_rate_imputed,Standard Portfolio Surveillance,0.9713
LN0026530,2024-04,0.014,0.026,0.0342,0.0495,Current,0,None,0.1074,interest_rate_imputed,credit_score_ordinal,balance_change_1m_pct,Standard Portfolio Surveillance,0.9315
LN0026570,2024-02,0.0345,0.048,0.0535,0.0412,30-59 DPD,0,None,0.0659,credit_score_ordinal,interest_rate_imputed,balance_change_1m_pct,Standard Portfolio Surveillance,0.893
LN0026617,2024-08,0.02,0.0377,0.0342,0.0412,Current,0,None,0.309,credit_score_ordinal,interest_rate_imputed,balance_change_1m_pct,Standard Portfolio Surveillance,0.9315
LN0026673,2024-03,0.0403,0.0771,0.0614,0.0495,Current,0,None,0.2169,interest_rate_imputed,balance_change_1m_pct,balance_to_orig_ratio,Standard Portfolio Surveillance,0.8771
LN0026682,2025-04,0.0099,0.0179,0.011,0.0101,Current,0,None,0.2633,credit_score_ordinal,interest_rate_imputed,balance_change_1m_pct,Standard Portfolio Surveillance,0.9781
LN0026688,2024-06,0.0687,0.1674,0.0847,0.0495,30-59 DPD,0,None,0.189,balance_change_1m_pct,credit_score_ordinal,balance_to_orig_ratio,Standard Portfolio Surveillance,0.8305
LN0026698,2023-05,0.0321,0.0348,0.0374,0.0495,Current,0,None,0.2189,credit_score_ordinal,interest_rate_imputed,balance_change_1m_pct,Standard Portfolio Surveillance,0.9252
LN0026725,2024-11,0.0223,0.048,0.0143,0.0235,Current,0,None,0.2475,interest_rate_imputed,balance_to_orig_ratio,balance_change_1m_pct,Standard Portfolio Surveillance,0.9713
LN0026736,2024-02,0.0223,0.048,0.0535,0.0412,Current,0,None,0.1909,interest_rate_imputed,balance_change_1m_pct,balance_to_orig_ratio,Standard Portfolio Surveillance,0.893
LN0026752,2025-04,0.0223,0.0156,0.0143,0.0101,Current,0,None,0.4114,balance_change_1m_pct,balance_to_orig_ratio,interest_rate_imputed,Standard Portfolio Surveillance,0.9713
LN0026763,2024-05,0.0403,0.0771,0.0614,0.0412,Current,0,None,0.199,credit_score_ordinal,interest_rate_imputed,balance_change_1m_pct,Standard Portfolio Surveillance,0.8771
LN0026771,2023-02,0.0561,0.1023,0.0847,0.0355,Current,0,None,0.4609,dpd_roll_max_6m,credit_score_ordinal,balance_change_1m_pct,Standard Portfolio Surveillance,0.8305
LN0026794,2024-06,0.0223,0.048,0.0535,0.0412,Current,0,None,0.1592,interest_rate_imputed,balance_change_1m_pct,balance_to_orig_ratio,Standard Portfolio Surveillance,0.893
LN0026802,2024-08,0.014,0.026,0.011,0.0147,Current,0,None,0.3866,credit_score_ordinal,balance_change_1m_pct,balance_to_orig_ratio,Standard Portfolio Surveillance,0.9781
LN0026821,2025-07,0.0183,0.0309,0.0106,0.0101,Current,0,None,0.4873,credit_score_ordinal,interest_rate_imputed,balance_change_1m_pct,Standard Portfolio Surveillance,0.9788
LN0026869,2024-11,0.02,0.0377,0.011,0.0235,Current,0,None,0.2714,interest_rate_imputed,balance_change_1m_pct,credit_score_ordinal,Standard Portfolio Surveillance,0.9781
LN0026872,2024-03,0.0403,0.0771,0.0614,0.0412,Current,0,None,0.1616,balance_to_orig_ratio,balance_change_1m_pct,interest_rate_imputed,Standard Portfolio Surveillance,0.8771
LN0026881,2026-01,0.014,0.026,0.011,0.0101,Current,0,None,0.3481,credit_score_ordinal,balance_change_1m_pct,interest_rate_imputed,Standard Portfolio Surveillance,0.9781
LN0026907,2024-02,0.0485,0.0887,0.0535,0.0495,Current,0,None,0.3286,credit_score_ordinal,interest_rate_imputed,balance_change_1m_pct,Standard Portfolio Surveillance,0.893
LN0026913,2024-07,0.0038,0.0059,0.0081,0.0078,Prepaid,0,None,0.7409,balance_change_1m_pct,balance_to_orig_ratio,credit_score_ordinal,Audit & Data Quality Exception Review,0.9838
LN0026931,2025-03,0.02,0.0377,0.0342,0.0412,Current,0,None,0.441,balance_change_1m_pct,balance_to_orig_ratio,interest_rate_imputed,Standard Portfolio Surveillance,0.9315
LN0026940,2024-12,0.0687,0.0644,0.0261,0.0235,Current,0,None,0.2085,interest_rate_imputed,credit_score_ordinal,balance_change_1m_pct,Standard Portfolio Surveillance,0.9479
LN0026942,2025-03,0.0183,0.0309,0.0106,0.0101,Current,0,None,0.3894,balance_change_1m_pct,balance_to_orig_ratio,interest_rate_imputed,Standard Portfolio Surveillance,0.9788
LN0026947,2024-01,0.0099,0.0179,0.0237,0.0495,Current,0,None,0.2402,interest_rate_imputed,balance_change_1m_pct,balance_to_orig_ratio,Standard Portfolio Surveillance,0.9525
LN0026964,2024-05,0.014,0.026,0.0342,0.0495,Current,0,None,0.155,credit_score_ordinal,interest_rate_imputed,balance_change_1m_pct,Standard Portfolio Surveillance,0.9315
LN0026977,2024-09,0.02,0.0377,0.0245,0.0235,Current,0,None,0.3422,credit_score_ordinal,interest_rate_imputed,balance_change_1m_pct,Standard Portfolio Surveillance,0.9509
LN0026986,2023-12,0.02,0.0377,0.0342,0.0495,Current,0,None,0.1591,interest_rate_imputed,balance_change_1m_pct,credit_score_ordinal,Standard Portfolio Surveillance,0.9315
LN0027008,2023-09,0.0038,0.0059,0.0081,0.0078,Prepaid,0,None,0.6508,balance_change_1m_pct,balance_to_orig_ratio,credit_score_ordinal,Audit & Data Quality Exception Review,0.9838
LN0027024,2024-08,0.0038,0.0059,0.0081,0.0078,Prepaid,0,None,0.6814,balance_change_1m_pct,balance_to_orig_ratio,interest_rate_imputed,Audit & Data Quality Exception Review,0.9838
LN0027044,2024-01,0.0561,0.1023,0.0847,0.0495,Current,0,None,0.0638,interest_rate_imputed,balance_change_1m_pct,balance_to_orig_ratio,Standard Portfolio Surveillance,0.8305
LN0027065,2024-03,0.0223,0.0571,0.0535,0.0495,Prepaid,0,None,0.2361,interest_rate_imputed,credit_score_ordinal,balance_change_1m_pct,Standard Portfolio Surveillance,0.893
LN0027073,2023-02,0.02,0.0377,0.0342,0.0495,Current,0,None,0.155,credit_score_ordinal,interest_rate_imputed,balance_change_1m_pct,Standard Portfolio Surveillance,0.9315
LN0027083,2024-01,0.0326,0.048,0.0535,0.0412,Current,0,None,0.1492,interest_rate_imputed,balance_change_1m_pct,balance_to_orig_ratio,Standard Portfolio Surveillance,0.893
LN0027098,2023-06,0.0485,0.0887,0.0535,0.0495,Current,0,None,0.1544,interest_rate_imputed,credit_score_ordinal,balance_change_1m_pct,Standard Portfolio Surveillance,0.893
LN0027112,2025-10,0.0223,0.0156,0.0143,0.0101,Current,0,None,0.2485,credit_score_ordinal,balance_change_1m_pct,balance_to_orig_ratio,Standard Portfolio Surveillance,0.9713
LN0027123,2024-01,0.0099,0.0179,0.0237,0.0355,Current,0,None,0.2335,dpd_roll_max_6m,credit_score_ordinal,balance_change_1m_pct,Standard Portfolio Surveillance,0.9525
LN0027142,2024-05,0.02,0.0377,0.0342,0.0495,30-59 DPD,0,None,0.3497,credit_score_ordinal,interest_rate_imputed,balance_change_1m_pct,Standard Portfolio Surveillance,0.9315
LN0027156,2025-03,0.0223,0.048,0.0261,0.0235,Current,0,None,0.1601,credit_score_ordinal,balance_change_1m_pct,balance_to_orig_ratio,Standard Portfolio Surveillance,0.9479
LN0027161,2022-12,0.0485,0.0887,0.0535,0.0495,Current,0,None,0.1937,credit_score_ordinal,interest_rate_imputed,balance_change_1m_pct,Standard Portfolio Surveillance,0.893
LN0027167,2024-12,0.014,0.026,0.0153,0.0235,Current,0,None,0.4383,balance_change_1m_pct,interest_rate_imputed,balance_to_orig_ratio,Standard Portfolio Surveillance,0.9694
LN0027186,2026-04,0.014,0.026,0.011,0.0101,Current,0,None,0.2443,credit_score_ordinal,balance_change_1m_pct,interest_rate_imputed,Standard Portfolio Surveillance,0.9781
LN0027223,2023-12,0.0223,0.0571,0.0535,0.0495,Current,0,None,0.339,balance_change_1m_pct,interest_rate_imputed,credit_score_ordinal,Standard Portfolio Surveillance,0.893
LN0027225,2023-10,0.0326,0.048,0.0535,0.0495,Current,0,None,0.3142,balance_change_1m_pct,credit_score_ordinal,interest_rate_imputed,Standard Portfolio Surveillance,0.893
LN0027234,2024-05,0.0038,0.0059,0.0081,0.0078,Prepaid,0,None,0.5569,balance_change_1m_pct,balance_to_orig_ratio,credit_score_ordinal,Standard Portfolio Surveillance,0.9838
LN0027255,2025-03,0.0099,0.0179,0.0153,0.03,Current,0,None,0.4722,balance_change_1m_pct,credit_score_ordinal,interest_rate_imputed,Standard Portfolio Surveillance,0.9694
LN0027257,2023-05,0.02,0.0377,0.0237,0.0495,Current,0,None,0.155,credit_score_ordinal,balance_change_1m_pct,interest_rate_imputed,Standard Portfolio Surveillance,0.9525
LN0027273,2023-03,0.0038,0.0059,0.0081,0.0078,Prepaid,0,None,0.6961,balance_change_1m_pct,balance_to_orig_ratio,interest_rate_imputed,Audit & Data Quality Exception Review,0.9838
LN0027290,2023-11,0.0326,0.048,0.0535,0.0412,Current,0,None,0.1714,credit_score_ordinal,interest_rate_imputed,balance_change_1m_pct,Standard Portfolio Surveillance,0.893
LN0027305,2024-07,0.0403,0.0771,0.0614,0.0412,Current,0,None,0.1674,credit_score_ordinal,interest_rate_imputed,balance_change_1m_pct,Standard Portfolio Surveillance,0.8771
LN0027330,2023-11,0.0345,0.048,0.0535,0.0412,Current,0,None,0.0702,interest_rate_imputed,balance_change_1m_pct,balance_to_orig_ratio,Standard Portfolio Surveillance,0.893
LN0027337,2022-11,0.0038,0.0059,0.0081,0.0078,Prepaid,0,None,0.5614,balance_to_orig_ratio,balance_change_1m_pct,credit_score_ordinal,Standard Portfolio Surveillance,0.9838
LN0027347,2025-09,0.0273,0.0644,0.0143,0.0147,Current,0,None,0.4394,interest_rate_imputed,balance_change_1m_pct,credit_score_ordinal,Standard Portfolio Surveillance,0.9713
LN0027360,2023-11,0.0183,0.0309,0.0234,0.0177,Current,0,None,0.3161,balance_change_1m_pct,interest_rate_imputed,credit_score_ordinal,Standard Portfolio Surveillance,0.9531
LN0027369,2024-12,0.0326,0.048,0.0261,0.03,Current,0,None,0.3985,balance_change_1m_pct,interest_rate_imputed,balance_to_orig_ratio,Standard Portfolio Surveillance,0.9479
LN0027378,2022-11,0.0038,0.0059,0.0081,0.0078,Prepaid,0,None,0.562,balance_change_1m_pct,balance_to_orig_ratio,credit_score_ordinal,Standard Portfolio Surveillance,0.9838
LN0027406,2024-04,0.0038,0.0059,0.0081,0.0078,Default,1,Data Conflict,0.3765,balance_change_1m_pct,credit_score_ordinal,interest_rate_imputed,Audit & Data Quality Exception Review,0.9838
LN0027410,2025-02,0.0345,0.048,0.0535,0.0412,Current,0,None,0.1696,interest_rate_imputed,credit_score_ordinal,balance_change_1m_pct,Standard Portfolio Surveillance,0.893
LN0027415,2025-07,0.0326,0.0156,0.0143,0.0101,Current,0,None,0.3323,interest_rate_imputed,balance_change_1m_pct,credit_score_ordinal,Standard Portfolio Surveillance,0.9713
LN0027418,2024-08,0.02,0.0377,0.0153,0.0235,Current,0,None,0.2948,credit_score_ordinal,interest_rate_imputed,balance_change_1m_pct,Standard Portfolio Surveillance,0.9694
LN0027420,2024-04,0.0326,0.048,0.0535,0.0495,Current,0,None,0.1758,balance_change_1m_pct,interest_rate_imputed,credit_score_ordinal,Standard Portfolio Surveillance,0.893
LN0027428,2023-01,0.0038,0.0059,0.0081,0.0078,Prepaid,0,None,0.634,balance_change_1m_pct,balance_to_orig_ratio,credit_score_ordinal,Standard Portfolio Surveillance,0.9838
LN0027445,2024-06,0.0099,0.0179,0.0237,0.0495,Current,0,None,0.1694,interest_rate_imputed,balance_change_1m_pct,balance_to_orig_ratio,Standard Portfolio Surveillance,0.9525
LN0027455,2026-04,0.0223,0.0156,0.0143,0.0101,Current,0,None,0.4372,credit_score_ordinal,balance_change_1m_pct,balance_to_orig_ratio,Standard Portfolio Surveillance,0.9713
LN0027470,2023-07,0.0038,0.0059,0.0081,0.0078,Prepaid,0,None,0.6467,balance_change_1m_pct,balance_to_orig_ratio,interest_rate_imputed,Standard Portfolio Surveillance,0.9838
LN0027482,2024-09,0.0223,0.048,0.0535,0.0412,Current,0,None,0.109,credit_score_ordinal,interest_rate_imputed,balance_change_1m_pct,Standard Portfolio Surveillance,0.893
LN0027500,2025-04,0.0321,0.0348,0.0234,0.0235,Current,0,None,0.2292,interest_rate_imputed,balance_change_1m_pct,balance_to_orig_ratio,Standard Portfolio Surveillance,0.9531
LN0027513,2023-12,0.014,0.026,0.0342,0.0412,Current,0,None,0.1795,interest_rate_imputed,balance_change_1m_pct,balance_to_orig_ratio,Standard Portfolio Surveillance,0.9315
LN0027519,2023-01,0.0345,0.0571,0.0535,0.0495,Current,0,None,0.2052,interest_rate_imputed,balance_change_1m_pct,credit_score_ordinal,Standard Portfolio Surveillance,0.893
LN0027539,2024-07,0.0038,0.0059,0.0081,0.0078,Default,1,Data Conflict,0.3986,credit_score_ordinal,interest_rate_imputed,balance_change_1m_pct,Audit & Data Quality Exception Review,0.9838
LN0027550,2023-10,0.0485,0.0887,0.0535,0.0495,Current,0,None,0.2303,interest_rate_imputed,balance_change_1m_pct,balance_to_orig_ratio,Standard Portfolio Surveillance,0.893
LN0027583,2025-07,0.014,0.026,0.011,0.0147,Current,0,None,0.3031,credit_score_ordinal,interest_rate_imputed,balance_to_orig_ratio,Standard Portfolio Surveillance,0.9781
LN0027608,2024-05,0.0223,0.048,0.0535,0.0412,Current,0,None,0.1356,credit_score_ordinal,interest_rate_imputed,balance_change_1m_pct,Standard Portfolio Surveillance,0.893
LN0027613,2023-04,0.0038,0.0059,0.0081,0.0078,Prepaid,0,None,0.7199,balance_change_1m_pct,balance_to_orig_ratio,credit_score_ordinal,Audit & Data Quality Exception Review,0.9838
LN0027634,2023-08,0.02,0.0377,0.0342,0.0495,Current,0,None,0.0853,credit_score_ordinal,balance_change_1m_pct,interest_rate_imputed,Standard Portfolio Surveillance,0.9315
LN0027649,2024-09,0.02,0.0377,0.0237,0.0412,Current,0,None,0.2685,balance_change_1m_pct,credit_score_ordinal,interest_rate_imputed,Standard Portfolio Surveillance,0.9525
LN0027653,2024-07,0.0099,0.0179,0.0245,0.03,Current,0,None,0.3916,balance_change_1m_pct,credit_score_ordinal,balance_to_orig_ratio,Standard Portfolio Surveillance,0.9509
LN0027689,2023-04,0.02,0.0377,0.0237,0.0495,Current,0,None,0.2974,balance_change_1m_pct,interest_rate_imputed,balance_to_orig_ratio,Standard Portfolio Surveillance,0.9525
LN0027692,2024-08,0.0403,0.0771,0.0614,0.0495,Current,0,None,0.2063,interest_rate_imputed,credit_score_ordinal,balance_change_1m_pct,Standard Portfolio Surveillance,0.8771
LN0027699,2025-01,0.0183,0.0309,0.0234,0.0235,30-59 DPD,0,None,0.2706,credit_score_ordinal,interest_rate_imputed,balance_change_1m_pct,Standard Portfolio Surveillance,0.9531
LN0027705,2025-07,0.02,0.0377,0.0245,0.0235,Current,0,None,0.1959,balance_to_orig_ratio,balance_change_1m_pct,interest_rate_imputed,Standard Portfolio Surveillance,0.9509
LN0027710,2023-07,0.0038,0.0059,0.0081,0.0078,Default,1,Data Conflict,0.4626,credit_score_ordinal,balance_change_1m_pct,interest_rate_imputed,Audit & Data Quality Exception Review,0.9838
LN0027716,2024-11,0.0326,0.0156,0.0143,0.0101,Current,0,None,0.3585,balance_change_1m_pct,interest_rate_imputed,balance_to_orig_ratio,Standard Portfolio Surveillance,0.9713
LN0027718,2024-06,0.0345,0.048,0.0535,0.0495,Current,0,None,0.1832,credit_score_ordinal,interest_rate_imputed,balance_change_1m_pct,Standard Portfolio Surveillance,0.893
LN0027723,2024-03,0.0038,0.0059,0.0081,0.0078,Default,1,Data Conflict,0.5293,days_past_due,dpd_roll_max_6m,credit_score_ordinal,Audit & Data Quality Exception Review,0.9838
LN0027740,2022-08,0.0038,0.0059,0.0081,0.0078,Default,1,Data Conflict,0.3261,credit_score_ordinal,interest_rate_imputed,balance_to_orig_ratio,Audit & Data Quality Exception Review,0.9838
LN0027751,2024-10,0.0038,0.0059,0.0081,0.0078,Default,1,Data Conflict,0.3339,credit_score_ordinal,interest_rate_imputed,balance_change_1m_pct,Audit & Data Quality Exception Review,0.9838
LN0027752,2024-01,0.02,0.0377,0.0342,0.0412,Current,0,None,0.2331,balance_change_1m_pct,interest_rate_imputed,balance_to_orig_ratio,Standard Portfolio Surveillance,0.9315
LN0027756,2024-03,0.0326,0.048,0.0535,0.0412,Current,0,None,0.1622,interest_rate_imputed,balance_change_1m_pct,credit_score_ordinal,Standard Portfolio Surveillance,0.893
LN0027757,2025-01,0.0099,0.0179,0.0237,0.0412,Current,0,None,0.2293,credit_score_ordinal,interest_rate_imputed,balance_change_1m_pct,Standard Portfolio Surveillance,0.9525
LN0027758,2025-05,0.0183,0.0309,0.0106,0.0101,Current,0,None,0.344,dpd_roll_max_6m,credit_score_ordinal,interest_rate_imputed,Standard Portfolio Surveillance,0.9788
LN0027761,2023-10,0.0403,0.0771,0.0614,0.0495,30-59 DPD,0,None,0.3655,balance_change_1m_pct,credit_score_ordinal,interest_rate_imputed,Standard Portfolio Surveillance,0.8771
LN0027773,2023-08,0.0223,0.048,0.0535,0.0495,Current,0,None,0.3531,balance_change_1m_pct,interest_rate_imputed,balance_to_orig_ratio,Standard Portfolio Surveillance,0.893
LN0027790,2026-01,0.0175,0.0648,0.0106,0.0101,Current,0,None,0.325,interest_rate_imputed,balance_to_orig_ratio,balance_change_1m_pct,Standard Portfolio Surveillance,0.9788
LN0027822,2022-07,0.0038,0.0059,0.0081,0.0078,Prepaid,0,None,0.4968,balance_to_orig_ratio,balance_change_1m_pct,interest_rate_imputed,Standard Portfolio Surveillance,0.9838
LN0027842,2025-06,0.0321,0.0348,0.0234,0.0122,Current,0,None,0.4658,credit_score_ordinal,interest_rate_imputed,balance_change_1m_pct,Standard Portfolio Surveillance,0.9531
LN0027850,2024-05,0.0175,0.0348,0.0234,0.0235,Prepaid,0,None,0.2306,credit_score_ordinal,balance_change_1m_pct,interest_rate_imputed,Standard Portfolio Surveillance,0.9531
LN0027860,2024-07,0.0223,0.048,0.0535,0.0412,Current,0,None,0.3527,balance_change_1m_pct,credit_score_ordinal,balance_to_orig_ratio,Standard Portfolio Surveillance,0.893
LN0027862,2024-03,0.0099,0.0179,0.0237,0.0412,Current,0,None,0.1408,interest_rate_imputed,balance_change_1m_pct,balance_to_orig_ratio,Standard Portfolio Surveillance,0.9525
LN0027886,2024-03,0.0485,0.0887,0.0535,0.0495,Current,0,None,0.1898,balance_change_1m_pct,interest_rate_imputed,balance_to_orig_ratio,Standard Portfolio Surveillance,0.893
LN0027897,2024-02,0.0038,0.0059,0.0081,0.0078,Prepaid,0,None,0.6275,balance_change_1m_pct,balance_to_orig_ratio,interest_rate_imputed,Standard Portfolio Surveillance,0.9838
LN0027900,2022-07,0.0038,0.0059,0.0081,0.0078,Prepaid,0,None,0.6098,balance_change_1m_pct,balance_to_orig_ratio,credit_score_ordinal,Standard Portfolio Surveillance,0.9838
LN0027907,2023-11,0.0485,0.0887,0.0535,0.0495,30-59 DPD,0,None,0.4585,balance_change_1m_pct,credit_score_ordinal,interest_rate_imputed,Standard Portfolio Surveillance,0.893
LN0027922,2022-08,0.0038,0.0059,0.0081,0.0078,Prepaid,0,None,0.511,balance_change_1m_pct,balance_to_orig_ratio,credit_score_ordinal,Standard Portfolio Surveillance,0.9838
LN0027931,2024-05,0.0038,0.0059,0.0081,0.0078,Default,1,Data Conflict,0.502,dpd_roll_max_6m,interest_rate_imputed,balance_change_1m_pct,Audit & Data Quality Exception Review,0.9838
LN0027935,2024-09,0.0038,0.0059,0.0081,0.0078,Prepaid,0,None,0.6614,balance_change_1m_pct,balance_to_orig_ratio,credit_score_ordinal,Audit & Data Quality Exception Review,0.9838
LN0027955,2024-02,0.0099,0.0179,0.0245,0.03,Current,0,None,0.2618,credit_score_ordinal,interest_rate_imputed,balance_to_orig_ratio,Standard Portfolio Surveillance,0.9509
LN0027963,2024-05,0.0321,0.0648,0.0374,0.0495,Current,0,None,0.2336,credit_score_ordinal,balance_change_1m_pct,interest_rate_imputed,Standard Portfolio Surveillance,0.9252
LN0027992,2023-09,0.0038,0.0059,0.0081,0.0078,Default,1,Data Conflict,0.2778,credit_score_ordinal,interest_rate_imputed,balance_to_orig_ratio,Audit & Data Quality Exception Review,0.9838
LN0028005,2023-01,0.0485,0.0887,0.0535,0.0495,Current,0,None,0.1915,credit_score_ordinal,interest_rate_imputed,balance_change_1m_pct,Standard Portfolio Surveillance,0.893
LN0028017,2022-12,0.0038,0.0059,0.0081,0.0078,Default,1,Data Conflict,0.3764,balance_change_1m_pct,credit_score_ordinal,interest_rate_imputed,Audit & Data Quality Exception Review,0.9838
LN0028035,2024-01,0.0223,0.0571,0.0535,0.0228,Current,0,None,0.3565,credit_score_ordinal,interest_rate_imputed,balance_change_1m_pct,Standard Portfolio Surveillance,0.893
LN0028043,2023-12,0.0038,0.0059,0.0081,0.0078,Prepaid,0,None,0.7135,balance_change_1m_pct,balance_to_orig_ratio,credit_score_ordinal,Audit & Data Quality Exception Review,0.9838
LN0028052,2023-02,0.0345,0.0571,0.0535,0.0495,Current,0,None,0.2005,balance_change_1m_pct,interest_rate_imputed,balance_to_orig_ratio,Standard Portfolio Surveillance,0.893
LN0028087,2022-06,0.0038,0.0059,0.0081,0.0078,Default,1,Data Conflict,0.7045,days_past_due,dpd_roll_max_6m,interest_rate_imputed,Audit & Data Quality Exception Review,0.9838
LN0028089,2025-04,0.0326,0.048,0.0143,0.0235,Current,0,None,0.315,credit_score_ordinal,interest_rate_imputed,balance_to_orig_ratio,Standard Portfolio Surveillance,0.9713
LN0028094,2026-04,0.014,0.026,0.011,0.0101,Current,0,None,0.2247,credit_score_ordinal,balance_change_1m_pct,interest_rate_imputed,Standard Portfolio Surveillance,0.9781
LN0028096,2023-08,0.0403,0.0771,0.0614,0.0495,Current,0,None,0.0745,credit_score_ordinal,interest_rate_imputed,balance_change_1m_pct,Standard Portfolio Surveillance,0.8771
LN0028097,2023-07,0.0038,0.0059,0.0081,0.0078,Default,1,Data Conflict,0.5366,balance_change_1m_pct,credit_score_ordinal,interest_rate_imputed,Audit & Data Quality Exception Review,0.9838
LN0028112,2024-01,0.014,0.026,0.0342,0.0495,Current,0,None,0.1275,credit_score_ordinal,interest_rate_imputed,balance_change_1m_pct,Standard Portfolio Surveillance,0.9315
LN0028118,2023-01,0.02,0.0377,0.0342,0.0495,Current,0,None,0.2122,balance_change_1m_pct,interest_rate_imputed,credit_score_ordinal,Standard Portfolio Surveillance,0.9315
LN0028122,2025-11,0.014,0.026,0.011,0.0235,Current,0,None,0.3181,interest_rate_imputed,credit_score_ordinal,balance_change_1m_pct,Standard Portfolio Surveillance,0.9781
LN0028124,2024-07,0.0273,0.0644,0.0261,0.03,Current,0,None,0.1459,interest_rate_imputed,balance_change_1m_pct,balance_to_orig_ratio,Standard Portfolio Surveillance,0.9479
LN0028139,2025-05,0.0183,0.0309,0.0234,0.0235,Current,0,None,0.6036,balance_change_1m_pct,credit_score_ordinal,interest_rate_imputed,Standard Portfolio Surveillance,0.9531
LN0028146,2024-10,0.02,0.0377,0.0342,0.0412,Current,0,None,0.2762,balance_change_1m_pct,credit_score_ordinal,interest_rate_imputed,Standard Portfolio Surveillance,0.9315
LN0028167,2023-08,0.0038,0.0059,0.0081,0.0078,Default,1,Data Conflict,0.5543,days_past_due,dpd_roll_max_6m,credit_score_ordinal,Audit & Data Quality Exception Review,0.9838
LN0028173,2025-01,0.0326,0.048,0.0261,0.0235,30-59 DPD,0,None,0.3639,interest_rate_imputed,credit_score_ordinal,balance_change_1m_pct,Standard Portfolio Surveillance,0.9479
LN0028180,2023-10,0.0223,0.048,0.0535,0.0495,Current,0,None,0.1346,credit_score_ordinal,interest_rate_imputed,balance_change_1m_pct,Standard Portfolio Surveillance,0.893
LN0028189,2023-02,0.0038,0.0059,0.0081,0.0078,Prepaid,0,None,0.6953,balance_change_1m_pct,balance_to_orig_ratio,interest_rate_imputed,Audit & Data Quality Exception Review,0.9838
LN0028192,2024-01,0.0326,0.048,0.0535,0.0412,Prepaid,0,None,0.2233,credit_score_ordinal,interest_rate_imputed,balance_change_1m_pct,Standard Portfolio Surveillance,0.893
LN0028204,2024-04,0.014,0.026,0.0342,0.0412,Current,0,None,0.123,credit_score_ordinal,interest_rate_imputed,balance_change_1m_pct,Standard Portfolio Surveillance,0.9315
LN0028208,2025-02,0.014,0.026,0.0245,0.0235,Current,0,None,0.2665,interest_rate_imputed,balance_change_1m_pct,balance_to_orig_ratio,Standard Portfolio Surveillance,0.9509
LN0028209,2024-05,0.0403,0.0771,0.0614,0.0412,Current,0,None,0.2323,interest_rate_imputed,balance_change_1m_pct,balance_to_orig_ratio,Standard Portfolio Surveillance,0.8771
LN0028272,2025-04,0.0326,0.048,0.0261,0.0235,Current,0,None,0.4734,balance_change_1m_pct,credit_score_ordinal,balance_to_orig_ratio,Standard Portfolio Surveillance,0.9479
LN0028299,2023-09,0.02,0.0377,0.0342,0.0495,Current,0,None,0.2204,credit_score_ordinal,balance_change_1m_pct,interest_rate_imputed,Standard Portfolio Surveillance,0.9315
LN0028303,2022-09,0.02,0.0377,0.0237,0.0495,Current,0,None,0.1565,interest_rate_imputed,credit_score_ordinal,balance_change_1m_pct,Standard Portfolio Surveillance,0.9525
LN0028309,2024-02,0.014,0.026,0.0342,0.0412,Current,0,None,0.171,interest_rate_imputed,balance_change_1m_pct,balance_to_orig_ratio,Standard Portfolio Surveillance,0.9315
LN0028315,2025-07,0.0223,0.048,0.0261,0.03,Current,0,None,0.1757,interest_rate_imputed,balance_to_orig_ratio,balance_change_1m_pct,Standard Portfolio Surveillance,0.9479
LN0028337,2023-10,0.0038,0.0059,0.0081,0.0078,Default,1,Data Conflict,0.5501,days_past_due,dpd_roll_max_6m,credit_score_ordinal,Audit & Data Quality Exception Review,0.9838
LN0028351,2024-05,0.0038,0.0059,0.0081,0.0078,Default,1,Data Conflict,0.3424,credit_score_ordinal,interest_rate_imputed,balance_change_1m_pct,Audit & Data Quality Exception Review,0.9838
LN0028354,2023-10,0.0038,0.0059,0.0081,0.0078,Prepaid,0,None,0.5736,balance_change_1m_pct,balance_to_orig_ratio,credit_score_ordinal,Standard Portfolio Surveillance,0.9838
LN0028360,2022-12,0.0175,0.0348,0.0374,0.0495,Current,0,None,0.2503,balance_change_1m_pct,interest_rate_imputed,credit_score_ordinal,Standard Portfolio Surveillance,0.9252
LN0028383,2023-10,0.6989,0.6621,0.0081,0.0078,90+ DPD,1,Missing Document,0.8011,days_past_due,dpd_roll_max_6m,credit_score_ordinal,Audit & Data Quality Exception Review,0.9838
LN0028389,2025-06,0.0687,0.0644,0.0143,0.0235,30-59 DPD,0,None,0.3025,credit_score_ordinal,interest_rate_imputed,balance_change_1m_pct,Standard Portfolio Surveillance,0.9713
LN0028403,2024-07,0.014,0.026,0.0342,0.0412,Current,0,None,0.259,credit_score_ordinal,interest_rate_imputed,balance_change_1m_pct,Standard Portfolio Surveillance,0.9315
LN0028459,2024-02,0.0345,0.048,0.0535,0.0495,Current,0,None,0.4881,balance_change_1m_pct,credit_score_ordinal,balance_to_orig_ratio,Standard Portfolio Surveillance,0.893
LN0028528,2024-09,0.0223,0.048,0.0535,0.0412,Current,0,None,0.2258,balance_change_1m_pct,interest_rate_imputed,balance_to_orig_ratio,Standard Portfolio Surveillance,0.893
LN0028544,2022-09,0.0942,0.1674,0.0847,0.0495,Current,0,None,0.151,interest_rate_imputed,balance_change_1m_pct,balance_to_orig_ratio,Standard Portfolio Surveillance,0.8305
LN0028549,2023-08,0.0326,0.0887,0.0535,0.0495,Current,0,None,0.1949,credit_score_ordinal,interest_rate_imputed,balance_change_1m_pct,Standard Portfolio Surveillance,0.893
LN0028551,2025-12,0.014,0.026,0.011,0.0101,Current,0,None,0.2839,credit_score_ordinal,balance_change_1m_pct,interest_rate_imputed,Standard Portfolio Surveillance,0.9781
LN0028564,2022-12,0.0038,0.0059,0.0081,0.0078,Prepaid,0,None,0.6518,balance_change_1m_pct,balance_to_orig_ratio,credit_score_ordinal,Audit & Data Quality Exception Review,0.9838
LN0028572,2025-01,0.014,0.026,0.0245,0.0235,Current,0,None,0.3331,balance_change_1m_pct,credit_score_ordinal,balance_to_orig_ratio,Standard Portfolio Surveillance,0.9509
LN0028579,2023-11,0.02,0.0377,0.0342,0.0495,Current,0,None,0.1785,credit_score_ordinal,balance_change_1m_pct,interest_rate_imputed,Standard Portfolio Surveillance,0.9315
LN0028581,2025-07,0.02,0.0377,0.011,0.0235,Current,0,None,0.2404,interest_rate_imputed,balance_change_1m_pct,balance_to_orig_ratio,Standard Portfolio Surveillance,0.9781
LN0028608,2024-03,0.0099,0.0179,0.0237,0.0495,Current,0,None,0.3036,credit_score_ordinal,balance_change_1m_pct,balance_to_orig_ratio,Standard Portfolio Surveillance,0.9525
LN0028659,2022-04,0.0038,0.0059,0.0081,0.0078,Default,1,Data Conflict,0.408,credit_score_ordinal,balance_change_1m_pct,interest_rate_imputed,Audit & Data Quality Exception Review,0.9838
LN0028661,2024-08,0.0038,0.0059,0.0081,0.0078,Prepaid,0,None,0.695,balance_change_1m_pct,balance_to_orig_ratio,credit_score_ordinal,Audit & Data Quality Exception Review,0.9838
LN0028662,2026-04,0.0345,0.0156,0.0143,0.0101,Current,0,None,0.3049,balance_change_1m_pct,interest_rate_imputed,balance_to_orig_ratio,Standard Portfolio Surveillance,0.9713
LN0028685,2026-05,0.0326,0.0156,0.0143,0.0101,Current,0,None,0.3836,balance_change_1m_pct,interest_rate_imputed,balance_to_orig_ratio,Standard Portfolio Surveillance,0.9713
LN0028686,2025-04,0.0273,0.0644,0.0143,0.0235,Current,0,None,0.4564,balance_change_1m_pct,credit_score_ordinal,balance_to_orig_ratio,Standard Portfolio Surveillance,0.9713
LN0028695,2023-09,0.0561,0.1023,0.0847,0.0495,30-59 DPD,0,None,0.3241,balance_change_1m_pct,credit_score_ordinal,interest_rate_imputed,Standard Portfolio Surveillance,0.8305
LN0028722,2024-08,0.0326,0.048,0.0535,0.0412,Current,0,None,0.3967,balance_change_1m_pct,balance_to_orig_ratio,days_past_due,Standard Portfolio Surveillance,0.893
LN0028728,2024-09,0.0099,0.0179,0.0237,0.0412,Current,0,None,0.161,credit_score_ordinal,interest_rate_imputed,balance_change_1m_pct,Standard Portfolio Surveillance,0.9525
LN0028741,2023-10,0.0223,0.048,0.0535,0.0495,Current,0,None,0.298,interest_rate_imputed,balance_change_1m_pct,balance_to_orig_ratio,Standard Portfolio Surveillance,0.893
LN0028773,2023-02,0.0038,0.0059,0.0081,0.0078,Default,0,None,0.6582,days_past_due,dpd_roll_max_6m,balance_change_1m_pct,Audit & Data Quality Exception Review,0.9838
LN0028780,2023-05,0.02,0.0377,0.0342,0.0495,Current,0,None,0.1563,interest_rate_imputed,balance_change_1m_pct,balance_to_orig_ratio,Standard Portfolio Surveillance,0.9315
LN0028792,2024-05,0.0942,0.0644,0.0847,0.0412,Current,0,None,0.221,interest_rate_imputed,balance_change_1m_pct,credit_score_ordinal,Standard Portfolio Surveillance,0.8305
LN0028793,2023-09,0.02,0.0377,0.0342,0.0412,Current,0,None,0.1506,interest_rate_imputed,balance_change_1m_pct,balance_to_orig_ratio,Standard Portfolio Surveillance,0.9315
LN0028797,2023-09,0.0485,0.0887,0.0535,0.0495,30-59 DPD,0,None,0.1967,credit_score_ordinal,interest_rate_imputed,balance_change_1m_pct,Standard Portfolio Surveillance,0.893
LN0028813,2024-10,0.0345,0.0156,0.0143,0.0101,Current,0,None,0.3184,credit_score_ordinal,interest_rate_imputed,balance_change_1m_pct,Standard Portfolio Surveillance,0.9713
LN0028828,2025-03,0.0175,0.0348,0.0234,0.0412,Current,0,None,0.3355,balance_change_1m_pct,credit_score_ordinal,interest_rate_imputed,Standard Portfolio Surveillance,0.9531
LN0028840,2022-12,0.0038,0.0059,0.0081,0.0078,Default,1,Data Conflict,0.3771,credit_score_ordinal,interest_rate_imputed,balance_change_1m_pct,Audit & Data Quality Exception Review,0.9838
LN0028862,2025-05,0.0223,0.048,0.0261,0.03,Current,0,None,0.2329,interest_rate_imputed,balance_change_1m_pct,credit_score_ordinal,Standard Portfolio Surveillance,0.9479
LN0028873,2024-03,0.0099,0.0179,0.0237,0.0495,Current,0,None,0.3903,balance_change_1m_pct,balance_to_orig_ratio,days_past_due,Standard Portfolio Surveillance,0.9525
LN0028877,2024-10,0.0099,0.0179,0.0153,0.03,Prepaid,0,None,0.2939,credit_score_ordinal,interest_rate_imputed,balance_change_1m_pct,Standard Portfolio Surveillance,0.9694
LN0028878,2023-07,0.014,0.026,0.0342,0.0495,Current,0,None,0.2063,balance_change_1m_pct,credit_score_ordinal,interest_rate_imputed,Standard Portfolio Surveillance,0.9315
LN0028890,2025-11,0.6989,0.6621,0.2064,0.0083,30-59 DPD,0,None,0.5991,days_past_due,dpd_roll_max_6m,balance_change_1m_pct,Active Credit Workout & Pre-Foreclosure Outreach,0.6
LN0028896,2024-07,0.0223,0.048,0.0261,0.03,Current,0,None,0.2592,interest_rate_imputed,balance_change_1m_pct,credit_score_ordinal,Standard Portfolio Surveillance,0.9479
LN0028913,2023-10,0.0038,0.0059,0.0081,0.0078,Default,1,Data Conflict,0.377,credit_score_ordinal,interest_rate_imputed,balance_change_1m_pct,Audit & Data Quality Exception Review,0.9838
LN0028915,2025-04,0.02,0.0377,0.011,0.0101,Current,0,None,0.2996,interest_rate_imputed,balance_change_1m_pct,balance_to_orig_ratio,Standard Portfolio Surveillance,0.9781
LN0028916,2023-12,0.0038,0.0059,0.0081,0.0078,Default,1,Data Conflict,0.2507,interest_rate_imputed,balance_change_1m_pct,balance_to_orig_ratio,Audit & Data Quality Exception Review,0.9838
LN0028940,2024-11,0.0326,0.048,0.0535,0.0412,Current,0,None,0.2928,balance_change_1m_pct,credit_score_ordinal,interest_rate_imputed,Standard Portfolio Surveillance,0.893
LN0028947,2025-12,0.0326,0.0156,0.0143,0.0101,Current,1,Valuation Discrepancy,0.3748,balance_change_1m_pct,balance_to_orig_ratio,interest_rate_imputed,Audit & Data Quality Exception Review,0.9713
LN0028983,2023-08,0.0345,0.0571,0.0535,0.0495,Current,0,None,0.1365,credit_score_ordinal,balance_change_1m_pct,interest_rate_imputed,Standard Portfolio Surveillance,0.893
LN0028993,2023-04,0.0321,0.0348,0.0374,0.0495,30-59 DPD,0,None,0.2817,credit_score_ordinal,interest_rate_imputed,balance_change_1m_pct,Standard Portfolio Surveillance,0.9252
LN0029012,2024-05,0.0118,0.0213,0.0245,0.03,Current,0,None,0.2455,interest_rate_imputed,balance_change_1m_pct,balance_to_orig_ratio,Standard Portfolio Surveillance,0.9509
LN0029033,2023-06,0.0321,0.0648,0.0374,0.0495,Current,0,None,0.3127,interest_rate_imputed,balance_change_1m_pct,balance_to_orig_ratio,Standard Portfolio Surveillance,0.9252
LN0029076,2025-06,0.0118,0.0213,0.011,0.0147,Current,0,None,0.2141,balance_change_1m_pct,interest_rate_imputed,balance_to_orig_ratio,Standard Portfolio Surveillance,0.9781
LN0029095,2025-06,0.014,0.026,0.0153,0.0235,Current,0,None,0.4594,balance_change_1m_pct,credit_score_ordinal,balance_to_orig_ratio,Standard Portfolio Surveillance,0.9694
LN0029110,2024-06,0.0038,0.0059,0.0081,0.0078,Prepaid,0,None,0.6455,balance_change_1m_pct,balance_to_orig_ratio,interest_rate_imputed,Standard Portfolio Surveillance,0.9838
LN0029130,2024-01,0.02,0.0377,0.0342,0.0495,Current,0,None,0.0981,credit_score_ordinal,balance_change_1m_pct,interest_rate_imputed,Standard Portfolio Surveillance,0.9315
LN0029132,2024-11,0.0345,0.048,0.0535,0.0412,Current,0,None,0.2783,credit_score_ordinal,balance_change_1m_pct,interest_rate_imputed,Standard Portfolio Surveillance,0.893
LN0029158,2025-06,0.014,0.026,0.0153,0.0235,Current,0,None,0.1719,credit_score_ordinal,interest_rate_imputed,balance_change_1m_pct,Standard Portfolio Surveillance,0.9694
LN0029164,2024-11,0.0273,0.0644,0.0847,0.0412,Current,0,None,0.2622,balance_change_1m_pct,credit_score_ordinal,interest_rate_imputed,Standard Portfolio Surveillance,0.8305
LN0029180,2024-07,0.0326,0.048,0.0535,0.0412,Current,0,None,0.3989,interest_rate_imputed,balance_change_1m_pct,credit_score_ordinal,Standard Portfolio Surveillance,0.893
LN0029190,2023-08,0.0942,0.1674,0.0847,0.0495,30-59 DPD,0,None,0.1955,credit_score_ordinal,interest_rate_imputed,balance_change_1m_pct,Standard Portfolio Surveillance,0.8305
LN0029192,2024-08,0.02,0.0377,0.0153,0.0235,Current,0,None,0.3544,credit_score_ordinal,balance_change_1m_pct,balance_to_orig_ratio,Standard Portfolio Surveillance,0.9694
LN0029228,2025-05,0.0345,0.0156,0.0143,0.0101,Current,0,None,0.2263,interest_rate_imputed,credit_score_ordinal,balance_change_1m_pct,Standard Portfolio Surveillance,0.9713
LN0029238,2023-08,0.0038,0.0059,0.0081,0.0078,Prepaid,0,None,0.5758,balance_change_1m_pct,balance_to_orig_ratio,interest_rate_imputed,Standard Portfolio Surveillance,0.9838
LN0029247,2025-10,0.0273,0.0644,0.0143,0.0101,Current,0,None,0.3232,balance_change_1m_pct,interest_rate_imputed,balance_to_orig_ratio,Standard Portfolio Surveillance,0.9713
LN0029287,2023-09,0.0099,0.0179,0.0237,0.0412,Current,0,None,0.2311,credit_score_ordinal,interest_rate_imputed,balance_change_1m_pct,Standard Portfolio Surveillance,0.9525
LN0029294,2023-01,0.0485,0.0887,0.0535,0.0495,Current,0,None,0.1185,interest_rate_imputed,credit_score_ordinal,balance_change_1m_pct,Standard Portfolio Surveillance,0.893
LN0029312,2024-02,0.0099,0.0179,0.0237,0.0495,Current,0,None,0.1655,balance_change_1m_pct,credit_score_ordinal,balance_to_orig_ratio,Standard Portfolio Surveillance,0.9525
LN0029315,2024-05,0.02,0.0377,0.0237,0.0412,Current,0,None,0.4004,balance_change_1m_pct,balance_to_orig_ratio,days_past_due,Standard Portfolio Surveillance,0.9525
LN0029318,2024-04,0.0099,0.0179,0.0237,0.0412,Current,0,None,0.2004,credit_score_ordinal,interest_rate_imputed,balance_change_1m_pct,Standard Portfolio Surveillance,0.9525
LN0029409,2023-10,0.0038,0.0059,0.0081,0.0078,Prepaid,0,None,0.7294,balance_change_1m_pct,balance_to_orig_ratio,credit_score_ordinal,Audit & Data Quality Exception Review,0.9838
LN0029427,2024-07,0.0099,0.0179,0.0153,0.03,Current,0,None,0.2148,balance_change_1m_pct,interest_rate_imputed,balance_to_orig_ratio,Standard Portfolio Surveillance,0.9694
LN0029432,2024-02,0.0038,0.0059,0.0081,0.0078,Prepaid,0,None,0.6824,balance_change_1m_pct,balance_to_orig_ratio,credit_score_ordinal,Audit & Data Quality Exception Review,0.9838
LN0029468,2024-11,0.014,0.026,0.0342,0.0412,Current,0,None,0.1579,credit_score_ordinal,interest_rate_imputed,balance_change_1m_pct,Standard Portfolio Surveillance,0.9315
LN0029475,2024-11,0.0038,0.0059,0.0081,0.0078,Default,1,Data Conflict,0.3664,interest_rate_imputed,balance_change_1m_pct,balance_to_orig_ratio,Audit & Data Quality Exception Review,0.9838
LN0029487,2022-06,0.0038,0.0059,0.0081,0.0078,Prepaid,0,None,0.6465,balance_change_1m_pct,balance_to_orig_ratio,credit_score_ordinal,Standard Portfolio Surveillance,0.9838
LN0029493,2023-09,0.014,0.026,0.0342,0.0495,Current,0,None,0.2299,balance_change_1m_pct,credit_score_ordinal,interest_rate_imputed,Standard Portfolio Surveillance,0.9315
LN0029504,2024-09,0.0099,0.0179,0.0153,0.0235,Current,0,None,0.1512,credit_score_ordinal,balance_change_1m_pct,interest_rate_imputed,Standard Portfolio Surveillance,0.9694
LN0029506,2024-01,0.0485,0.0887,0.0535,0.0355,30-59 DPD,0,None,0.5855,dpd_roll_max_6m,credit_score_ordinal,interest_rate_imputed,Standard Portfolio Surveillance,0.893
LN0029519,2024-03,0.0321,0.0348,0.0374,0.0495,Current,0,None,0.2364,credit_score_ordinal,balance_change_1m_pct,interest_rate_imputed,Standard Portfolio Surveillance,0.9252
LN0029545,2023-08,0.0118,0.0213,0.0237,0.0495,Current,0,None,0.3621,credit_score_ordinal,interest_rate_imputed,balance_change_1m_pct,Standard Portfolio Surveillance,0.9525
LN0029548,2024-04,0.0038,0.0059,0.0081,0.0078,Prepaid,0,None,0.6488,balance_change_1m_pct,balance_to_orig_ratio,credit_score_ordinal,Standard Portfolio Surveillance,0.9838
LN0029550,2024-11,0.0183,0.0309,0.0234,0.0235,30-59 DPD,0,None,0.2063,credit_score_ordinal,interest_rate_imputed,balance_change_1m_pct,Standard Portfolio Surveillance,0.9531
LN0029555,2024-05,0.0326,0.048,0.0261,0.0122,Current,0,None,0.4367,credit_score_ordinal,interest_rate_imputed,balance_change_1m_pct,Standard Portfolio Surveillance,0.9479
LN0029566,2023-01,0.0099,0.0179,0.0237,0.0495,Current,0,None,0.1905,credit_score_ordinal,interest_rate_imputed,balance_change_1m_pct,Standard Portfolio Surveillance,0.9525
LN0029567,2024-02,0.0038,0.0059,0.0081,0.0078,Prepaid,0,None,0.6623,balance_change_1m_pct,balance_to_orig_ratio,credit_score_ordinal,Audit & Data Quality Exception Review,0.9838
LN0029572,2023-11,0.0223,0.048,0.0535,0.0412,Current,0,None,0.262,interest_rate_imputed,balance_change_1m_pct,balance_to_orig_ratio,Standard Portfolio Surveillance,0.893
LN0029589,2023-02,0.0038,0.0059,0.0081,0.0078,Prepaid,0,None,0.7145,balance_change_1m_pct,balance_to_orig_ratio,interest_rate_imputed,Audit & Data Quality Exception Review,0.9838
LN0029600,2023-12,0.02,0.0377,0.0342,0.0355,Current,0,None,0.3348,dpd_roll_max_6m,balance_change_1m_pct,credit_score_ordinal,Standard Portfolio Surveillance,0.9315
LN0029618,2023-07,0.0345,0.048,0.0535,0.0495,Current,0,None,0.2049,credit_score_ordinal,interest_rate_imputed,balance_change_1m_pct,Standard Portfolio Surveillance,0.893
LN0029628,2023-09,0.0038,0.0059,0.0081,0.0078,Prepaid,0,None,0.4855,balance_change_1m_pct,balance_to_orig_ratio,interest_rate_imputed,Standard Portfolio Surveillance,0.9838
LN0029629,2024-07,0.0345,0.048,0.0261,0.0235,Current,0,None,0.4105,interest_rate_imputed,balance_change_1m_pct,balance_to_orig_ratio,Standard Portfolio Surveillance,0.9479
LN0029650,2023-08,0.0345,0.048,0.0535,0.0412,30-59 DPD,0,None,0.1775,balance_change_1m_pct,credit_score_ordinal,interest_rate_imputed,Standard Portfolio Surveillance,0.893
LN0029652,2025-07,0.6989,0.6621,0.0081,0.0078,90+ DPD,0,None,0.8111,days_past_due,dpd_roll_max_6m,credit_score_ordinal,Audit & Data Quality Exception Review,0.9838
LN0029666,2025-09,0.0223,0.0156,0.0143,0.0147,Current,0,None,0.2084,credit_score_ordinal,balance_change_1m_pct,interest_rate_imputed,Standard Portfolio Surveillance,0.9713
LN0029672,2022-10,0.0485,0.0887,0.0535,0.0495,Current,0,None,0.1253,credit_score_ordinal,balance_change_1m_pct,interest_rate_imputed,Standard Portfolio Surveillance,0.893
LN0029691,2022-12,0.0038,0.0059,0.0081,0.0078,Prepaid,0,None,0.6134,balance_change_1m_pct,balance_to_orig_ratio,credit_score_ordinal,Standard Portfolio Surveillance,0.9838
LN0029692,2025-06,0.0321,0.0348,0.0106,0.0101,Current,0,None,0.5652,interest_rate_imputed,credit_score_ordinal,balance_change_1m_pct,Standard Portfolio Surveillance,0.9788
LN0029695,2024-09,0.0326,0.048,0.0261,0.03,Current,0,None,0.2599,credit_score_ordinal,interest_rate_imputed,balance_to_orig_ratio,Standard Portfolio Surveillance,0.9479
LN0029718,2024-08,0.0273,0.0644,0.0847,0.0412,Current,0,None,0.2767,balance_change_1m_pct,interest_rate_imputed,balance_to_orig_ratio,Standard Portfolio Surveillance,0.8305
LN0029740,2025-12,0.014,0.026,0.011,0.0101,Current,0,None,0.3234,interest_rate_imputed,balance_change_1m_pct,balance_to_orig_ratio,Standard Portfolio Surveillance,0.9781
LN0029767,2024-02,0.0345,0.048,0.0535,0.0412,Current,0,None,0.4705,balance_change_1m_pct,credit_score_ordinal,balance_to_orig_ratio,Standard Portfolio Surveillance,0.893
LN0029780,2024-01,0.014,0.026,0.0342,0.0495,Current,0,None,0.0961,balance_change_1m_pct,interest_rate_imputed,balance_to_orig_ratio,Standard Portfolio Surveillance,0.9315
LN0029783,2024-04,0.0345,0.0571,0.0535,0.0495,Current,0,None,0.1693,credit_score_ordinal,interest_rate_imputed,balance_change_1m_pct,Standard Portfolio Surveillance,0.893
LN0029791,2024-02,0.02,0.0377,0.0342,0.0412,Current,0,None,0.168,credit_score_ordinal,interest_rate_imputed,balance_change_1m_pct,Standard Portfolio Surveillance,0.9315
LN0029796,2024-06,0.02,0.0377,0.0342,0.0412,30-59 DPD,0,None,0.1008,credit_score_ordinal,interest_rate_imputed,balance_change_1m_pct,Standard Portfolio Surveillance,0.9315
LN0029801,2024-03,0.0099,0.0179,0.0237,0.0412,Current,0,None,0.1866,credit_score_ordinal,interest_rate_imputed,balance_change_1m_pct,Standard Portfolio Surveillance,0.9525
LN0029805,2025-05,0.0118,0.0213,0.011,0.0235,Current,0,None,0.4964,balance_change_1m_pct,credit_score_ordinal,balance_to_orig_ratio,Standard Portfolio Surveillance,0.9781
LN0029815,2024-04,0.0118,0.0213,0.0245,0.03,Current,0,None,0.2831,balance_change_1m_pct,interest_rate_imputed,balance_to_orig_ratio,Standard Portfolio Surveillance,0.9509
LN0029829,2025-11,0.0345,0.0156,0.0143,0.0101,Current,0,None,0.6703,dpd_roll_max_6m,balance_change_1m_pct,interest_rate_imputed,Audit & Data Quality Exception Review,0.9713
LN0029845,2023-09,0.0326,0.048,0.0535,0.0495,Current,0,None,0.2239,credit_score_ordinal,interest_rate_imputed,balance_change_1m_pct,Standard Portfolio Surveillance,0.893
LN0029875,2024-02,0.0038,0.0059,0.0081,0.0078,Prepaid,0,None,0.5963,balance_change_1m_pct,balance_to_orig_ratio,interest_rate_imputed,Standard Portfolio Surveillance,0.9838
LN0029901,2025-04,0.0326,0.0156,0.0143,0.0101,Current,0,None,0.3086,credit_score_ordinal,balance_change_1m_pct,interest_rate_imputed,Standard Portfolio Surveillance,0.9713
LN0029927,2026-03,0.014,0.026,0.011,0.0101,Current,0,None,0.2583,interest_rate_imputed,balance_to_orig_ratio,balance_change_1m_pct,Standard Portfolio Surveillance,0.9781
LN0029946,2022-11,0.0038,0.0059,0.0081,0.0078,Prepaid,0,None,0.6021,balance_change_1m_pct,balance_to_orig_ratio,interest_rate_imputed,Standard Portfolio Surveillance,0.9838
LN0029967,2024-05,0.014,0.026,0.0153,0.0235,Current,0,None,0.2077,balance_change_1m_pct,balance_to_orig_ratio,interest_rate_imputed,Standard Portfolio Surveillance,0.9694
LN0029968,2022-04,0.0223,0.0156,0.0143,0.0101,Current,1,Date Anomaly,0.2346,interest_rate_imputed,balance_change_1m_pct,balance_to_orig_ratio,Audit & Data Quality Exception Review,0.9713
LN0029986,2023-09,0.0485,0.0887,0.0535,0.0495,Current,0,None,0.1992,balance_change_1m_pct,credit_score_ordinal,interest_rate_imputed,Standard Portfolio Surveillance,0.893
LN0029987,2023-07,0.02,0.0377,0.0237,0.0495,Current,0,None,0.1331,credit_score_ordinal,interest_rate_imputed,balance_change_1m_pct,Standard Portfolio Surveillance,0.9525
LN0029992,2023-06,0.02,0.0377,0.0237,0.0495,Current,0,None,0.1232,balance_change_1m_pct,interest_rate_imputed,balance_to_orig_ratio,Standard Portfolio Surveillance,0.9525
LN0029993,2023-04,0.0099,0.0179,0.0237,0.0495,Current,0,None,0.2936,interest_rate_imputed,balance_change_1m_pct,credit_score_ordinal,Standard Portfolio Surveillance,0.9525
LN0029997,2024-04,0.0223,0.048,0.0535,0.0495,Current,0,None,0.1811,credit_score_ordinal,interest_rate_imputed,balance_change_1m_pct,Standard Portfolio Surveillance,0.893
LN0030004,2023-02,0.0038,0.0059,0.0081,0.0078,Default,1,Data Conflict,0.3342,balance_change_1m_pct,interest_rate_imputed,credit_score_ordinal,Audit & Data Quality Exception Review,0.9838
LN0030021,2024-12,0.0326,0.048,0.0535,0.0412,Current,0,None,0.3491,balance_change_1m_pct,credit_score_ordinal,interest_rate_imputed,Standard Portfolio Surveillance,0.893
LN0030043,2025-10,0.0326,0.048,0.0143,0.0235,30-59 DPD,0,None,0.2759,interest_rate_imputed,balance_change_1m_pct,credit_score_ordinal,Standard Portfolio Surveillance,0.9713
LN0030064,2024-04,0.0942,0.1674,0.0847,0.0495,Current,0,None,0.1873,balance_change_1m_pct,interest_rate_imputed,balance_to_orig_ratio,Standard Portfolio Surveillance,0.8305
LN0030077,2024-09,0.0099,0.0179,0.0237,0.0412,Current,0,None,0.2081,credit_score_ordinal,interest_rate_imputed,balance_change_1m_pct,Standard Portfolio Surveillance,0.9525
LN0030104,2023-06,0.0118,0.0213,0.0237,0.0355,Current,0,None,0.5026,dpd_roll_max_6m,interest_rate_imputed,credit_score_ordinal,Standard Portfolio Surveillance,0.9525
LN0030133,2024-01,0.0403,0.0771,0.0614,0.0412,Current,0,None,0.4092,dpd_roll_max_6m,interest_rate_imputed,balance_change_1m_pct,Standard Portfolio Surveillance,0.8771
LN0030135,2025-10,0.0223,0.048,0.0143,0.0235,30-59 DPD,0,None,0.4103,credit_score_ordinal,balance_change_1m_pct,interest_rate_imputed,Standard Portfolio Surveillance,0.9713
LN0030154,2023-12,0.0345,0.0571,0.0535,0.0495,Current,0,None,0.2205,credit_score_ordinal,interest_rate_imputed,balance_change_1m_pct,Standard Portfolio Surveillance,0.893
LN0030179,2022-12,0.0038,0.0059,0.0081,0.0078,Default,1,Data Conflict,0.2868,credit_score_ordinal,balance_change_1m_pct,interest_rate_imputed,Audit & Data Quality Exception Review,0.9838
LN0030190,2023-03,0.0485,0.0887,0.0535,0.0495,Current,0,None,0.1144,interest_rate_imputed,balance_change_1m_pct,credit_score_ordinal,Standard Portfolio Surveillance,0.893
LN0030247,2025-04,0.014,0.026,0.011,0.0235,Current,0,None,0.3287,interest_rate_imputed,balance_change_1m_pct,balance_to_orig_ratio,Standard Portfolio Surveillance,0.9781
LN0030249,2023-08,0.014,0.026,0.0342,0.0495,Current,0,None,0.1518,interest_rate_imputed,balance_change_1m_pct,balance_to_orig_ratio,Standard Portfolio Surveillance,0.9315
LN0030298,2025-07,0.0326,0.0156,0.0143,0.0101,Current,0,None,0.2687,interest_rate_imputed,balance_change_1m_pct,balance_to_orig_ratio,Standard Portfolio Surveillance,0.9713
LN0030351,2023-09,0.0223,0.0571,0.0535,0.0495,Current,0,None,0.3327,balance_change_1m_pct,interest_rate_imputed,balance_to_orig_ratio,Standard Portfolio Surveillance,0.893
LN0030394,2024-08,0.014,0.026,0.0245,0.03,Current,0,None,0.2817,credit_score_ordinal,interest_rate_imputed,balance_change_1m_pct,Standard Portfolio Surveillance,0.9509
LN0030408,2025-03,0.0326,0.048,0.0535,0.0612,Current,0,None,0.4006,credit_score_ordinal,interest_rate_imputed,balance_change_1m_pct,Standard Portfolio Surveillance,0.893
LN0030424,2023-11,0.014,0.026,0.0342,0.0412,Current,0,None,0.136,interest_rate_imputed,balance_change_1m_pct,balance_to_orig_ratio,Standard Portfolio Surveillance,0.9315
LN0030426,2023-03,0.0038,0.0059,0.0081,0.0078,Default,1,Data Conflict,0.6045,days_past_due,dpd_roll_max_6m,credit_score_ordinal,Audit & Data Quality Exception Review,0.9838
LN0030431,2022-11,0.0038,0.0059,0.0081,0.0078,Default,1,Data Conflict,0.2417,credit_score_ordinal,interest_rate_imputed,balance_change_1m_pct,Audit & Data Quality Exception Review,0.9838
LN0030436,2024-08,0.02,0.0377,0.0245,0.03,Current,0,None,0.1009,interest_rate_imputed,balance_change_1m_pct,balance_to_orig_ratio,Standard Portfolio Surveillance,0.9509
LN0030447,2023-02,0.0038,0.0059,0.0081,0.0078,Default,1,Data Conflict,0.3867,credit_score_ordinal,balance_change_1m_pct,interest_rate_imputed,Audit & Data Quality Exception Review,0.9838
LN0030450,2023-05,0.0038,0.0059,0.0081,0.0078,Default,1,Data Conflict,0.3962,balance_change_1m_pct,credit_score_ordinal,interest_rate_imputed,Audit & Data Quality Exception Review,0.9838
LN0030454,2024-04,0.0223,0.048,0.0261,0.03,Current,0,None,0.1409,interest_rate_imputed,balance_change_1m_pct,balance_to_orig_ratio,Standard Portfolio Surveillance,0.9479
LN0030468,2023-09,0.0038,0.0059,0.0081,0.0078,Prepaid,0,None,0.6486,balance_change_1m_pct,balance_to_orig_ratio,credit_score_ordinal,Standard Portfolio Surveillance,0.9838
LN0030469,2026-03,0.014,0.026,0.011,0.0101,Current,0,None,0.2355,credit_score_ordinal,interest_rate_imputed,balance_change_1m_pct,Standard Portfolio Surveillance,0.9781
LN0030476,2023-11,0.0223,0.048,0.0535,0.0412,Current,0,None,0.1088,interest_rate_imputed,balance_change_1m_pct,balance_to_orig_ratio,Standard Portfolio Surveillance,0.893
LN0030479,2024-07,0.0175,0.0348,0.0374,0.03,Current,0,None,0.252,credit_score_ordinal,interest_rate_imputed,balance_change_1m_pct,Standard Portfolio Surveillance,0.9252
LN0030515,2023-09,0.0326,0.048,0.0535,0.0412,Current,0,None,0.2608,credit_score_ordinal,interest_rate_imputed,balance_change_1m_pct,Standard Portfolio Surveillance,0.893
LN0030540,2025-04,0.0321,0.0648,0.0106,0.0101,Current,0,None,0.2688,interest_rate_imputed,credit_score_ordinal,balance_change_1m_pct,Standard Portfolio Surveillance,0.9788
LN0030560,2023-08,0.0175,0.0648,0.0374,0.0228,Current,0,None,0.2939,credit_score_ordinal,balance_change_1m_pct,interest_rate_imputed,Standard Portfolio Surveillance,0.9252
LN0030569,2024-03,0.02,0.0377,0.0237,0.0495,Current,0,None,0.2059,interest_rate_imputed,balance_change_1m_pct,credit_score_ordinal,Standard Portfolio Surveillance,0.9525
LN0030570,2023-11,0.0099,0.0179,0.0237,0.0412,Current,0,None,0.1733,interest_rate_imputed,credit_score_ordinal,balance_change_1m_pct,Standard Portfolio Surveillance,0.9525
LN0030606,2025-07,0.0326,0.048,0.0261,0.0235,Current,0,None,0.2248,credit_score_ordinal,interest_rate_imputed,balance_change_1m_pct,Standard Portfolio Surveillance,0.9479
LN0030661,2025-12,0.0326,0.0156,0.0143,0.0101,Current,0,None,0.3639,credit_score_ordinal,interest_rate_imputed,balance_change_1m_pct,Standard Portfolio Surveillance,0.9713
LN0030674,2023-01,0.0345,0.0571,0.0535,0.0495,Current,0,None,0.1212,interest_rate_imputed,balance_change_1m_pct,balance_to_orig_ratio,Standard Portfolio Surveillance,0.893
LN0030680,2025-04,0.6989,0.6621,0.2896,0.0172,60-89 DPD,0,None,0.2502,credit_score_ordinal,interest_rate_imputed,balance_change_1m_pct,Active Credit Workout & Pre-Foreclosure Outreach,0.6
LN0030701,2023-08,0.0942,0.1674,0.0847,0.0495,30-59 DPD,0,None,0.287,credit_score_ordinal,interest_rate_imputed,balance_change_1m_pct,Standard Portfolio Surveillance,0.8305
LN0030708,2025-04,0.02,0.0377,0.011,0.0147,Current,0,None,0.439,credit_score_ordinal,balance_change_1m_pct,interest_rate_imputed,Standard Portfolio Surveillance,0.9781
LN0030716,2024-08,0.02,0.0377,0.0237,0.0412,Current,0,None,0.2822,balance_change_1m_pct,credit_score_ordinal,interest_rate_imputed,Standard Portfolio Surveillance,0.9525
LN0030725,2024-10,0.02,0.0377,0.0153,0.0122,Current,0,None,0.5858,balance_change_1m_pct,credit_score_ordinal,balance_to_orig_ratio,Standard Portfolio Surveillance,0.9694
LN0030736,2024-06,0.0403,0.0771,0.0614,0.0495,Current,0,None,0.2492,credit_score_ordinal,balance_change_1m_pct,balance_to_orig_ratio,Standard Portfolio Surveillance,0.8771
LN0030763,2024-09,0.0326,0.048,0.0535,0.0412,Current,0,None,0.3156,credit_score_ordinal,interest_rate_imputed,balance_change_1m_pct,Standard Portfolio Surveillance,0.893
LN0030773,2024-01,0.0099,0.0179,0.0153,0.03,Current,0,None,0.3347,interest_rate_imputed,balance_change_1m_pct,balance_to_orig_ratio,Standard Portfolio Surveillance,0.9694
LN0030792,2025-01,0.6989,0.6621,0.0081,0.0078,90+ DPD,0,None,0.8239,days_past_due,dpd_roll_max_6m,interest_rate_imputed,Audit & Data Quality Exception Review,0.9838
LN0030795,2025-10,0.014,0.026,0.011,0.0235,Current,0,None,0.2388,credit_score_ordinal,interest_rate_imputed,balance_change_1m_pct,Standard Portfolio Surveillance,0.9781
LN0030804,2025-11,0.6989,0.6621,0.2064,0.0083,60-89 DPD,0,None,0.5541,days_past_due,dpd_roll_max_6m,balance_change_1m_pct,Active Credit Workout & Pre-Foreclosure Outreach,0.6
LN0030815,2022-11,0.014,0.026,0.0342,0.0495,Current,0,None,0.1713,credit_score_ordinal,balance_change_1m_pct,interest_rate_imputed,Standard Portfolio Surveillance,0.9315
LN0030830,2024-10,0.02,0.0377,0.0153,0.0235,Current,0,None,0.0838,interest_rate_imputed,balance_change_1m_pct,balance_to_orig_ratio,Standard Portfolio Surveillance,0.9694
LN0030837,2025-03,0.0099,0.0179,0.0245,0.0235,Current,0,None,0.2374,balance_change_1m_pct,interest_rate_imputed,balance_to_orig_ratio,Standard Portfolio Surveillance,0.9509
LN0030838,2023-09,0.0099,0.0179,0.0237,0.0495,Current,0,None,0.3005,balance_change_1m_pct,interest_rate_imputed,balance_to_orig_ratio,Standard Portfolio Surveillance,0.9525
LN0030854,2024-12,0.014,0.026,0.011,0.0101,Current,0,None,0.4264,balance_change_1m_pct,credit_score_ordinal,interest_rate_imputed,Standard Portfolio Surveillance,0.9781
LN0030883,2024-05,0.02,0.0377,0.0237,0.0495,Current,0,None,0.1919,interest_rate_imputed,balance_change_1m_pct,balance_to_orig_ratio,Standard Portfolio Surveillance,0.9525
LN0030893,2025-08,0.0273,0.0644,0.0143,0.0147,Current,0,None,0.3199,interest_rate_imputed,balance_change_1m_pct,balance_to_orig_ratio,Standard Portfolio Surveillance,0.9713
LN0030897,2024-11,0.0118,0.0213,0.011,0.0235,Current,0,None,0.3913,credit_score_ordinal,interest_rate_imputed,balance_change_1m_pct,Standard Portfolio Surveillance,0.9781
LN0030917,2024-09,0.0175,0.0348,0.0234,0.0412,Current,0,None,0.5133,dpd_roll_max_6m,balance_change_1m_pct,credit_score_ordinal,Standard Portfolio Surveillance,0.9531
LN0030937,2024-09,0.02,0.0377,0.0342,0.0412,Current,0,None,0.1939,credit_score_ordinal,interest_rate_imputed,balance_change_1m_pct,Standard Portfolio Surveillance,0.9315
LN0030944,2024-01,0.02,0.0377,0.0245,0.03,Current,0,None,0.1499,credit_score_ordinal,interest_rate_imputed,balance_change_1m_pct,Standard Portfolio Surveillance,0.9509
LN0030958,2025-10,0.0326,0.048,0.0261,0.0235,Current,0,None,0.5502,dpd_roll_max_6m,credit_score_ordinal,interest_rate_imputed,Standard Portfolio Surveillance,0.9479
LN0030979,2025-11,0.0345,0.0156,0.0143,0.0101,Current,0,None,0.3398,credit_score_ordinal,interest_rate_imputed,balance_change_1m_pct,Standard Portfolio Surveillance,0.9713
LN0030982,2025-06,0.0183,0.0309,0.0234,0.03,Current,0,None,0.5845,dpd_roll_max_6m,balance_change_1m_pct,credit_score_ordinal,Standard Portfolio Surveillance,0.9531
LN0030993,2023-07,0.0099,0.0179,0.0237,0.0495,Current,0,None,0.2006,credit_score_ordinal,interest_rate_imputed,balance_change_1m_pct,Standard Portfolio Surveillance,0.9525
LN0030997,2024-08,0.0038,0.0059,0.0081,0.0078,Default,1,Data Conflict,0.4684,credit_score_ordinal,interest_rate_imputed,balance_change_1m_pct,Audit & Data Quality Exception Review,0.9838
LN0031004,2026-03,0.0099,0.0179,0.011,0.0101,Current,0,None,0.4016,credit_score_ordinal,interest_rate_imputed,balance_change_1m_pct,Standard Portfolio Surveillance,0.9781
LN0031006,2025-12,0.0183,0.0309,0.0106,0.0147,Current,0,None,0.2128,interest_rate_imputed,balance_change_1m_pct,balance_to_orig_ratio,Standard Portfolio Surveillance,0.9788
LN0031010,2023-04,0.0038,0.0059,0.0081,0.0078,Default,1,Data Conflict,0.5448,days_past_due,dpd_roll_max_6m,credit_score_ordinal,Audit & Data Quality Exception Review,0.9838
LN0031022,2024-01,0.014,0.026,0.0342,0.0412,Current,0,None,0.1479,credit_score_ordinal,interest_rate_imputed,balance_change_1m_pct,Standard Portfolio Surveillance,0.9315
LN0031024,2023-03,0.0223,0.0571,0.0535,0.0495,Current,0,None,0.132,credit_score_ordinal,interest_rate_imputed,balance_change_1m_pct,Standard Portfolio Surveillance,0.893
LN0031027,2024-08,0.0183,0.0309,0.0234,0.0412,Current,0,None,0.4333,balance_change_1m_pct,interest_rate_imputed,credit_score_ordinal,Standard Portfolio Surveillance,0.9531
LN0031044,2023-11,0.0038,0.0059,0.0081,0.0078,Prepaid,0,None,0.6679,balance_change_1m_pct,balance_to_orig_ratio,credit_score_ordinal,Audit & Data Quality Exception Review,0.9838
LN0031079,2024-08,0.02,0.0377,0.0237,0.0412,Current,0,None,0.2898,credit_score_ordinal,balance_to_orig_ratio,balance_change_1m_pct,Standard Portfolio Surveillance,0.9525
LN0031092,2025-02,0.0345,0.048,0.0535,0.0412,Current,0,None,0.2591,balance_change_1m_pct,interest_rate_imputed,balance_to_orig_ratio,Standard Portfolio Surveillance,0.893
LN0031102,2024-03,0.014,0.026,0.0342,0.0412,Current,0,None,0.311,balance_change_1m_pct,credit_score_ordinal,interest_rate_imputed,Standard Portfolio Surveillance,0.9315
LN0031104,2025-02,0.0942,0.0644,0.0847,0.0412,Current,0,None,0.2613,interest_rate_imputed,balance_change_1m_pct,balance_to_orig_ratio,Standard Portfolio Surveillance,0.8305
LN0031119,2024-01,0.0942,0.1674,0.0847,0.0495,Current,0,None,0.277,credit_score_ordinal,interest_rate_imputed,balance_change_1m_pct,Standard Portfolio Surveillance,0.8305
LN0031128,2025-07,0.0183,0.0309,0.0234,0.0235,Current,0,None,0.4165,dpd_roll_max_6m,credit_score_ordinal,interest_rate_imputed,Standard Portfolio Surveillance,0.9531
LN0031132,2025-04,0.0326,0.048,0.0535,0.0412,Current,0,None,0.0932,credit_score_ordinal,interest_rate_imputed,balance_change_1m_pct,Standard Portfolio Surveillance,0.893
LN0031151,2022-03,0.0038,0.0059,0.0081,0.0078,Default,1,Data Conflict,0.3595,credit_score_ordinal,interest_rate_imputed,balance_change_1m_pct,Audit & Data Quality Exception Review,0.9838
LN0031153,2024-08,0.0038,0.0059,0.0081,0.0078,Prepaid,0,None,0.8463,balance_change_1m_pct,balance_to_orig_ratio,credit_score_ordinal,Audit & Data Quality Exception Review,0.9838
LN0031161,2022-11,0.0038,0.0059,0.0081,0.0078,Default,1,Data Conflict,0.3926,balance_change_1m_pct,interest_rate_imputed,balance_to_orig_ratio,Audit & Data Quality Exception Review,0.9838
LN0031172,2024-04,0.0038,0.0059,0.0081,0.0078,Prepaid,0,None,0.6132,balance_change_1m_pct,balance_to_orig_ratio,credit_score_ordinal,Standard Portfolio Surveillance,0.9838
LN0031181,2024-08,0.0223,0.048,0.0535,0.0495,Current,0,None,0.1913,interest_rate_imputed,balance_change_1m_pct,credit_score_ordinal,Standard Portfolio Surveillance,0.893
LN0031182,2025-08,0.0223,0.0156,0.0143,0.0101,Current,0,None,0.2108,interest_rate_imputed,balance_change_1m_pct,balance_to_orig_ratio,Standard Portfolio Surveillance,0.9713
LN0031183,2023-02,0.02,0.0377,0.0237,0.0495,Current,0,None,0.2353,balance_change_1m_pct,credit_score_ordinal,interest_rate_imputed,Standard Portfolio Surveillance,0.9525
LN0031190,2024-09,0.0403,0.0309,0.0234,0.03,Current,0,None,0.1453,interest_rate_imputed,credit_score_ordinal,balance_change_1m_pct,Standard Portfolio Surveillance,0.9531
LN0031193,2025-05,0.014,0.026,0.011,0.0101,Current,0,None,0.2735,credit_score_ordinal,balance_change_1m_pct,interest_rate_imputed,Standard Portfolio Surveillance,0.9781
LN0031202,2023-10,0.0326,0.048,0.0535,0.0177,Current,0,None,0.2214,interest_rate_imputed,balance_change_1m_pct,credit_score_ordinal,Standard Portfolio Surveillance,0.893
LN0031227,2024-05,0.0223,0.048,0.0535,0.0495,Current,0,None,0.1222,credit_score_ordinal,balance_change_1m_pct,interest_rate_imputed,Standard Portfolio Surveillance,0.893
LN0031269,2025-08,0.0099,0.0179,0.0245,0.03,Current,0,None,0.4857,dpd_roll_max_6m,interest_rate_imputed,balance_change_1m_pct,Standard Portfolio Surveillance,0.9509
LN0031283,2023-10,0.0038,0.0059,0.0081,0.0078,Default,1,Data Conflict,0.4563,credit_score_ordinal,balance_change_1m_pct,interest_rate_imputed,Audit & Data Quality Exception Review,0.9838
LN0031307,2023-03,0.0321,0.0648,0.0374,0.0495,Current,0,None,0.2977,interest_rate_imputed,balance_change_1m_pct,credit_score_ordinal,Standard Portfolio Surveillance,0.9252
LN0031344,2023-10,0.02,0.0377,0.0342,0.0495,Current,0,None,0.1119,interest_rate_imputed,balance_change_1m_pct,balance_to_orig_ratio,Standard Portfolio Surveillance,0.9315
LN0031355,2024-12,0.0223,0.0156,0.0143,0.0101,Current,0,None,0.238,balance_change_1m_pct,balance_to_orig_ratio,interest_rate_imputed,Standard Portfolio Surveillance,0.9713
LN0031368,2024-04,0.0942,0.1674,0.0847,0.0495,Current,0,None,0.2211,credit_score_ordinal,interest_rate_imputed,balance_change_1m_pct,Standard Portfolio Surveillance,0.8305
LN0031371,2024-05,0.0403,0.0309,0.0234,0.03,Current,0,None,0.3547,balance_change_1m_pct,balance_to_orig_ratio,days_past_due,Standard Portfolio Surveillance,0.9531
LN0031431,2023-05,0.0223,0.0571,0.0535,0.0495,Current,0,None,0.1721,balance_change_1m_pct,interest_rate_imputed,balance_to_orig_ratio,Standard Portfolio Surveillance,0.893
LN0031460,2025-02,0.014,0.026,0.011,0.0235,Current,0,None,0.2979,credit_score_ordinal,balance_change_1m_pct,balance_to_orig_ratio,Standard Portfolio Surveillance,0.9781
LN0031467,2025-09,0.014,0.026,0.0245,0.0235,Current,0,None,0.3121,interest_rate_imputed,balance_change_1m_pct,balance_to_orig_ratio,Standard Portfolio Surveillance,0.9509
LN0031480,2024-02,0.014,0.026,0.0342,0.0495,Current,0,None,0.1795,credit_score_ordinal,interest_rate_imputed,balance_change_1m_pct,Standard Portfolio Surveillance,0.9315
LN0031517,2023-11,0.014,0.026,0.0342,0.0412,Current,0,None,0.1845,interest_rate_imputed,balance_change_1m_pct,balance_to_orig_ratio,Standard Portfolio Surveillance,0.9315
LN0031541,2024-01,0.0223,0.0571,0.0535,0.0495,Current,0,None,0.2732,balance_change_1m_pct,credit_score_ordinal,balance_to_orig_ratio,Standard Portfolio Surveillance,0.893
LN0031552,2025-06,0.02,0.0377,0.0245,0.03,Current,0,None,0.2951,balance_change_1m_pct,interest_rate_imputed,balance_to_orig_ratio,Standard Portfolio Surveillance,0.9509
LN0031558,2025-01,0.014,0.026,0.0342,0.0412,Current,0,None,0.2435,interest_rate_imputed,credit_score_ordinal,balance_change_1m_pct,Standard Portfolio Surveillance,0.9315
LN0031559,2023-11,0.0326,0.048,0.0535,0.0412,Current,0,None,0.305,interest_rate_imputed,balance_change_1m_pct,credit_score_ordinal,Standard Portfolio Surveillance,0.893
LN0031590,2025-09,0.0099,0.0179,0.011,0.0147,Current,0,None,0.2025,interest_rate_imputed,balance_change_1m_pct,balance_to_orig_ratio,Standard Portfolio Surveillance,0.9781
LN0031614,2023-07,0.0038,0.0059,0.0081,0.0078,Prepaid,0,None,0.6188,balance_change_1m_pct,balance_to_orig_ratio,credit_score_ordinal,Standard Portfolio Surveillance,0.9838
LN0031642,2023-12,0.0099,0.0179,0.0237,0.0412,Current,0,None,0.1985,interest_rate_imputed,balance_change_1m_pct,balance_to_orig_ratio,Standard Portfolio Surveillance,0.9525
LN0031663,2022-12,0.0223,0.0571,0.0535,0.0495,Current,0,None,0.182,credit_score_ordinal,balance_change_1m_pct,interest_rate_imputed,Standard Portfolio Surveillance,0.893
LN0031670,2023-12,0.014,0.026,0.0342,0.0412,Current,0,None,0.0494,interest_rate_imputed,balance_change_1m_pct,balance_to_orig_ratio,Standard Portfolio Surveillance,0.9315
LN0031683,2024-11,0.02,0.0377,0.011,0.0147,Current,0,None,0.2477,credit_score_ordinal,interest_rate_imputed,balance_change_1m_pct,Standard Portfolio Surveillance,0.9781
LN0031690,2023-06,0.0038,0.0059,0.0081,0.0078,Prepaid,0,None,0.6046,balance_change_1m_pct,balance_to_orig_ratio,credit_score_ordinal,Standard Portfolio Surveillance,0.9838
LN0031698,2025-09,0.0223,0.0156,0.0143,0.0101,Current,0,None,0.3655,balance_change_1m_pct,credit_score_ordinal,interest_rate_imputed,Standard Portfolio Surveillance,0.9713
LN0031755,2024-11,0.0099,0.0179,0.0153,0.0235,Current,0,None,0.258,interest_rate_imputed,balance_change_1m_pct,credit_score_ordinal,Standard Portfolio Surveillance,0.9694
LN0031799,2023-02,0.02,0.0377,0.0237,0.0495,Current,0,None,0.1812,credit_score_ordinal,balance_change_1m_pct,interest_rate_imputed,Standard Portfolio Surveillance,0.9525
LN0031803,2024-03,0.0038,0.0059,0.0081,0.0078,Default,1,Data Conflict,0.5726,days_past_due,dpd_roll_max_6m,credit_score_ordinal,Audit & Data Quality Exception Review,0.9838
LN0031806,2023-12,0.0099,0.0179,0.0237,0.0495,Current,0,None,0.1288,credit_score_ordinal,balance_change_1m_pct,interest_rate_imputed,Standard Portfolio Surveillance,0.9525
LN0031807,2022-11,0.0038,0.0059,0.0081,0.0078,Default,1,Data Conflict,0.3541,credit_score_ordinal,interest_rate_imputed,balance_change_1m_pct,Audit & Data Quality Exception Review,0.9838
LN0031815,2024-08,0.014,0.026,0.011,0.0235,Current,0,None,0.3101,interest_rate_imputed,balance_change_1m_pct,credit_score_ordinal,Standard Portfolio Surveillance,0.9781
LN0031816,2024-09,0.0326,0.048,0.0261,0.03,Current,0,None,0.1791,credit_score_ordinal,interest_rate_imputed,balance_change_1m_pct,Standard Portfolio Surveillance,0.9479
LN0031834,2023-04,0.0038,0.0059,0.0081,0.0078,Prepaid,0,None,0.6871,balance_change_1m_pct,balance_to_orig_ratio,interest_rate_imputed,Audit & Data Quality Exception Review,0.9838
LN0031839,2023-03,0.02,0.0377,0.0342,0.0495,Current,0,None,0.1894,credit_score_ordinal,balance_change_1m_pct,balance_to_orig_ratio,Standard Portfolio Surveillance,0.9315
LN0031862,2024-11,0.0118,0.0213,0.0237,0.0412,Current,0,None,0.1867,credit_score_ordinal,balance_to_orig_ratio,interest_rate_imputed,Standard Portfolio Surveillance,0.9525
LN0031865,2025-03,0.0326,0.0156,0.0143,0.0101,Current,0,None,0.3788,interest_rate_imputed,balance_change_1m_pct,credit_score_ordinal,Standard Portfolio Surveillance,0.9713
LN0031872,2024-02,0.014,0.026,0.0342,0.0355,Current,0,None,0.5125,dpd_roll_max_6m,credit_score_ordinal,balance_change_1m_pct,Standard Portfolio Surveillance,0.9315
LN0031879,2022-11,0.014,0.026,0.0342,0.0495,30-59 DPD,0,None,0.2699,credit_score_ordinal,balance_change_1m_pct,interest_rate_imputed,Standard Portfolio Surveillance,0.9315
LN0031884,2023-03,0.0038,0.0059,0.0081,0.0078,Default,1,Data Conflict,0.2922,interest_rate_imputed,balance_change_1m_pct,balance_to_orig_ratio,Audit & Data Quality Exception Review,0.9838
LN0031890,2025-02,0.0223,0.048,0.0261,0.03,30-59 DPD,0,None,0.4391,balance_change_1m_pct,interest_rate_imputed,credit_score_ordinal,Standard Portfolio Surveillance,0.9479
LN0031898,2023-12,0.0038,0.0059,0.0081,0.0078,Prepaid,0,None,0.6897,balance_change_1m_pct,balance_to_orig_ratio,credit_score_ordinal,Audit & Data Quality Exception Review,0.9838
LN0031924,2024-06,0.0326,0.048,0.0535,0.0412,30-59 DPD,0,None,0.1313,credit_score_ordinal,interest_rate_imputed,balance_to_orig_ratio,Standard Portfolio Surveillance,0.893
LN0031939,2023-06,0.0099,0.0179,0.0237,0.0495,Current,0,None,0.2416,credit_score_ordinal,interest_rate_imputed,balance_change_1m_pct,Standard Portfolio Surveillance,0.9525
LN0031964,2024-09,0.0038,0.0059,0.0081,0.0078,Default,0,None,0.7122,days_past_due,dpd_roll_max_6m,credit_score_ordinal,Audit & Data Quality Exception Review,0.9838
LN0031976,2024-06,0.0175,0.0648,0.0234,0.0495,Current,0,None,0.2314,balance_change_1m_pct,credit_score_ordinal,interest_rate_imputed,Standard Portfolio Surveillance,0.9531
LN0031993,2023-04,0.0038,0.0059,0.0081,0.0078,Prepaid,0,None,0.7587,balance_change_1m_pct,balance_to_orig_ratio,credit_score_ordinal,Audit & Data Quality Exception Review,0.9838
LN0031998,2025-02,0.0403,0.0771,0.0614,0.0412,Current,0,None,0.2025,credit_score_ordinal,interest_rate_imputed,balance_change_1m_pct,Standard Portfolio Surveillance,0.8771
LN0032013,2024-01,0.02,0.0377,0.0342,0.0495,Current,0,None,0.2855,interest_rate_imputed,balance_change_1m_pct,balance_to_orig_ratio,Standard Portfolio Surveillance,0.9315
LN0032015,2023-03,0.0223,0.0571,0.0535,0.0495,Current,0,None,0.2096,interest_rate_imputed,balance_change_1m_pct,credit_score_ordinal,Standard Portfolio Surveillance,0.893
LN0032039,2023-03,0.0038,0.0059,0.0081,0.0078,Prepaid,0,None,0.7256,balance_change_1m_pct,balance_to_orig_ratio,interest_rate_imputed,Audit & Data Quality Exception Review,0.9838
LN0032053,2025-05,0.0223,0.0156,0.0143,0.0147,Current,0,None,0.3501,credit_score_ordinal,interest_rate_imputed,balance_to_orig_ratio,Standard Portfolio Surveillance,0.9713
LN0032068,2023-10,0.014,0.026,0.0342,0.0495,Current,0,None,0.1448,credit_score_ordinal,balance_change_1m_pct,interest_rate_imputed,Standard Portfolio Surveillance,0.9315
LN0032091,2025-02,0.6989,0.6621,0.2999,0.0172,60-89 DPD,0,None,0.4331,balance_change_1m_pct,interest_rate_imputed,credit_score_ordinal,Active Credit Workout & Pre-Foreclosure Outreach,0.6
LN0032108,2024-08,0.0038,0.0059,0.0081,0.0078,Prepaid,0,None,0.6558,balance_change_1m_pct,balance_to_orig_ratio,interest_rate_imputed,Audit & Data Quality Exception Review,0.9838
LN0032109,2024-04,0.0099,0.0179,0.0237,0.0495,Current,0,None,0.29,interest_rate_imputed,balance_change_1m_pct,credit_score_ordinal,Standard Portfolio Surveillance,0.9525
LN0032118,2026-06,0.0345,0.0156,0.0143,0.0101,Current,0,None,0.2557,interest_rate_imputed,balance_change_1m_pct,balance_to_orig_ratio,Standard Portfolio Surveillance,0.9713
LN0032151,2024-04,0.0038,0.0059,0.0081,0.0078,Default,1,Data Conflict,0.3546,interest_rate_imputed,credit_score_ordinal,balance_change_1m_pct,Audit & Data Quality Exception Review,0.9838
LN0032159,2024-06,0.0099,0.0179,0.0153,0.0235,Current,0,None,0.3848,credit_score_ordinal,interest_rate_imputed,balance_change_1m_pct,Standard Portfolio Surveillance,0.9694
LN0032169,2024-02,0.0099,0.0179,0.0237,0.0495,Current,0,None,0.4813,credit_score_ordinal,balance_change_1m_pct,balance_to_orig_ratio,Standard Portfolio Surveillance,0.9525
LN0032191,2025-04,0.0099,0.0179,0.0237,0.0412,Current,0,None,0.3437,balance_change_1m_pct,credit_score_ordinal,interest_rate_imputed,Standard Portfolio Surveillance,0.9525
LN0032196,2025-07,0.014,0.026,0.011,0.0101,Current,0,None,0.2714,credit_score_ordinal,balance_change_1m_pct,interest_rate_imputed,Standard Portfolio Surveillance,0.9781
LN0032207,2023-12,0.0099,0.0179,0.0237,0.0412,Current,0,None,0.2575,interest_rate_imputed,credit_score_ordinal,balance_change_1m_pct,Standard Portfolio Surveillance,0.9525
LN0032210,2024-05,0.0561,0.1023,0.0847,0.0495,Current,0,None,0.1279,interest_rate_imputed,balance_change_1m_pct,balance_to_orig_ratio,Standard Portfolio Surveillance,0.8305
LN0032214,2023-09,0.02,0.0377,0.0342,0.0495,Current,0,None,0.1513,credit_score_ordinal,interest_rate_imputed,balance_change_1m_pct,Standard Portfolio Surveillance,0.9315
LN0032215,2024-02,0.0326,0.048,0.0535,0.0412,Current,0,None,0.2225,credit_score_ordinal,interest_rate_imputed,balance_change_1m_pct,Standard Portfolio Surveillance,0.893
LN0032220,2024-09,0.0038,0.0059,0.0081,0.0078,Default,0,None,0.5354,days_past_due,dpd_roll_max_6m,interest_rate_imputed,Standard Portfolio Surveillance,0.9838
LN0032222,2024-04,0.0175,0.0348,0.0234,0.03,Current,0,None,0.3216,balance_change_1m_pct,interest_rate_imputed,credit_score_ordinal,Standard Portfolio Surveillance,0.9531
LN0032224,2025-01,0.0273,0.0644,0.0143,0.0235,Current,0,None,0.2973,credit_score_ordinal,interest_rate_imputed,balance_to_orig_ratio,Standard Portfolio Surveillance,0.9713
LN0032225,2025-05,0.0326,0.048,0.0261,0.03,Current,0,None,0.5013,balance_change_1m_pct,interest_rate_imputed,credit_score_ordinal,Standard Portfolio Surveillance,0.9479
LN0032232,2023-07,0.0326,0.048,0.0535,0.0495,Current,0,None,0.1888,credit_score_ordinal,interest_rate_imputed,balance_change_1m_pct,Standard Portfolio Surveillance,0.893
LN0032239,2023-03,0.0403,0.0771,0.0614,0.0495,Current,0,None,0.3678,credit_score_ordinal,balance_change_1m_pct,balance_to_orig_ratio,Standard Portfolio Surveillance,0.8771
LN0032243,2024-08,0.0099,0.0179,0.0153,0.0235,Current,0,None,0.4608,balance_change_1m_pct,credit_score_ordinal,interest_rate_imputed,Standard Portfolio Surveillance,0.9694
LN0032245,2024-04,0.0326,0.048,0.0535,0.0412,Current,0,None,0.2409,interest_rate_imputed,balance_change_1m_pct,credit_score_ordinal,Standard Portfolio Surveillance,0.893
LN0032256,2024-04,0.014,0.026,0.0342,0.0412,Current,0,None,0.3488,balance_change_1m_pct,interest_rate_imputed,balance_to_orig_ratio,Standard Portfolio Surveillance,0.9315
LN0032271,2025-04,0.0038,0.0059,0.0081,0.0078,Default,1,Data Conflict,0.5385,interest_rate_imputed,balance_change_1m_pct,balance_to_orig_ratio,Audit & Data Quality Exception Review,0.9838
LN0032288,2023-10,0.0038,0.0059,0.0081,0.0078,Default,1,Data Conflict,0.5784,days_past_due,dpd_roll_max_6m,credit_score_ordinal,Audit & Data Quality Exception Review,0.9838
LN0032310,2023-03,0.0038,0.0059,0.0081,0.0078,Default,0,None,0.7001,days_past_due,dpd_roll_max_6m,balance_change_1m_pct,Audit & Data Quality Exception Review,0.9838
LN0032331,2025-01,0.0321,0.0348,0.0234,0.03,Current,0,None,0.348,credit_score_ordinal,interest_rate_imputed,balance_change_1m_pct,Standard Portfolio Surveillance,0.9531
LN0032344,2024-04,0.02,0.0377,0.0153,0.0235,Current,0,None,0.2329,credit_score_ordinal,balance_change_1m_pct,interest_rate_imputed,Standard Portfolio Surveillance,0.9694
LN0032366,2024-10,0.0403,0.0309,0.0234,0.03,Current,0,None,0.3112,credit_score_ordinal,balance_change_1m_pct,balance_to_orig_ratio,Standard Portfolio Surveillance,0.9531
LN0032382,2023-08,0.014,0.026,0.0342,0.0412,Current,0,None,0.4504,balance_change_1m_pct,balance_to_orig_ratio,days_past_due,Standard Portfolio Surveillance,0.9315
LN0032414,2023-09,0.0223,0.0571,0.0535,0.0495,Current,0,None,0.1328,credit_score_ordinal,interest_rate_imputed,balance_change_1m_pct,Standard Portfolio Surveillance,0.893
LN0032425,2026-03,0.0223,0.0156,0.0143,0.0101,Current,0,None,0.571,balance_change_1m_pct,interest_rate_imputed,credit_score_ordinal,Standard Portfolio Surveillance,0.9713
LN0032448,2024-02,0.0223,0.048,0.0535,0.0412,Current,0,None,0.3276,balance_change_1m_pct,credit_score_ordinal,interest_rate_imputed,Standard Portfolio Surveillance,0.893
LN0032451,2023-06,0.02,0.0377,0.0342,0.0495,Current,0,None,0.2218,balance_change_1m_pct,interest_rate_imputed,balance_to_orig_ratio,Standard Portfolio Surveillance,0.9315
LN0032474,2024-01,0.0223,0.048,0.0535,0.0412,Current,0,None,0.2333,interest_rate_imputed,balance_change_1m_pct,balance_to_orig_ratio,Standard Portfolio Surveillance,0.893
LN0032478,2023-12,0.0326,0.048,0.0535,0.0412,Current,0,None,0.1346,credit_score_ordinal,interest_rate_imputed,balance_change_1m_pct,Standard Portfolio Surveillance,0.893
LN0032501,2024-05,0.0345,0.048,0.0535,0.0412,Current,0,None,0.1461,credit_score_ordinal,interest_rate_imputed,balance_change_1m_pct,Standard Portfolio Surveillance,0.893
LN0032503,2024-07,0.0223,0.048,0.0535,0.0412,Current,0,None,0.1742,interest_rate_imputed,balance_change_1m_pct,balance_to_orig_ratio,Standard Portfolio Surveillance,0.893
LN0032547,2026-04,0.0687,0.0644,0.0143,0.0101,Current,0,None,0.5855,balance_change_1m_pct,interest_rate_imputed,balance_to_orig_ratio,Standard Portfolio Surveillance,0.9713
LN0032555,2025-07,0.014,0.026,0.011,0.0147,Current,0,None,0.2527,credit_score_ordinal,interest_rate_imputed,balance_change_1m_pct,Standard Portfolio Surveillance,0.9781
LN0032559,2024-09,0.0687,0.0644,0.0261,0.03,Current,0,None,0.2266,credit_score_ordinal,interest_rate_imputed,balance_change_1m_pct,Standard Portfolio Surveillance,0.9479
LN0032581,2024-09,0.02,0.0377,0.0245,0.03,Current,0,None,0.2344,credit_score_ordinal,interest_rate_imputed,balance_change_1m_pct,Standard Portfolio Surveillance,0.9509
LN0032594,2023-10,0.0099,0.0179,0.0237,0.0495,Current,0,None,0.17,credit_score_ordinal,balance_change_1m_pct,interest_rate_imputed,Standard Portfolio Surveillance,0.9525
LN0032602,2025-01,0.6989,0.6621,0.0081,0.0078,90+ DPD,0,None,0.8532,days_past_due,dpd_roll_max_6m,balance_change_1m_pct,Audit & Data Quality Exception Review,0.9838
LN0032606,2024-04,0.0223,0.048,0.0535,0.0412,Current,0,None,0.1332,interest_rate_imputed,balance_change_1m_pct,balance_to_orig_ratio,Standard Portfolio Surveillance,0.893
LN0032611,2025-03,0.0345,0.0156,0.0143,0.0101,Current,0,None,0.3514,credit_score_ordinal,interest_rate_imputed,balance_change_1m_pct,Standard Portfolio Surveillance,0.9713
LN0032617,2024-09,0.0326,0.048,0.0261,0.03,30-59 DPD,0,None,0.2817,credit_score_ordinal,interest_rate_imputed,balance_change_1m_pct,Standard Portfolio Surveillance,0.9479
LN0032620,2024-12,0.02,0.0377,0.011,0.0101,Current,0,None,0.8038,days_past_due,dpd_roll_max_6m,balance_change_1m_pct,Audit & Data Quality Exception Review,0.9781
LN0032630,2023-08,0.0345,0.0571,0.0535,0.0495,Current,0,None,0.1509,interest_rate_imputed,balance_change_1m_pct,balance_to_orig_ratio,Standard Portfolio Surveillance,0.893
LN0032634,2025-01,0.0099,0.0179,0.011,0.0235,Current,0,None,0.2131,interest_rate_imputed,credit_score_ordinal,balance_change_1m_pct,Standard Portfolio Surveillance,0.9781
LN0032677,2025-01,0.0099,0.0179,0.0245,0.03,Prepaid,0,None,0.5063,balance_change_1m_pct,interest_rate_imputed,balance_to_orig_ratio,Standard Portfolio Surveillance,0.9509
LN0032678,2025-09,0.02,0.0377,0.011,0.0147,Current,0,None,0.1587,credit_score_ordinal,interest_rate_imputed,balance_change_1m_pct,Standard Portfolio Surveillance,0.9781
LN0032685,2024-02,0.014,0.026,0.0342,0.0412,Current,0,None,0.2755,credit_score_ordinal,interest_rate_imputed,balance_change_1m_pct,Standard Portfolio Surveillance,0.9315
LN0032687,2025-03,0.0175,0.0348,0.0234,0.03,Current,0,None,0.3502,interest_rate_imputed,credit_score_ordinal,balance_change_1m_pct,Standard Portfolio Surveillance,0.9531
LN0032697,2023-10,0.0038,0.0059,0.0081,0.0078,Default,1,Data Conflict,0.3551,credit_score_ordinal,balance_change_1m_pct,interest_rate_imputed,Audit & Data Quality Exception Review,0.9838
LN0032740,2024-01,0.02,0.0377,0.0342,0.0495,Current,0,None,0.1837,credit_score_ordinal,balance_change_1m_pct,interest_rate_imputed,Standard Portfolio Surveillance,0.9315
LN0032743,2024-02,0.0485,0.0887,0.0535,0.0495,30-59 DPD,0,None,0.1814,credit_score_ordinal,interest_rate_imputed,balance_change_1m_pct,Standard Portfolio Surveillance,0.893
LN0032782,2025-09,0.0175,0.0648,0.0234,0.0235,Current,0,None,0.1962,credit_score_ordinal,balance_change_1m_pct,interest_rate_imputed,Standard Portfolio Surveillance,0.9531
LN0032809,2023-10,0.02,0.0377,0.0342,0.0495,Current,0,None,0.2356,interest_rate_imputed,balance_change_1m_pct,credit_score_ordinal,Standard Portfolio Surveillance,0.9315
LN0032811,2023-06,0.0223,0.048,0.0535,0.0495,30-59 DPD,0,None,0.1752,credit_score_ordinal,interest_rate_imputed,balance_change_1m_pct,Standard Portfolio Surveillance,0.893
LN0032816,2023-10,0.014,0.026,0.0342,0.0495,Current,0,None,0.1241,balance_change_1m_pct,interest_rate_imputed,balance_to_orig_ratio,Standard Portfolio Surveillance,0.9315
LN0032825,2023-05,0.0223,0.0571,0.0535,0.0495,Current,0,None,0.2263,credit_score_ordinal,balance_change_1m_pct,interest_rate_imputed,Standard Portfolio Surveillance,0.893
LN0032831,2024-01,0.0038,0.0059,0.0081,0.0078,Prepaid,0,None,0.7327,balance_change_1m_pct,balance_to_orig_ratio,interest_rate_imputed,Audit & Data Quality Exception Review,0.9838
LN0032832,2023-07,0.0175,0.0648,0.0374,0.0495,Current,0,None,0.1112,credit_score_ordinal,interest_rate_imputed,balance_change_1m_pct,Standard Portfolio Surveillance,0.9252
LN0032868,2024-07,0.0099,0.0179,0.011,0.0235,Current,0,None,0.2538,interest_rate_imputed,balance_to_orig_ratio,balance_change_1m_pct,Standard Portfolio Surveillance,0.9781
LN0032896,2023-05,0.014,0.026,0.0342,0.0495,Current,0,None,0.1948,interest_rate_imputed,credit_score_ordinal,balance_change_1m_pct,Standard Portfolio Surveillance,0.9315
LN0032903,2023-09,0.0561,0.1023,0.0847,0.0495,Current,0,None,0.1934,credit_score_ordinal,balance_change_1m_pct,interest_rate_imputed,Standard Portfolio Surveillance,0.8305
LN0032953,2024-12,0.0403,0.0771,0.0234,0.03,30-59 DPD,0,None,0.3205,credit_score_ordinal,interest_rate_imputed,balance_change_1m_pct,Standard Portfolio Surveillance,0.9531
LN0032954,2023-05,0.0326,0.048,0.0535,0.0495,Current,0,None,0.239,credit_score_ordinal,interest_rate_imputed,balance_change_1m_pct,Standard Portfolio Surveillance,0.893
LN0032957,2024-12,0.02,0.0377,0.0342,0.0412,Current,0,None,0.3279,dpd_roll_max_6m,balance_change_1m_pct,credit_score_ordinal,Standard Portfolio Surveillance,0.9315
LN0032963,2025-06,0.0175,0.0348,0.0374,0.03,Current,0,None,0.3475,balance_change_1m_pct,balance_to_orig_ratio,days_past_due,Standard Portfolio Surveillance,0.9252
LN0032968,2023-08,0.0942,0.1674,0.0847,0.0495,Current,0,None,0.0984,interest_rate_imputed,balance_change_1m_pct,balance_to_orig_ratio,Standard Portfolio Surveillance,0.8305
LN0032976,2025-02,0.0321,0.0348,0.0374,0.0412,Current,0,None,0.1726,credit_score_ordinal,interest_rate_imputed,balance_change_1m_pct,Standard Portfolio Surveillance,0.9252
LN0032987,2024-10,0.0038,0.0059,0.0081,0.0078,Default,1,Data Conflict,0.2944,interest_rate_imputed,balance_change_1m_pct,balance_to_orig_ratio,Audit & Data Quality Exception Review,0.9838
LN0032999,2023-05,0.0038,0.0059,0.0081,0.0078,Prepaid,0,None,0.7383,balance_change_1m_pct,balance_to_orig_ratio,credit_score_ordinal,Audit & Data Quality Exception Review,0.9838
LN0033004,2023-07,0.0038,0.0059,0.0081,0.0078,Default,1,Data Conflict,0.3636,credit_score_ordinal,interest_rate_imputed,balance_change_1m_pct,Audit & Data Quality Exception Review,0.9838
LN0033039,2024-03,0.0099,0.0179,0.0237,0.0495,Current,0,None,0.2304,credit_score_ordinal,interest_rate_imputed,balance_change_1m_pct,Standard Portfolio Surveillance,0.9525
LN0033042,2024-11,0.0345,0.0156,0.0143,0.0101,Current,0,None,0.4274,balance_change_1m_pct,credit_score_ordinal,balance_to_orig_ratio,Standard Portfolio Surveillance,0.9713
LN0033057,2025-09,0.014,0.026,0.0153,0.0235,Current,0,None,0.226,credit_score_ordinal,interest_rate_imputed,balance_change_1m_pct,Standard Portfolio Surveillance,0.9694
LN0033061,2025-02,0.0118,0.0213,0.0237,0.0412,Current,0,None,0.1788,interest_rate_imputed,credit_score_ordinal,balance_change_1m_pct,Standard Portfolio Surveillance,0.9525
LN0033064,2024-09,0.0118,0.0213,0.0237,0.0412,Current,0,None,0.3265,balance_change_1m_pct,credit_score_ordinal,balance_to_orig_ratio,Standard Portfolio Surveillance,0.9525
LN0033086,2024-09,0.0038,0.0059,0.0081,0.0078,Prepaid,0,None,0.6191,balance_change_1m_pct,balance_to_orig_ratio,credit_score_ordinal,Standard Portfolio Surveillance,0.9838
LN0033121,2024-07,0.02,0.0377,0.0237,0.0412,Current,0,None,0.2412,credit_score_ordinal,interest_rate_imputed,balance_change_1m_pct,Standard Portfolio Surveillance,0.9525
LN0033135,2023-04,0.014,0.026,0.0342,0.0495,Current,0,None,0.1908,balance_change_1m_pct,credit_score_ordinal,interest_rate_imputed,Standard Portfolio Surveillance,0.9315
LN0033144,2024-11,0.02,0.0377,0.0342,0.0412,Current,0,None,0.2714,interest_rate_imputed,balance_change_1m_pct,balance_to_orig_ratio,Standard Portfolio Surveillance,0.9315
LN0033146,2024-10,0.0038,0.0059,0.0081,0.0078,Prepaid,0,None,0.5917,balance_change_1m_pct,balance_to_orig_ratio,interest_rate_imputed,Standard Portfolio Surveillance,0.9838
LN0033160,2023-07,0.0099,0.0179,0.0237,0.0495,Current,0,None,0.1201,credit_score_ordinal,balance_change_1m_pct,interest_rate_imputed,Standard Portfolio Surveillance,0.9525
LN0033189,2025-01,0.0223,0.048,0.0535,0.0412,Current,0,None,0.3324,interest_rate_imputed,balance_change_1m_pct,credit_score_ordinal,Standard Portfolio Surveillance,0.893
LN0033203,2024-09,0.0687,0.0644,0.0143,0.0235,Current,0,None,0.2753,credit_score_ordinal,interest_rate_imputed,balance_change_1m_pct,Standard Portfolio Surveillance,0.9713
LN0033258,2024-01,0.02,0.0377,0.0245,0.03,Current,0,None,0.2498,credit_score_ordinal,interest_rate_imputed,balance_change_1m_pct,Standard Portfolio Surveillance,0.9509
LN0033290,2024-06,0.0038,0.0059,0.0081,0.0078,Prepaid,0,None,0.6062,balance_change_1m_pct,balance_to_orig_ratio,credit_score_ordinal,Standard Portfolio Surveillance,0.9838
LN0033311,2025-03,0.0326,0.0156,0.0143,0.0147,Current,0,None,0.3142,interest_rate_imputed,balance_change_1m_pct,credit_score_ordinal,Standard Portfolio Surveillance,0.9713
LN0033317,2023-03,0.0345,0.0571,0.0535,0.0495,30-59 DPD,0,None,0.1345,credit_score_ordinal,interest_rate_imputed,balance_change_1m_pct,Standard Portfolio Surveillance,0.893
LN0033329,2024-10,0.0223,0.048,0.0535,0.0412,Current,0,None,0.1704,credit_score_ordinal,interest_rate_imputed,balance_change_1m_pct,Standard Portfolio Surveillance,0.893
LN0033340,2025-01,0.014,0.026,0.011,0.0101,Current,0,None,0.3486,balance_change_1m_pct,credit_score_ordinal,interest_rate_imputed,Standard Portfolio Surveillance,0.9781
LN0033353,2025-07,0.0038,0.0059,0.0081,0.0078,Default,1,Data Conflict,0.3669,interest_rate_imputed,balance_to_orig_ratio,balance_change_1m_pct,Audit & Data Quality Exception Review,0.9838
LN0033364,2024-03,0.014,0.026,0.0342,0.0495,Current,0,None,0.151,interest_rate_imputed,credit_score_ordinal,balance_change_1m_pct,Standard Portfolio Surveillance,0.9315
LN0033372,2024-12,0.0038,0.0059,0.0081,0.0078,Default,1,Data Conflict,0.2807,interest_rate_imputed,balance_change_1m_pct,balance_to_orig_ratio,Audit & Data Quality Exception Review,0.9838
LN0033450,2025-11,0.0175,0.0348,0.0106,0.0147,Current,0,None,0.4853,balance_change_1m_pct,interest_rate_imputed,credit_score_ordinal,Standard Portfolio Surveillance,0.9788
LN0033461,2023-03,0.0345,0.0571,0.0535,0.0495,Current,0,None,0.3673,interest_rate_imputed,balance_change_1m_pct,credit_score_ordinal,Standard Portfolio Surveillance,0.893
LN0033466,2024-07,0.0038,0.0059,0.0081,0.0078,Default,1,Data Conflict,0.6788,days_past_due,dpd_roll_max_6m,balance_change_1m_pct,Audit & Data Quality Exception Review,0.9838
LN0033492,2023-03,0.0038,0.0059,0.0081,0.0078,Default,1,Data Conflict,0.5459,days_past_due,dpd_roll_max_6m,interest_rate_imputed,Audit & Data Quality Exception Review,0.9838
LN0033582,2025-08,0.0326,0.0156,0.0143,0.0147,Current,0,None,0.3287,interest_rate_imputed,credit_score_ordinal,balance_change_1m_pct,Standard Portfolio Surveillance,0.9713
LN0033591,2023-07,0.02,0.0377,0.0342,0.0412,Current,0,None,0.1406,interest_rate_imputed,balance_change_1m_pct,balance_to_orig_ratio,Standard Portfolio Surveillance,0.9315
LN0033592,2024-05,0.0223,0.048,0.0535,0.0412,Current,0,None,0.2071,interest_rate_imputed,balance_change_1m_pct,balance_to_orig_ratio,Standard Portfolio Surveillance,0.893
LN0033594,2025-10,0.014,0.026,0.011,0.0101,Current,0,None,0.3163,interest_rate_imputed,credit_score_ordinal,balance_change_1m_pct,Standard Portfolio Surveillance,0.9781
LN0033635,2024-02,0.0223,0.048,0.0261,0.03,Current,0,None,0.461,balance_change_1m_pct,credit_score_ordinal,interest_rate_imputed,Standard Portfolio Surveillance,0.9479
LN0033649,2025-03,0.0326,0.0156,0.0143,0.0147,Current,0,None,0.5438,balance_change_1m_pct,interest_rate_imputed,balance_to_orig_ratio,Standard Portfolio Surveillance,0.9713
LN0033678,2025-04,0.0175,0.0648,0.0374,0.03,Current,0,None,0.1382,interest_rate_imputed,credit_score_ordinal,balance_change_1m_pct,Standard Portfolio Surveillance,0.9252
LN0033682,2024-09,0.0326,0.048,0.0535,0.0412,30-59 DPD,0,None,0.2815,credit_score_ordinal,interest_rate_imputed,balance_change_1m_pct,Standard Portfolio Surveillance,0.893
LN0033684,2023-03,0.014,0.026,0.0342,0.0495,Current,0,None,0.2197,balance_change_1m_pct,interest_rate_imputed,balance_to_orig_ratio,Standard Portfolio Surveillance,0.9315
LN0033716,2024-04,0.014,0.026,0.0342,0.0495,Current,0,None,0.1542,balance_change_1m_pct,credit_score_ordinal,interest_rate_imputed,Standard Portfolio Surveillance,0.9315
LN0033718,2023-10,0.02,0.0377,0.0342,0.0495,Current,0,None,0.1857,interest_rate_imputed,balance_change_1m_pct,credit_score_ordinal,Standard Portfolio Surveillance,0.9315
LN0033721,2023-04,0.0561,0.1023,0.0847,0.0495,30-59 DPD,0,None,0.2622,balance_change_1m_pct,credit_score_ordinal,interest_rate_imputed,Standard Portfolio Surveillance,0.8305
LN0033733,2025-10,0.0099,0.0179,0.011,0.0101,Current,0,None,0.2997,credit_score_ordinal,balance_change_1m_pct,interest_rate_imputed,Standard Portfolio Surveillance,0.9781
LN0033741,2023-12,0.0038,0.0059,0.0081,0.0078,Prepaid,0,None,0.73,balance_change_1m_pct,balance_to_orig_ratio,credit_score_ordinal,Audit & Data Quality Exception Review,0.9838
LN0033749,2023-06,0.0326,0.048,0.0535,0.0412,Current,0,None,0.3306,interest_rate_imputed,balance_change_1m_pct,credit_score_ordinal,Standard Portfolio Surveillance,0.893
LN0033773,2023-04,0.0038,0.0059,0.0081,0.0078,Prepaid,0,None,0.7086,balance_change_1m_pct,balance_to_orig_ratio,credit_score_ordinal,Audit & Data Quality Exception Review,0.9838
LN0033777,2024-10,0.0038,0.0059,0.0081,0.0078,Default,0,None,0.6623,days_past_due,dpd_roll_max_6m,balance_change_1m_pct,Audit & Data Quality Exception Review,0.9838
LN0033797,2024-01,0.0561,0.1023,0.0847,0.0495,Current,0,None,0.4448,interest_rate_imputed,balance_change_1m_pct,credit_score_ordinal,Standard Portfolio Surveillance,0.8305
LN0033813,2023-07,0.02,0.0377,0.0342,0.0495,Current,0,None,0.1227,credit_score_ordinal,interest_rate_imputed,balance_change_1m_pct,Standard Portfolio Surveillance,0.9315
LN0033831,2024-09,0.02,0.0377,0.0245,0.0235,Current,0,None,0.3107,interest_rate_imputed,balance_change_1m_pct,credit_score_ordinal,Standard Portfolio Surveillance,0.9509
LN0033837,2023-08,0.0038,0.0059,0.0081,0.0078,Prepaid,0,None,0.7188,balance_change_1m_pct,balance_to_orig_ratio,credit_score_ordinal,Audit & Data Quality Exception Review,0.9838
LN0033844,2022-02,0.0038,0.0059,0.0081,0.0078,Prepaid,0,None,0.5194,balance_to_orig_ratio,balance_change_1m_pct,credit_score_ordinal,Standard Portfolio Surveillance,0.9838
LN0033856,2025-05,0.0099,0.0179,0.0245,0.0235,Current,0,None,0.2067,interest_rate_imputed,balance_change_1m_pct,credit_score_ordinal,Standard Portfolio Surveillance,0.9509
LN0033872,2025-12,0.0223,0.0156,0.0143,0.0101,Current,0,None,0.3308,balance_change_1m_pct,interest_rate_imputed,credit_score_ordinal,Standard Portfolio Surveillance,0.9713
LN0033878,2024-07,0.0326,0.048,0.0535,0.0412,30-59 DPD,0,None,0.243,credit_score_ordinal,interest_rate_imputed,balance_change_1m_pct,Standard Portfolio Surveillance,0.893
LN0033889,2024-08,0.0326,0.048,0.0261,0.03,Current,0,None,0.2233,credit_score_ordinal,interest_rate_imputed,balance_change_1m_pct,Standard Portfolio Surveillance,0.9479
LN0033892,2023-03,0.0038,0.0059,0.0081,0.0078,Default,0,None,0.6865,days_past_due,dpd_roll_max_6m,balance_change_1m_pct,Audit & Data Quality Exception Review,0.9838
LN0033900,2023-07,0.014,0.026,0.0342,0.0495,Current,0,None,0.1751,interest_rate_imputed,credit_score_ordinal,balance_change_1m_pct,Standard Portfolio Surveillance,0.9315
LN0033951,2023-10,0.0403,0.0771,0.0614,0.0412,30-59 DPD,0,None,0.3039,interest_rate_imputed,credit_score_ordinal,balance_change_1m_pct,Standard Portfolio Surveillance,0.8771
LN0033969,2024-03,0.0038,0.0059,0.0081,0.0078,Default,1,Data Conflict,0.6852,days_past_due,dpd_roll_max_6m,credit_score_ordinal,Audit & Data Quality Exception Review,0.9838
LN0033989,2024-07,0.0099,0.0179,0.0237,0.0412,Current,0,None,0.1694,interest_rate_imputed,balance_change_1m_pct,balance_to_orig_ratio,Standard Portfolio Surveillance,0.9525
LN0033991,2024-11,0.0942,0.0644,0.0847,0.0412,Current,0,None,0.2499,credit_score_ordinal,interest_rate_imputed,balance_change_1m_pct,Standard Portfolio Surveillance,0.8305
LN0033995,2024-10,0.0223,0.048,0.0535,0.0412,Current,0,None,0.1656,interest_rate_imputed,credit_score_ordinal,balance_change_1m_pct,Standard Portfolio Surveillance,0.893
LN0034011,2025-12,0.02,0.0377,0.011,0.0101,Current,0,None,0.2871,credit_score_ordinal,interest_rate_imputed,balance_change_1m_pct,Standard Portfolio Surveillance,0.9781
LN0034015,2024-05,0.0183,0.0309,0.0234,0.0412,Current,0,None,0.3891,balance_change_1m_pct,credit_score_ordinal,balance_to_orig_ratio,Standard Portfolio Surveillance,0.9531
LN0034021,2024-06,0.0038,0.0059,0.0081,0.0078,Prepaid,0,None,0.6996,balance_change_1m_pct,balance_to_orig_ratio,interest_rate_imputed,Audit & Data Quality Exception Review,0.9838
LN0034030,2023-03,0.0038,0.0059,0.0081,0.0078,Prepaid,0,None,0.6095,balance_change_1m_pct,balance_to_orig_ratio,credit_score_ordinal,Standard Portfolio Surveillance,0.9838
LN0034032,2024-06,0.0099,0.0179,0.0153,0.0235,Current,0,None,0.4456,balance_change_1m_pct,interest_rate_imputed,credit_score_ordinal,Standard Portfolio Surveillance,0.9694
LN0034034,2025-06,0.0038,0.0059,0.0081,0.0078,Default,1,Data Conflict,0.3069,credit_score_ordinal,interest_rate_imputed,balance_change_1m_pct,Audit & Data Quality Exception Review,0.9838
LN0034037,2023-10,0.0099,0.0179,0.0237,0.0412,Current,0,None,0.3686,interest_rate_imputed,balance_change_1m_pct,balance_to_orig_ratio,Standard Portfolio Surveillance,0.9525
LN0034044,2024-08,0.0273,0.0644,0.0261,0.0235,Current,0,None,0.5025,balance_change_1m_pct,interest_rate_imputed,credit_score_ordinal,Standard Portfolio Surveillance,0.9479
LN0034051,2025-10,0.0345,0.048,0.0143,0.0235,Current,0,None,0.2196,interest_rate_imputed,balance_change_1m_pct,balance_to_orig_ratio,Standard Portfolio Surveillance,0.9713
LN0034085,2025-09,0.0345,0.0156,0.0143,0.0101,Current,0,None,0.4076,credit_score_ordinal,interest_rate_imputed,balance_change_1m_pct,Standard Portfolio Surveillance,0.9713
LN0034093,2023-04,0.0099,0.0179,0.0237,0.0495,Current,0,None,0.1963,interest_rate_imputed,credit_score_ordinal,balance_change_1m_pct,Standard Portfolio Surveillance,0.9525
LN0034127,2025-09,0.0326,0.0156,0.0143,0.0101,Current,0,None,0.3957,interest_rate_imputed,credit_score_ordinal,balance_change_1m_pct,Standard Portfolio Surveillance,0.9713
LN0034128,2024-01,0.0175,0.0648,0.0374,0.0412,Current,0,None,0.1598,credit_score_ordinal,interest_rate_imputed,balance_change_1m_pct,Standard Portfolio Surveillance,0.9252
LN0034137,2023-04,0.014,0.026,0.0342,0.0495,Current,0,None,0.2518,interest_rate_imputed,balance_change_1m_pct,balance_to_orig_ratio,Standard Portfolio Surveillance,0.9315
LN0034140,2024-01,0.02,0.0377,0.0237,0.0412,Current,0,None,0.1717,credit_score_ordinal,interest_rate_imputed,balance_change_1m_pct,Standard Portfolio Surveillance,0.9525
LN0034160,2025-01,0.0099,0.0179,0.0245,0.0235,Current,0,None,0.22,credit_score_ordinal,interest_rate_imputed,balance_change_1m_pct,Standard Portfolio Surveillance,0.9509
LN0034185,2025-12,0.6989,0.6621,0.0081,0.0078,90+ DPD,0,None,0.8771,dpd_roll_max_6m,days_past_due,credit_score_ordinal,Audit & Data Quality Exception Review,0.9838
LN0034210,2024-03,0.0038,0.0059,0.0081,0.0078,Prepaid,0,None,0.7027,balance_change_1m_pct,balance_to_orig_ratio,credit_score_ordinal,Audit & Data Quality Exception Review,0.9838
LN0034247,2025-09,0.02,0.0377,0.011,0.0101,Current,0,None,0.3034,credit_score_ordinal,balance_change_1m_pct,interest_rate_imputed,Standard Portfolio Surveillance,0.9781
LN0034250,2022-10,0.0038,0.0059,0.0081,0.0078,Prepaid,0,None,0.5555,balance_to_orig_ratio,balance_change_1m_pct,credit_score_ordinal,Standard Portfolio Surveillance,0.9838
LN0034252,2023-08,0.0561,0.1023,0.0847,0.0495,Current,0,None,0.1704,balance_change_1m_pct,interest_rate_imputed,balance_to_orig_ratio,Standard Portfolio Surveillance,0.8305
LN0034254,2025-02,0.0223,0.048,0.0535,0.0412,Current,0,None,0.2262,interest_rate_imputed,balance_change_1m_pct,balance_to_orig_ratio,Standard Portfolio Surveillance,0.893
LN0034266,2023-12,0.02,0.0377,0.0342,0.0495,Current,0,None,0.1502,interest_rate_imputed,balance_change_1m_pct,credit_score_ordinal,Standard Portfolio Surveillance,0.9315
LN0034314,2023-09,0.0175,0.0348,0.0374,0.0495,Current,0,None,0.2128,balance_change_1m_pct,credit_score_ordinal,interest_rate_imputed,Standard Portfolio Surveillance,0.9252
LN0034332,2023-08,0.0345,0.0571,0.0535,0.0495,30-59 DPD,0,None,0.2169,balance_change_1m_pct,credit_score_ordinal,balance_to_orig_ratio,Standard Portfolio Surveillance,0.893
LN0034333,2023-09,0.0038,0.0059,0.0081,0.0078,Default,1,Data Conflict,0.691,days_past_due,dpd_roll_max_6m,balance_change_1m_pct,Audit & Data Quality Exception Review,0.9838
LN0034342,2025-01,0.0038,0.0059,0.0081,0.0078,Prepaid,0,None,0.6916,balance_change_1m_pct,balance_to_orig_ratio,credit_score_ordinal,Audit & Data Quality Exception Review,0.9838
LN0034346,2024-08,0.0099,0.0179,0.0237,0.0412,Current,0,None,0.2892,credit_score_ordinal,interest_rate_imputed,balance_change_1m_pct,Standard Portfolio Surveillance,0.9525
LN0034354,2026-01,0.02,0.0377,0.011,0.0101,30-59 DPD,0,None,0.3143,credit_score_ordinal,balance_change_1m_pct,interest_rate_imputed,Standard Portfolio Surveillance,0.9781
LN0034356,2025-05,0.02,0.0377,0.011,0.0147,Current,0,None,0.1827,credit_score_ordinal,balance_change_1m_pct,interest_rate_imputed,Standard Portfolio Surveillance,0.9781
LN0034367,2024-06,0.0345,0.048,0.0261,0.03,Current,0,None,0.2574,interest_rate_imputed,balance_change_1m_pct,balance_to_orig_ratio,Standard Portfolio Surveillance,0.9479
LN0034384,2023-09,0.6989,0.6621,0.2999,0.0172,60-89 DPD,0,None,0.2658,interest_rate_imputed,balance_change_1m_pct,balance_to_orig_ratio,Active Credit Workout & Pre-Foreclosure Outreach,0.6
LN0034387,2023-02,0.0485,0.0887,0.0535,0.0495,Current,0,None,0.2106,credit_score_ordinal,balance_change_1m_pct,interest_rate_imputed,Standard Portfolio Surveillance,0.893
LN0034389,2023-06,0.0038,0.0059,0.0081,0.0078,Prepaid,0,None,0.6381,balance_change_1m_pct,balance_to_orig_ratio,credit_score_ordinal,Standard Portfolio Surveillance,0.9838
LN0034425,2025-11,0.0687,0.0644,0.0143,0.0235,Prepaid,0,None,0.307,credit_score_ordinal,balance_change_1m_pct,balance_to_orig_ratio,Standard Portfolio Surveillance,0.9713
LN0034430,2024-05,0.0099,0.0179,0.0237,0.0495,Current,0,None,0.2283,balance_change_1m_pct,interest_rate_imputed,balance_to_orig_ratio,Standard Portfolio Surveillance,0.9525
LN0034437,2025-09,0.014,0.026,0.0153,0.0235,Current,0,None,0.2428,credit_score_ordinal,interest_rate_imputed,balance_to_orig_ratio,Standard Portfolio Surveillance,0.9694
LN0034443,2024-06,0.0038,0.0059,0.0081,0.0078,Prepaid,0,None,0.6519,balance_change_1m_pct,balance_to_orig_ratio,interest_rate_imputed,Audit & Data Quality Exception Review,0.9838
LN0034447,2024-10,0.014,0.026,0.0245,0.03,Current,0,None,0.1621,credit_score_ordinal,interest_rate_imputed,balance_to_orig_ratio,Standard Portfolio Surveillance,0.9509
LN0034472,2024-11,0.0345,0.048,0.0143,0.0235,Current,0,None,0.1969,interest_rate_imputed,balance_change_1m_pct,credit_score_ordinal,Standard Portfolio Surveillance,0.9713
LN0034491,2024-10,0.02,0.0377,0.0342,0.0412,Current,0,None,0.1906,credit_score_ordinal,interest_rate_imputed,balance_change_1m_pct,Standard Portfolio Surveillance,0.9315
LN0034510,2023-09,0.0345,0.048,0.0535,0.0412,Current,0,None,0.1885,interest_rate_imputed,balance_change_1m_pct,balance_to_orig_ratio,Standard Portfolio Surveillance,0.893
LN0034513,2023-11,0.02,0.0377,0.0237,0.0495,Current,0,None,0.2762,credit_score_ordinal,balance_change_1m_pct,interest_rate_imputed,Standard Portfolio Surveillance,0.9525
LN0034514,2024-08,0.0321,0.0648,0.0374,0.0412,Current,0,None,0.2789,credit_score_ordinal,balance_to_orig_ratio,balance_change_1m_pct,Standard Portfolio Surveillance,0.9252
LN0034535,2025-11,0.0326,0.0156,0.0143,0.0147,Current,0,None,0.4498,balance_change_1m_pct,credit_score_ordinal,interest_rate_imputed,Standard Portfolio Surveillance,0.9713
LN0034555,2023-06,0.0223,0.0571,0.0535,0.0495,Current,0,None,0.2128,credit_score_ordinal,balance_change_1m_pct,interest_rate_imputed,Standard Portfolio Surveillance,0.893
LN0034565,2024-10,0.0326,0.048,0.0535,0.0355,30-59 DPD,0,None,0.2672,dpd_roll_max_6m,credit_score_ordinal,interest_rate_imputed,Standard Portfolio Surveillance,0.893
LN0034573,2025-05,0.0223,0.048,0.0143,0.0235,Current,0,None,0.3961,balance_change_1m_pct,credit_score_ordinal,interest_rate_imputed,Standard Portfolio Surveillance,0.9713
LN0034577,2023-04,0.0038,0.0059,0.0081,0.0078,Default,1,Data Conflict,0.5942,days_past_due,dpd_roll_max_6m,credit_score_ordinal,Audit & Data Quality Exception Review,0.9838
LN0034581,2025-06,0.0118,0.0213,0.0245,0.0235,Current,0,None,0.3831,balance_change_1m_pct,credit_score_ordinal,balance_to_orig_ratio,Standard Portfolio Surveillance,0.9509
LN0034587,2025-01,0.014,0.026,0.0342,0.0412,Current,0,None,0.1849,credit_score_ordinal,interest_rate_imputed,balance_change_1m_pct,Standard Portfolio Surveillance,0.9315
LN0034589,2024-10,0.0326,0.0156,0.0143,0.0147,Current,0,None,0.5766,interest_rate_imputed,balance_change_1m_pct,credit_score_ordinal,Standard Portfolio Surveillance,0.9713
LN0034613,2025-03,0.6989,0.6621,0.0081,0.0078,90+ DPD,0,None,0.8844,days_past_due,dpd_roll_max_6m,credit_score_ordinal,Audit & Data Quality Exception Review,0.9838
LN0034620,2023-04,0.0273,0.1674,0.0847,0.0495,Current,0,None,0.3055,balance_change_1m_pct,interest_rate_imputed,credit_score_ordinal,Standard Portfolio Surveillance,0.8305
LN0034633,2024-05,0.0038,0.0059,0.0081,0.0078,Default,1,Data Conflict,0.3986,credit_score_ordinal,balance_change_1m_pct,interest_rate_imputed,Audit & Data Quality Exception Review,0.9838
LN0034645,2023-10,0.0561,0.1023,0.0847,0.0495,Current,0,None,0.3784,balance_change_1m_pct,credit_score_ordinal,interest_rate_imputed,Standard Portfolio Surveillance,0.8305
LN0034649,2022-09,0.0485,0.0887,0.0535,0.0495,Current,0,None,0.3283,interest_rate_imputed,credit_score_ordinal,balance_change_1m_pct,Standard Portfolio Surveillance,0.893
LN0034655,2023-04,0.0099,0.0179,0.0237,0.0495,Current,0,None,0.2722,interest_rate_imputed,balance_change_1m_pct,balance_to_orig_ratio,Standard Portfolio Surveillance,0.9525
LN0034664,2024-02,0.0345,0.048,0.0261,0.03,Current,0,None,0.1681,interest_rate_imputed,balance_change_1m_pct,balance_to_orig_ratio,Standard Portfolio Surveillance,0.9479
LN0034678,2023-12,0.0345,0.048,0.0535,0.0412,30-59 DPD,0,None,0.1269,credit_score_ordinal,interest_rate_imputed,balance_change_1m_pct,Standard Portfolio Surveillance,0.893
LN0034702,2022-09,0.0942,0.1674,0.0847,0.0495,Current,0,None,0.3432,balance_change_1m_pct,interest_rate_imputed,credit_score_ordinal,Standard Portfolio Surveillance,0.8305
LN0034723,2023-12,0.014,0.026,0.0342,0.0412,30-59 DPD,0,None,0.2861,balance_change_1m_pct,credit_score_ordinal,balance_to_orig_ratio,Standard Portfolio Surveillance,0.9315
LN0034751,2025-02,0.0038,0.0059,0.0081,0.0078,Prepaid,0,None,0.6936,balance_change_1m_pct,balance_to_orig_ratio,credit_score_ordinal,Audit & Data Quality Exception Review,0.9838
LN0034773,2024-08,0.0321,0.0348,0.0234,0.0235,Current,0,None,0.4556,balance_change_1m_pct,credit_score_ordinal,interest_rate_imputed,Standard Portfolio Surveillance,0.9531
LN0034779,2023-08,0.0326,0.048,0.0535,0.0495,30-59 DPD,0,None,0.328,credit_score_ordinal,balance_change_1m_pct,balance_to_orig_ratio,Standard Portfolio Surveillance,0.893
LN0034826,2024-02,0.0175,0.0648,0.0374,0.0495,Current,0,None,0.2141,balance_change_1m_pct,interest_rate_imputed,balance_to_orig_ratio,Standard Portfolio Surveillance,0.9252
LN0034839,2024-07,0.014,0.026,0.0245,0.0235,Current,0,None,0.247,credit_score_ordinal,interest_rate_imputed,balance_change_1m_pct,Standard Portfolio Surveillance,0.9509
LN0034845,2025-04,0.0118,0.0213,0.0222,0.0101,Current,0,None,0.5954,balance_change_1m_pct,credit_score_ordinal,interest_rate_imputed,Standard Portfolio Surveillance,0.9557
LN0034851,2024-07,0.0099,0.0179,0.0237,0.0412,Current,0,None,0.3252,interest_rate_imputed,balance_change_1m_pct,balance_to_orig_ratio,Standard Portfolio Surveillance,0.9525
LN0034854,2022-12,0.0345,0.0571,0.0535,0.0495,Current,0,None,0.1589,credit_score_ordinal,balance_change_1m_pct,interest_rate_imputed,Standard Portfolio Surveillance,0.893
LN0034865,2024-04,0.0403,0.0771,0.0614,0.03,Current,0,None,0.2478,interest_rate_imputed,credit_score_ordinal,balance_change_1m_pct,Standard Portfolio Surveillance,0.8771
LN0034869,2024-06,0.0099,0.0179,0.0237,0.0412,Prepaid,0,None,0.2178,credit_score_ordinal,interest_rate_imputed,balance_change_1m_pct,Standard Portfolio Surveillance,0.9525
LN0034880,2023-11,0.0326,0.048,0.0535,0.0412,Current,0,None,0.2565,interest_rate_imputed,balance_change_1m_pct,credit_score_ordinal,Standard Portfolio Surveillance,0.893
LN0034911,2023-07,0.0038,0.0059,0.0081,0.0078,Default,1,Data Conflict,0.2937,credit_score_ordinal,interest_rate_imputed,balance_change_1m_pct,Audit & Data Quality Exception Review,0.9838
LN0034939,2023-11,0.014,0.026,0.0342,0.0495,30-59 DPD,0,None,0.2662,credit_score_ordinal,interest_rate_imputed,balance_change_1m_pct,Standard Portfolio Surveillance,0.9315
LN0034952,2023-11,0.0326,0.048,0.0535,0.0412,Current,0,None,0.1195,interest_rate_imputed,balance_change_1m_pct,balance_to_orig_ratio,Standard Portfolio Surveillance,0.893
LN0034956,2023-03,0.0326,0.0887,0.0535,0.0495,Current,0,None,0.1772,interest_rate_imputed,balance_change_1m_pct,balance_to_orig_ratio,Standard Portfolio Surveillance,0.893
LN0034986,2024-09,0.0175,0.0648,0.0374,0.0412,Current,0,None,0.2294,credit_score_ordinal,balance_to_orig_ratio,balance_change_1m_pct,Standard Portfolio Surveillance,0.9252
LN0035003,2022-12,0.0099,0.0179,0.0237,0.0495,Current,0,None,0.1699,credit_score_ordinal,interest_rate_imputed,balance_change_1m_pct,Standard Portfolio Surveillance,0.9525
LN0035016,2024-10,0.0403,0.0771,0.0614,0.0412,Current,0,None,0.237,balance_change_1m_pct,balance_to_orig_ratio,interest_rate_imputed,Standard Portfolio Surveillance,0.8771
LN0035024,2022-07,0.0038,0.0059,0.0081,0.0078,Prepaid,0,None,0.5661,balance_change_1m_pct,balance_to_orig_ratio,credit_score_ordinal,Standard Portfolio Surveillance,0.9838
LN0035035,2023-12,0.0038,0.0059,0.0081,0.0078,Prepaid,0,None,0.6544,balance_change_1m_pct,balance_to_orig_ratio,credit_score_ordinal,Audit & Data Quality Exception Review,0.9838
LN0035102,2023-12,0.0038,0.0059,0.0081,0.0078,Default,1,Data Conflict,0.3492,credit_score_ordinal,balance_change_1m_pct,interest_rate_imputed,Audit & Data Quality Exception Review,0.9838
LN0035109,2023-04,0.014,0.026,0.0342,0.0495,Current,0,None,0.2375,credit_score_ordinal,interest_rate_imputed,balance_change_1m_pct,Standard Portfolio Surveillance,0.9315
LN0035121,2025-05,0.0687,0.0644,0.0143,0.0147,30-59 DPD,0,None,0.3127,credit_score_ordinal,balance_change_1m_pct,interest_rate_imputed,Standard Portfolio Surveillance,0.9713
LN0035136,2025-12,0.0175,0.0348,0.0234,0.0235,Current,0,None,0.3538,credit_score_ordinal,balance_change_1m_pct,balance_to_orig_ratio,Standard Portfolio Surveillance,0.9531
LN0035137,2026-05,0.0118,0.0213,0.011,0.0101,Current,0,None,0.418,credit_score_ordinal,interest_rate_imputed,balance_to_orig_ratio,Standard Portfolio Surveillance,0.9781
LN0035139,2023-10,0.0038,0.0059,0.0081,0.0078,Default,1,Data Conflict,0.6773,days_past_due,dpd_roll_max_6m,balance_change_1m_pct,Audit & Data Quality Exception Review,0.9838
LN0035167,2023-03,0.0038,0.0059,0.0081,0.0078,Prepaid,0,None,0.6321,balance_change_1m_pct,balance_to_orig_ratio,credit_score_ordinal,Standard Portfolio Surveillance,0.9838
LN0035176,2024-03,0.0038,0.0059,0.0081,0.0078,Prepaid,0,None,0.639,balance_change_1m_pct,balance_to_orig_ratio,credit_score_ordinal,Standard Portfolio Surveillance,0.9838
LN0035180,2024-06,0.0038,0.0059,0.0081,0.0078,Default,1,Data Conflict,0.5662,days_past_due,dpd_roll_max_6m,credit_score_ordinal,Audit & Data Quality Exception Review,0.9838
LN0035190,2024-12,0.014,0.026,0.0342,0.0412,Current,0,None,0.2018,credit_score_ordinal,interest_rate_imputed,balance_change_1m_pct,Standard Portfolio Surveillance,0.9315
LN0035214,2024-10,0.014,0.026,0.0245,0.03,Current,0,None,0.1387,credit_score_ordinal,interest_rate_imputed,balance_change_1m_pct,Standard Portfolio Surveillance,0.9509
LN0035216,2025-05,0.0038,0.0059,0.0081,0.0078,Prepaid,0,None,0.6635,balance_change_1m_pct,balance_to_orig_ratio,interest_rate_imputed,Audit & Data Quality Exception Review,0.9838
LN0035232,2024-11,0.0223,0.048,0.0535,0.0412,Current,0,None,0.1721,interest_rate_imputed,credit_score_ordinal,balance_change_1m_pct,Standard Portfolio Surveillance,0.893
LN0035248,2025-11,0.0326,0.0156,0.0143,0.0101,Current,0,None,0.2532,interest_rate_imputed,balance_change_1m_pct,balance_to_orig_ratio,Standard Portfolio Surveillance,0.9713
LN0035268,2024-02,0.0326,0.048,0.0535,0.0412,30-59 DPD,0,None,0.2647,credit_score_ordinal,interest_rate_imputed,balance_change_1m_pct,Standard Portfolio Surveillance,0.893
LN0035287,2023-11,0.02,0.0377,0.0342,0.0412,Current,0,None,0.2612,interest_rate_imputed,balance_change_1m_pct,balance_to_orig_ratio,Standard Portfolio Surveillance,0.9315
LN0035303,2024-09,0.0099,0.0179,0.0237,0.0412,Current,0,None,0.2011,credit_score_ordinal,interest_rate_imputed,balance_change_1m_pct,Standard Portfolio Surveillance,0.9525
LN0035329,2025-01,0.02,0.0377,0.0245,0.03,Current,0,None,0.358,dpd_roll_max_6m,credit_score_ordinal,balance_change_1m_pct,Standard Portfolio Surveillance,0.9509
LN0035330,2023-12,0.0175,0.0348,0.0374,0.0355,Current,0,None,0.7861,days_past_due,dpd_roll_max_6m,balance_change_1m_pct,Audit & Data Quality Exception Review,0.9252
LN0035337,2022-10,0.0223,0.0571,0.0535,0.0495,Current,0,None,0.1637,interest_rate_imputed,balance_change_1m_pct,balance_to_orig_ratio,Standard Portfolio Surveillance,0.893
LN0035340,2025-01,0.0561,0.0644,0.0847,0.0412,Current,0,None,0.0766,interest_rate_imputed,balance_change_1m_pct,balance_to_orig_ratio,Standard Portfolio Surveillance,0.8305
LN0035348,2025-05,0.0099,0.0179,0.0237,0.0412,Current,0,None,0.1928,credit_score_ordinal,interest_rate_imputed,balance_change_1m_pct,Standard Portfolio Surveillance,0.9525
LN0035360,2026-04,0.0326,0.0156,0.0143,0.0101,Current,0,None,0.3601,interest_rate_imputed,balance_change_1m_pct,balance_to_orig_ratio,Standard Portfolio Surveillance,0.9713
LN0035373,2024-11,0.0099,0.0179,0.0237,0.0412,Current,0,None,0.238,interest_rate_imputed,balance_change_1m_pct,balance_to_orig_ratio,Standard Portfolio Surveillance,0.9525
LN0035376,2024-05,0.0561,0.0644,0.0847,0.0412,Current,0,None,0.2072,credit_score_ordinal,interest_rate_imputed,balance_change_1m_pct,Standard Portfolio Surveillance,0.8305
LN0035377,2022-12,0.0038,0.0059,0.0081,0.0078,Default,1,Data Conflict,0.4937,days_past_due,dpd_roll_max_6m,interest_rate_imputed,Audit & Data Quality Exception Review,0.9838
LN0035397,2024-07,0.014,0.026,0.0342,0.0495,Current,0,None,0.2168,interest_rate_imputed,credit_score_ordinal,balance_change_1m_pct,Standard Portfolio Surveillance,0.9315
LN0035413,2024-08,0.014,0.026,0.011,0.0235,Current,0,None,0.2577,credit_score_ordinal,balance_change_1m_pct,interest_rate_imputed,Standard Portfolio Surveillance,0.9781
LN0035418,2025-04,0.0273,0.0644,0.0847,0.0412,Current,0,None,0.2509,balance_change_1m_pct,credit_score_ordinal,interest_rate_imputed,Standard Portfolio Surveillance,0.8305
LN0035436,2024-12,0.0099,0.0179,0.0237,0.0412,Current,0,None,0.1413,credit_score_ordinal,interest_rate_imputed,balance_change_1m_pct,Standard Portfolio Surveillance,0.9525
LN0035445,2024-01,0.0118,0.0213,0.0237,0.0495,Current,0,None,0.2173,credit_score_ordinal,interest_rate_imputed,balance_change_1m_pct,Standard Portfolio Surveillance,0.9525
LN0035464,2025-04,0.0273,0.0644,0.0143,0.0101,Current,0,None,0.3218,balance_change_1m_pct,interest_rate_imputed,credit_score_ordinal,Standard Portfolio Surveillance,0.9713
LN0035490,2024-12,0.0038,0.0059,0.0081,0.0078,Prepaid,0,None,0.6246,balance_change_1m_pct,balance_to_orig_ratio,credit_score_ordinal,Standard Portfolio Surveillance,0.9838
LN0035497,2023-06,0.0942,0.1674,0.0847,0.0495,30-59 DPD,0,None,0.2288,interest_rate_imputed,credit_score_ordinal,balance_change_1m_pct,Standard Portfolio Surveillance,0.8305
LN0035504,2025-07,0.0345,0.0156,0.0143,0.0147,Current,0,None,0.2888,credit_score_ordinal,interest_rate_imputed,balance_change_1m_pct,Standard Portfolio Surveillance,0.9713
LN0035518,2024-11,0.0223,0.0156,0.04,0.0101,Current,0,None,0.3757,credit_score_ordinal,interest_rate_imputed,balance_change_1m_pct,Standard Portfolio Surveillance,0.9199
LN0035565,2025-08,0.0326,0.048,0.0143,0.0235,Current,0,None,0.3136,credit_score_ordinal,interest_rate_imputed,balance_change_1m_pct,Standard Portfolio Surveillance,0.9713
LN0035603,2023-05,0.014,0.026,0.0342,0.0495,Current,0,None,0.2411,credit_score_ordinal,interest_rate_imputed,balance_change_1m_pct,Standard Portfolio Surveillance,0.9315
LN0035606,2026-05,0.0223,0.0156,0.0143,0.0101,Current,0,None,0.3854,balance_change_1m_pct,interest_rate_imputed,balance_to_orig_ratio,Standard Portfolio Surveillance,0.9713
LN0035614,2023-12,0.0038,0.0059,0.0081,0.0078,Default,1,Data Conflict,0.5102,balance_change_1m_pct,interest_rate_imputed,balance_to_orig_ratio,Audit & Data Quality Exception Review,0.9838
LN0035621,2024-04,0.0223,0.048,0.0535,0.0412,Current,0,None,0.2112,credit_score_ordinal,interest_rate_imputed,balance_change_1m_pct,Standard Portfolio Surveillance,0.893
LN0035622,2024-07,0.0223,0.048,0.0261,0.03,Current,0,None,0.245,balance_change_1m_pct,balance_to_orig_ratio,days_past_due,Standard Portfolio Surveillance,0.9479
LN0035667,2024-10,0.02,0.0377,0.011,0.0101,Current,0,None,0.3896,balance_change_1m_pct,credit_score_ordinal,interest_rate_imputed,Standard Portfolio Surveillance,0.9781
LN0035696,2024-09,0.014,0.026,0.0342,0.0495,Current,0,None,0.153,credit_score_ordinal,balance_change_1m_pct,interest_rate_imputed,Standard Portfolio Surveillance,0.9315
LN0035708,2023-01,0.0118,0.0213,0.0237,0.0495,Current,0,None,0.1336,interest_rate_imputed,credit_score_ordinal,balance_change_1m_pct,Standard Portfolio Surveillance,0.9525
LN0035742,2024-10,0.0326,0.048,0.0143,0.0235,Current,0,None,0.179,interest_rate_imputed,balance_change_1m_pct,balance_to_orig_ratio,Standard Portfolio Surveillance,0.9713
LN0035751,2023-02,0.0038,0.0059,0.0081,0.0078,Default,1,Data Conflict,0.6336,days_past_due,dpd_roll_max_6m,interest_rate_imputed,Audit & Data Quality Exception Review,0.9838
LN0035754,2025-03,0.014,0.026,0.011,0.0235,Current,0,None,0.2358,credit_score_ordinal,balance_change_1m_pct,interest_rate_imputed,Standard Portfolio Surveillance,0.9781
LN0035776,2024-11,0.014,0.026,0.0153,0.03,Current,0,None,0.3979,balance_change_1m_pct,credit_score_ordinal,interest_rate_imputed,Standard Portfolio Surveillance,0.9694
LN0035784,2025-02,0.02,0.0377,0.0153,0.0235,Current,0,None,0.1224,credit_score_ordinal,balance_to_orig_ratio,interest_rate_imputed,Standard Portfolio Surveillance,0.9694
LN0035806,2023-08,0.02,0.0377,0.0237,0.0495,Current,0,None,0.1408,credit_score_ordinal,interest_rate_imputed,balance_change_1m_pct,Standard Portfolio Surveillance,0.9525
LN0035820,2023-04,0.0175,0.0348,0.0374,0.0495,Current,0,None,0.3396,credit_score_ordinal,balance_change_1m_pct,balance_to_orig_ratio,Standard Portfolio Surveillance,0.9252
LN0035846,2022-08,0.0038,0.0059,0.0081,0.0078,Prepaid,0,None,0.621,balance_change_1m_pct,balance_to_orig_ratio,credit_score_ordinal,Standard Portfolio Surveillance,0.9838
LN0035863,2024-11,0.0038,0.0059,0.0081,0.0078,Prepaid,0,None,0.7255,balance_change_1m_pct,balance_to_orig_ratio,credit_score_ordinal,Audit & Data Quality Exception Review,0.9838
LN0035875,2023-12,0.0942,0.1674,0.0847,0.0495,30-59 DPD,0,None,0.2136,credit_score_ordinal,interest_rate_imputed,balance_change_1m_pct,Standard Portfolio Surveillance,0.8305
LN0035887,2024-08,0.0273,0.0644,0.0847,0.0412,30-59 DPD,0,None,0.5683,balance_change_1m_pct,interest_rate_imputed,balance_to_orig_ratio,Standard Portfolio Surveillance,0.8305
LN0035905,2024-08,0.0038,0.0059,0.0081,0.0078,Default,1,Data Conflict,0.2898,credit_score_ordinal,interest_rate_imputed,balance_change_1m_pct,Audit & Data Quality Exception Review,0.9838
LN0035909,2025-03,0.0038,0.0059,0.0081,0.0078,Prepaid,0,None,0.7058,balance_change_1m_pct,balance_to_orig_ratio,credit_score_ordinal,Audit & Data Quality Exception Review,0.9838
LN0035911,2024-05,0.0326,0.048,0.0261,0.03,Current,0,None,0.4725,balance_change_1m_pct,credit_score_ordinal,interest_rate_imputed,Standard Portfolio Surveillance,0.9479
LN0035922,2023-11,0.0038,0.0059,0.0081,0.0078,Default,1,Data Conflict,0.3104,interest_rate_imputed,balance_change_1m_pct,credit_score_ordinal,Audit & Data Quality Exception Review,0.9838
LN0035928,2024-06,0.0118,0.0213,0.0237,0.0495,Current,0,None,0.1517,credit_score_ordinal,interest_rate_imputed,balance_to_orig_ratio,Standard Portfolio Surveillance,0.9525
LN0035932,2023-08,0.0321,0.0348,0.0374,0.0412,Current,0,None,0.0972,interest_rate_imputed,balance_change_1m_pct,balance_to_orig_ratio,Standard Portfolio Surveillance,0.9252
LN0035940,2024-09,0.0038,0.0059,0.0081,0.0078,Prepaid,0,None,0.6183,balance_change_1m_pct,balance_to_orig_ratio,credit_score_ordinal,Standard Portfolio Surveillance,0.9838
LN0035941,2025-10,0.0223,0.0156,0.0143,0.0101,Current,0,None,0.3355,credit_score_ordinal,balance_change_1m_pct,balance_to_orig_ratio,Standard Portfolio Surveillance,0.9713
LN0035942,2023-06,0.02,0.0377,0.0237,0.0495,Current,0,None,0.0954,credit_score_ordinal,interest_rate_imputed,balance_change_1m_pct,Standard Portfolio Surveillance,0.9525
LN0035962,2025-07,0.0345,0.048,0.0261,0.03,Current,0,None,0.2587,credit_score_ordinal,balance_change_1m_pct,balance_to_orig_ratio,Standard Portfolio Surveillance,0.9479
LN0035985,2024-01,0.02,0.0377,0.0342,0.0495,Current,0,None,0.1629,interest_rate_imputed,balance_change_1m_pct,balance_to_orig_ratio,Standard Portfolio Surveillance,0.9315
LN0036006,2023-11,0.0038,0.0059,0.0081,0.0078,Default,1,Data Conflict,0.6533,days_past_due,dpd_roll_max_6m,credit_score_ordinal,Audit & Data Quality Exception Review,0.9838
LN0036037,2025-05,0.02,0.0377,0.0153,0.03,Current,0,None,0.2852,credit_score_ordinal,interest_rate_imputed,balance_change_1m_pct,Standard Portfolio Surveillance,0.9694
LN0036048,2025-06,0.0099,0.0179,0.011,0.0101,Current,0,None,0.2435,credit_score_ordinal,balance_change_1m_pct,balance_to_orig_ratio,Standard Portfolio Surveillance,0.9781
LN0036056,2025-06,0.0223,0.048,0.0261,0.0235,Current,0,None,0.202,interest_rate_imputed,credit_score_ordinal,balance_change_1m_pct,Standard Portfolio Surveillance,0.9479
LN0036062,2023-09,0.0223,0.048,0.0535,0.0495,Current,0,None,0.3612,balance_change_1m_pct,credit_score_ordinal,interest_rate_imputed,Standard Portfolio Surveillance,0.893
LN0036074,2025-01,0.0183,0.0309,0.0234,0.0235,Current,0,None,0.2917,credit_score_ordinal,balance_change_1m_pct,balance_to_orig_ratio,Standard Portfolio Surveillance,0.9531
LN0036107,2024-09,0.0403,0.0771,0.0614,0.0495,Current,0,None,0.3293,balance_change_1m_pct,interest_rate_imputed,balance_to_orig_ratio,Standard Portfolio Surveillance,0.8771
LN0036111,2024-01,0.0118,0.0213,0.0237,0.0495,Current,0,None,0.2353,credit_score_ordinal,balance_change_1m_pct,interest_rate_imputed,Standard Portfolio Surveillance,0.9525
LN0036150,2023-05,0.0485,0.0887,0.0535,0.0495,Current,0,None,0.1334,credit_score_ordinal,balance_change_1m_pct,interest_rate_imputed,Standard Portfolio Surveillance,0.893
LN0036163,2023-11,0.0175,0.0348,0.0374,0.0412,Current,0,None,0.2161,interest_rate_imputed,balance_change_1m_pct,balance_to_orig_ratio,Standard Portfolio Surveillance,0.9252
LN0036166,2025-02,0.0223,0.048,0.0535,0.0412,Current,0,None,0.1784,interest_rate_imputed,balance_change_1m_pct,balance_to_orig_ratio,Standard Portfolio Surveillance,0.893
LN0036180,2023-10,0.0175,0.0348,0.0374,0.0412,Current,0,None,0.1456,interest_rate_imputed,credit_score_ordinal,balance_change_1m_pct,Standard Portfolio Surveillance,0.9252
LN0036189,2024-04,0.0175,0.0348,0.0374,0.0495,Current,0,None,0.3497,credit_score_ordinal,balance_change_1m_pct,balance_to_orig_ratio,Standard Portfolio Surveillance,0.9252
LN0036205,2023-02,0.0038,0.0059,0.0081,0.0078,Default,1,Data Conflict,0.3345,credit_score_ordinal,interest_rate_imputed,balance_change_1m_pct,Audit & Data Quality Exception Review,0.9838
LN0036208,2022-06,0.0038,0.0059,0.0081,0.0078,Prepaid,0,None,0.4607,balance_to_orig_ratio,balance_change_1m_pct,credit_score_ordinal,Standard Portfolio Surveillance,0.9838
LN0036235,2023-11,0.0099,0.0179,0.0237,0.0412,Current,0,None,0.2178,interest_rate_imputed,balance_change_1m_pct,balance_to_orig_ratio,Standard Portfolio Surveillance,0.9525
LN0036239,2024-12,0.014,0.026,0.0342,0.0412,Current,0,None,0.2121,credit_score_ordinal,interest_rate_imputed,balance_change_1m_pct,Standard Portfolio Surveillance,0.9315
LN0036266,2025-01,0.014,0.026,0.0245,0.0235,Current,0,None,0.1803,credit_score_ordinal,interest_rate_imputed,balance_change_1m_pct,Standard Portfolio Surveillance,0.9509
LN0036284,2025-02,0.0326,0.0156,0.0143,0.0101,Current,0,None,0.381,balance_change_1m_pct,balance_to_orig_ratio,interest_rate_imputed,Standard Portfolio Surveillance,0.9713
LN0036286,2023-08,0.0326,0.048,0.0535,0.0495,Current,0,None,0.1765,balance_change_1m_pct,interest_rate_imputed,balance_to_orig_ratio,Standard Portfolio Surveillance,0.893
LN0036297,2024-01,0.0038,0.0059,0.0081,0.0078,Prepaid,0,None,0.628,balance_change_1m_pct,balance_to_orig_ratio,credit_score_ordinal,Standard Portfolio Surveillance,0.9838
LN0036305,2023-07,0.0038,0.0059,0.0081,0.0078,Prepaid,0,None,0.6089,balance_change_1m_pct,balance_to_orig_ratio,credit_score_ordinal,Standard Portfolio Surveillance,0.9838
LN0036315,2023-06,0.02,0.0377,0.0342,0.0495,Current,0,None,0.1563,interest_rate_imputed,credit_score_ordinal,balance_change_1m_pct,Standard Portfolio Surveillance,0.9315
LN0036321,2023-08,0.02,0.0377,0.0237,0.0355,Current,0,None,0.3049,dpd_roll_max_6m,interest_rate_imputed,balance_change_1m_pct,Standard Portfolio Surveillance,0.9525
LN0036330,2023-07,0.0099,0.0179,0.0237,0.0495,Current,0,None,0.1202,interest_rate_imputed,credit_score_ordinal,balance_change_1m_pct,Standard Portfolio Surveillance,0.9525
LN0036331,2023-11,0.0326,0.048,0.0535,0.0412,Current,0,None,0.2492,credit_score_ordinal,balance_change_1m_pct,interest_rate_imputed,Standard Portfolio Surveillance,0.893
LN0036342,2024-10,0.0326,0.0156,0.0143,0.0147,Current,0,None,0.4182,credit_score_ordinal,balance_change_1m_pct,balance_to_orig_ratio,Standard Portfolio Surveillance,0.9713
LN0036363,2023-05,0.02,0.0377,0.0237,0.0495,Current,0,None,0.2015,credit_score_ordinal,interest_rate_imputed,balance_change_1m_pct,Standard Portfolio Surveillance,0.9525
LN0036366,2024-09,0.0099,0.0179,0.0237,0.0495,Current,0,None,0.1277,balance_change_1m_pct,interest_rate_imputed,credit_score_ordinal,Standard Portfolio Surveillance,0.9525
LN0036370,2024-09,0.0118,0.0213,0.0237,0.0412,Current,0,None,0.2971,balance_change_1m_pct,interest_rate_imputed,credit_score_ordinal,Standard Portfolio Surveillance,0.9525
LN0036371,2023-02,0.0038,0.0059,0.0081,0.0078,Prepaid,0,None,0.6624,balance_change_1m_pct,balance_to_orig_ratio,credit_score_ordinal,Audit & Data Quality Exception Review,0.9838
LN0036373,2023-12,0.0223,0.0571,0.0535,0.0355,Current,0,None,0.5007,dpd_roll_max_6m,credit_score_ordinal,interest_rate_imputed,Standard Portfolio Surveillance,0.893
LN0036381,2023-07,0.0038,0.0059,0.0081,0.0078,Default,1,Data Conflict,0.3503,interest_rate_imputed,balance_change_1m_pct,balance_to_orig_ratio,Audit & Data Quality Exception Review,0.9838
LN0036383,2024-04,0.0099,0.0179,0.0237,0.0495,Current,0,None,0.3598,credit_score_ordinal,interest_rate_imputed,balance_change_1m_pct,Standard Portfolio Surveillance,0.9525
LN0036397,2025-01,0.014,0.026,0.011,0.0101,Current,0,None,0.2747,credit_score_ordinal,balance_change_1m_pct,interest_rate_imputed,Standard Portfolio Surveillance,0.9781
LN0036404,2024-02,0.02,0.0377,0.0237,0.0412,Current,0,None,0.1167,interest_rate_imputed,credit_score_ordinal,balance_change_1m_pct,Standard Portfolio Surveillance,0.9525
LN0036409,2024-07,0.0326,0.048,0.0261,0.03,Current,0,None,0.297,credit_score_ordinal,balance_to_orig_ratio,interest_rate_imputed,Standard Portfolio Surveillance,0.9479
LN0036410,2024-04,0.0321,0.0348,0.0374,0.0495,Current,0,None,0.2741,credit_score_ordinal,balance_change_1m_pct,balance_to_orig_ratio,Standard Portfolio Surveillance,0.9252
LN0036413,2023-07,0.0038,0.0059,0.0081,0.0078,Prepaid,0,None,0.6868,balance_change_1m_pct,balance_to_orig_ratio,credit_score_ordinal,Audit & Data Quality Exception Review,0.9838
LN0036417,2025-06,0.014,0.026,0.0245,0.03,Current,0,None,0.229,credit_score_ordinal,interest_rate_imputed,balance_change_1m_pct,Standard Portfolio Surveillance,0.9509
LN0036421,2024-05,0.014,0.026,0.0342,0.0412,Current,0,None,0.3891,balance_change_1m_pct,credit_score_ordinal,interest_rate_imputed,Standard Portfolio Surveillance,0.9315
LN0036422,2025-06,0.0038,0.0059,0.0081,0.0078,Default,0,None,0.6421,days_past_due,dpd_roll_max_6m,interest_rate_imputed,Standard Portfolio Surveillance,0.9838
LN0036431,2024-02,0.0175,0.0348,0.0374,0.0495,Current,0,None,0.3994,interest_rate_imputed,balance_change_1m_pct,balance_to_orig_ratio,Standard Portfolio Surveillance,0.9252
LN0036437,2026-03,0.02,0.0377,0.011,0.0101,Current,0,None,0.3826,credit_score_ordinal,balance_change_1m_pct,interest_rate_imputed,Standard Portfolio Surveillance,0.9781
LN0036445,2024-06,0.0099,0.0179,0.0237,0.0412,Current,0,None,0.2752,credit_score_ordinal,interest_rate_imputed,balance_change_1m_pct,Standard Portfolio Surveillance,0.9525
LN0036468,2023-05,0.0099,0.0179,0.0237,0.0495,Current,0,None,0.1461,credit_score_ordinal,interest_rate_imputed,balance_change_1m_pct,Standard Portfolio Surveillance,0.9525
LN0036477,2025-01,0.0175,0.0348,0.0234,0.0235,Current,0,None,0.4043,credit_score_ordinal,interest_rate_imputed,balance_to_orig_ratio,Standard Portfolio Surveillance,0.9531
LN0036492,2024-04,0.014,0.026,0.0342,0.0495,Current,0,None,0.1826,interest_rate_imputed,balance_change_1m_pct,credit_score_ordinal,Standard Portfolio Surveillance,0.9315
LN0036495,2022-11,0.02,0.0377,0.0237,0.0495,Current,0,None,0.2208,balance_change_1m_pct,interest_rate_imputed,balance_to_orig_ratio,Standard Portfolio Surveillance,0.9525
LN0036519,2024-10,0.0118,0.0213,0.0237,0.0412,Current,0,None,0.2801,balance_change_1m_pct,interest_rate_imputed,balance_to_orig_ratio,Standard Portfolio Surveillance,0.9525
LN0036520,2025-05,0.0118,0.0213,0.011,0.0235,Current,0,None,0.2975,interest_rate_imputed,credit_score_ordinal,balance_change_1m_pct,Standard Portfolio Surveillance,0.9781
LN0036537,2025-04,0.0099,0.0179,0.0153,0.0235,Current,0,None,0.3638,credit_score_ordinal,interest_rate_imputed,balance_change_1m_pct,Standard Portfolio Surveillance,0.9694
LN0036572,2023-12,0.0038,0.0059,0.0081,0.0078,Default,1,Data Conflict,0.2501,interest_rate_imputed,balance_change_1m_pct,balance_to_orig_ratio,Audit & Data Quality Exception Review,0.9838
LN0036581,2024-12,0.014,0.026,0.0245,0.0235,Current,0,None,0.54,days_past_due,dpd_roll_max_6m,credit_score_ordinal,Standard Portfolio Surveillance,0.9509
LN0036608,2023-12,0.0321,0.0648,0.0234,0.0412,Current,0,None,0.305,balance_change_1m_pct,interest_rate_imputed,credit_score_ordinal,Standard Portfolio Surveillance,0.9531
LN0036614,2024-03,0.0403,0.0309,0.0234,0.03,30-59 DPD,0,None,0.1902,credit_score_ordinal,interest_rate_imputed,balance_to_orig_ratio,Standard Portfolio Surveillance,0.9531
LN0036616,2023-12,0.0118,0.0213,0.0237,0.0495,Current,0,None,0.1803,credit_score_ordinal,interest_rate_imputed,balance_change_1m_pct,Standard Portfolio Surveillance,0.9525
LN0036629,2024-06,0.014,0.026,0.011,0.0235,Current,0,None,0.2596,credit_score_ordinal,interest_rate_imputed,balance_change_1m_pct,Standard Portfolio Surveillance,0.9781
LN0036639,2024-06,0.0038,0.0059,0.0081,0.0078,Prepaid,0,None,0.6392,balance_change_1m_pct,balance_to_orig_ratio,credit_score_ordinal,Standard Portfolio Surveillance,0.9838
LN0036640,2025-09,0.0175,0.0648,0.0106,0.0147,Current,0,None,0.2607,interest_rate_imputed,credit_score_ordinal,balance_change_1m_pct,Standard Portfolio Surveillance,0.9788
LN0036650,2023-07,0.0223,0.0571,0.0535,0.0495,Current,0,None,0.1145,balance_change_1m_pct,interest_rate_imputed,balance_to_orig_ratio,Standard Portfolio Surveillance,0.893
LN0036655,2025-03,0.0099,0.0179,0.0153,0.0235,Current,0,None,0.3603,interest_rate_imputed,balance_change_1m_pct,balance_to_orig_ratio,Standard Portfolio Surveillance,0.9694
LN0036661,2022-10,0.0038,0.0059,0.0081,0.0078,Prepaid,0,None,0.6497,balance_change_1m_pct,balance_to_orig_ratio,credit_score_ordinal,Standard Portfolio Surveillance,0.9838
LN0036668,2023-10,0.0403,0.0771,0.0614,0.0412,Current,0,None,0.2545,interest_rate_imputed,balance_change_1m_pct,credit_score_ordinal,Standard Portfolio Surveillance,0.8771
LN0036685,2025-08,0.0175,0.0648,0.0106,0.0101,Current,0,None,0.4355,credit_score_ordinal,interest_rate_imputed,balance_change_1m_pct,Standard Portfolio Surveillance,0.9788
LN0036689,2026-03,0.0326,0.0156,0.0143,0.0101,Current,0,None,0.3978,credit_score_ordinal,balance_change_1m_pct,interest_rate_imputed,Standard Portfolio Surveillance,0.9713
LN0036700,2024-10,0.0326,0.048,0.0535,0.0412,30-59 DPD,0,None,0.1826,credit_score_ordinal,interest_rate_imputed,balance_change_1m_pct,Standard Portfolio Surveillance,0.893
LN0036713,2024-10,0.0561,0.0644,0.0847,0.0412,Current,0,None,0.2725,interest_rate_imputed,credit_score_ordinal,balance_change_1m_pct,Standard Portfolio Surveillance,0.8305
LN0036715,2023-08,0.0223,0.048,0.0535,0.0522,Current,0,None,0.3594,credit_score_ordinal,balance_change_1m_pct,interest_rate_imputed,Standard Portfolio Surveillance,0.893
LN0036736,2024-12,0.0038,0.0059,0.0081,0.0078,Prepaid,0,None,0.6759,balance_change_1m_pct,balance_to_orig_ratio,credit_score_ordinal,Audit & Data Quality Exception Review,0.9838
LN0036739,2024-11,0.0942,0.0644,0.0847,0.0412,Current,0,None,0.2167,credit_score_ordinal,interest_rate_imputed,balance_change_1m_pct,Standard Portfolio Surveillance,0.8305
LN0036743,2025-06,0.0038,0.0059,0.0081,0.0078,Default,1,Data Conflict,0.6057,days_past_due,dpd_roll_max_6m,credit_score_ordinal,Audit & Data Quality Exception Review,0.9838
LN0036746,2024-11,0.0326,0.0156,0.0143,0.0147,Current,0,None,0.8507,days_past_due,dpd_roll_max_6m,credit_score_ordinal,Audit & Data Quality Exception Review,0.9713
LN0036761,2023-06,0.0038,0.0059,0.0081,0.0078,Prepaid,0,None,0.6072,balance_to_orig_ratio,balance_change_1m_pct,credit_score_ordinal,Standard Portfolio Surveillance,0.9838
LN0036773,2025-03,0.0345,0.048,0.0261,0.03,Current,0,None,0.2971,dpd_roll_max_6m,interest_rate_imputed,balance_change_1m_pct,Standard Portfolio Surveillance,0.9479
LN0036793,2025-01,0.014,0.026,0.0342,0.0177,Current,0,None,0.3019,interest_rate_imputed,credit_score_ordinal,balance_change_1m_pct,Standard Portfolio Surveillance,0.9315
LN0036794,2023-04,0.0403,0.0771,0.0614,0.0355,30-59 DPD,0,None,0.3225,dpd_roll_max_6m,credit_score_ordinal,interest_rate_imputed,Standard Portfolio Surveillance,0.8771
LN0036795,2025-08,0.014,0.026,0.0153,0.0235,Current,0,None,0.3045,credit_score_ordinal,balance_change_1m_pct,interest_rate_imputed,Standard Portfolio Surveillance,0.9694
LN0036801,2025-01,0.0183,0.0309,0.0106,0.0101,Current,0,None,0.4946,interest_rate_imputed,credit_score_ordinal,balance_change_1m_pct,Standard Portfolio Surveillance,0.9788
LN0036832,2026-01,0.02,0.0377,0.011,0.0101,Current,0,None,0.2312,balance_change_1m_pct,credit_score_ordinal,interest_rate_imputed,Standard Portfolio Surveillance,0.9781
LN0036837,2024-01,0.0038,0.0059,0.0081,0.0078,Default,0,None,0.5874,days_past_due,dpd_roll_max_6m,credit_score_ordinal,Standard Portfolio Surveillance,0.9838
LN0036842,2025-03,0.014,0.026,0.011,0.0235,Current,0,None,0.2328,credit_score_ordinal,interest_rate_imputed,balance_change_1m_pct,Standard Portfolio Surveillance,0.9781
LN0036853,2024-12,0.0345,0.0156,0.0143,0.0101,Current,0,None,0.3166,credit_score_ordinal,interest_rate_imputed,balance_to_orig_ratio,Standard Portfolio Surveillance,0.9713
LN0036943,2023-12,0.0038,0.0059,0.0081,0.0078,Default,1,Data Conflict,0.4616,balance_change_1m_pct,balance_to_orig_ratio,interest_rate_imputed,Audit & Data Quality Exception Review,0.9838
LN0036945,2023-01,0.0223,0.0571,0.0535,0.0495,Current,0,None,0.3839,balance_change_1m_pct,balance_to_orig_ratio,days_past_due,Standard Portfolio Surveillance,0.893
LN0036970,2024-04,0.02,0.0377,0.0342,0.0412,Current,0,None,0.1011,credit_score_ordinal,interest_rate_imputed,balance_change_1m_pct,Standard Portfolio Surveillance,0.9315
LN0036972,2022-10,0.0223,0.0571,0.0535,0.0495,Current,0,None,0.2605,balance_change_1m_pct,interest_rate_imputed,balance_to_orig_ratio,Standard Portfolio Surveillance,0.893
LN0036983,2025-08,0.6989,0.6621,0.0081,0.0078,90+ DPD,0,None,0.8868,days_past_due,dpd_roll_max_6m,balance_change_1m_pct,Audit & Data Quality Exception Review,0.9838
LN0036995,2023-12,0.0345,0.048,0.0535,0.0495,Current,0,None,0.2009,interest_rate_imputed,balance_change_1m_pct,balance_to_orig_ratio,Standard Portfolio Surveillance,0.893
LN0037011,2024-04,0.014,0.026,0.0342,0.0495,Current,0,None,0.3046,balance_change_1m_pct,interest_rate_imputed,credit_score_ordinal,Standard Portfolio Surveillance,0.9315
LN0037012,2025-05,0.0345,0.0156,0.0143,0.0101,Current,0,None,0.1657,credit_score_ordinal,balance_change_1m_pct,interest_rate_imputed,Standard Portfolio Surveillance,0.9713
LN0037016,2025-03,0.0099,0.0179,0.0237,0.0412,Current,0,None,0.1555,interest_rate_imputed,balance_change_1m_pct,balance_to_orig_ratio,Standard Portfolio Surveillance,0.9525
LN0037062,2025-02,0.0099,0.0179,0.0245,0.0235,Current,0,None,0.1802,credit_score_ordinal,interest_rate_imputed,balance_change_1m_pct,Standard Portfolio Surveillance,0.9509
LN0037069,2022-11,0.0345,0.0571,0.0535,0.0495,Current,0,None,0.1671,credit_score_ordinal,balance_change_1m_pct,interest_rate_imputed,Standard Portfolio Surveillance,0.893
LN0037073,2025-12,0.0183,0.0309,0.0106,0.0101,Current,0,None,0.4593,balance_change_1m_pct,balance_to_orig_ratio,days_past_due,Standard Portfolio Surveillance,0.9788
LN0037088,2025-05,0.014,0.026,0.0153,0.03,Current,0,None,0.1485,interest_rate_imputed,balance_change_1m_pct,balance_to_orig_ratio,Standard Portfolio Surveillance,0.9694
LN0037097,2023-12,0.0345,0.048,0.0535,0.0412,Current,0,None,0.329,balance_to_orig_ratio,balance_change_1m_pct,days_past_due,Standard Portfolio Surveillance,0.893
LN0037131,2024-12,0.6989,0.6621,0.0081,0.0078,90+ DPD,0,None,0.9756,days_past_due,dpd_roll_max_6m,interest_rate_imputed,Audit & Data Quality Exception Review,0.9838
LN0037133,2022-12,0.0038,0.0059,0.0081,0.0078,Prepaid,0,None,0.7192,balance_change_1m_pct,balance_to_orig_ratio,credit_score_ordinal,Audit & Data Quality Exception Review,0.9838
LN0037157,2025-07,0.02,0.0377,0.011,0.0101,Current,0,None,0.2783,interest_rate_imputed,balance_to_orig_ratio,balance_change_1m_pct,Standard Portfolio Surveillance,0.9781
LN0037158,2025-07,0.0183,0.0309,0.0234,0.0235,Current,0,None,0.1691,interest_rate_imputed,balance_change_1m_pct,balance_to_orig_ratio,Standard Portfolio Surveillance,0.9531
LN0037178,2023-11,0.0223,0.0571,0.0535,0.0495,Current,0,None,0.3003,interest_rate_imputed,balance_change_1m_pct,balance_to_orig_ratio,Standard Portfolio Surveillance,0.893
LN0037185,2025-02,0.0326,0.0156,0.0143,0.0101,Current,0,None,0.2812,credit_score_ordinal,balance_change_1m_pct,balance_to_orig_ratio,Standard Portfolio Surveillance,0.9713
LN0037198,2024-02,0.0326,0.048,0.0535,0.0495,Current,0,None,0.1249,interest_rate_imputed,balance_change_1m_pct,balance_to_orig_ratio,Standard Portfolio Surveillance,0.893
LN0037201,2023-04,0.0561,0.1023,0.0847,0.0495,30-59 DPD,0,None,0.2019,credit_score_ordinal,interest_rate_imputed,balance_change_1m_pct,Standard Portfolio Surveillance,0.8305
LN0037214,2024-12,0.0118,0.0213,0.0245,0.03,Current,0,None,0.1699,credit_score_ordinal,interest_rate_imputed,balance_change_1m_pct,Standard Portfolio Surveillance,0.9509
LN0037225,2025-07,0.0326,0.0156,0.0143,0.0101,Current,0,None,0.3365,credit_score_ordinal,interest_rate_imputed,balance_to_orig_ratio,Standard Portfolio Surveillance,0.9713
LN0037236,2023-09,0.0038,0.0059,0.0081,0.0078,Prepaid,0,None,0.5736,balance_change_1m_pct,balance_to_orig_ratio,credit_score_ordinal,Standard Portfolio Surveillance,0.9838
LN0037246,2024-04,0.0038,0.0059,0.0081,0.0078,Default,1,Data Conflict,0.4192,interest_rate_imputed,credit_score_ordinal,balance_change_1m_pct,Audit & Data Quality Exception Review,0.9838
LN0037258,2023-04,0.0223,0.0571,0.0535,0.0495,Current,0,None,0.1447,credit_score_ordinal,interest_rate_imputed,balance_change_1m_pct,Standard Portfolio Surveillance,0.893
LN0037260,2023-12,0.0485,0.0887,0.0535,0.0495,Current,0,None,0.1996,balance_change_1m_pct,interest_rate_imputed,balance_to_orig_ratio,Standard Portfolio Surveillance,0.893
LN0037263,2026-02,0.0183,0.0309,0.0106,0.0101,Current,0,None,0.2786,credit_score_ordinal,balance_change_1m_pct,interest_rate_imputed,Standard Portfolio Surveillance,0.9788
LN0037358,2024-07,0.0273,0.0644,0.0261,0.03,Current,0,None,0.2429,credit_score_ordinal,interest_rate_imputed,balance_to_orig_ratio,Standard Portfolio Surveillance,0.9479
LN0037361,2023-07,0.02,0.0377,0.0237,0.0495,Current,0,None,0.1835,credit_score_ordinal,interest_rate_imputed,balance_change_1m_pct,Standard Portfolio Surveillance,0.9525
LN0037362,2024-03,0.0326,0.048,0.0535,0.0412,Current,0,None,0.1874,credit_score_ordinal,interest_rate_imputed,balance_change_1m_pct,Standard Portfolio Surveillance,0.893
LN0037364,2023-05,0.0038,0.0059,0.0081,0.0078,Prepaid,0,None,0.7277,balance_change_1m_pct,balance_to_orig_ratio,credit_score_ordinal,Audit & Data Quality Exception Review,0.9838
LN0037393,2025-10,0.0099,0.0179,0.011,0.0101,Current,0,None,0.4082,interest_rate_imputed,balance_change_1m_pct,balance_to_orig_ratio,Standard Portfolio Surveillance,0.9781
LN0037414,2023-03,0.0038,0.0059,0.0081,0.0078,Prepaid,0,None,0.641,balance_change_1m_pct,balance_to_orig_ratio,credit_score_ordinal,Standard Portfolio Surveillance,0.9838
LN0037432,2023-09,0.02,0.0377,0.0342,0.0495,Current,0,None,0.2606,balance_change_1m_pct,interest_rate_imputed,balance_to_orig_ratio,Standard Portfolio Surveillance,0.9315
LN0037435,2023-12,0.0038,0.0059,0.0081,0.0078,Prepaid,0,None,0.6634,balance_change_1m_pct,balance_to_orig_ratio,credit_score_ordinal,Audit & Data Quality Exception Review,0.9838
LN0037438,2023-12,0.0099,0.0179,0.0237,0.0495,Current,0,None,0.1937,credit_score_ordinal,interest_rate_imputed,balance_change_1m_pct,Standard Portfolio Surveillance,0.9525
LN0037453,2024-04,0.014,0.026,0.0153,0.0235,Current,0,None,0.3125,credit_score_ordinal,interest_rate_imputed,balance_change_1m_pct,Standard Portfolio Surveillance,0.9694
LN0037457,2023-01,0.6989,0.6621,0.2999,0.0172,Default,0,None,0.6828,days_past_due,dpd_roll_max_6m,balance_change_1m_pct,Audit & Data Quality Exception Review,0.6
LN0037470,2024-10,0.0326,0.048,0.0535,0.0412,Current,0,None,0.1161,interest_rate_imputed,balance_change_1m_pct,balance_to_orig_ratio,Standard Portfolio Surveillance,0.893
LN0037474,2023-10,0.02,0.0377,0.0342,0.0412,Current,0,None,0.2162,credit_score_ordinal,interest_rate_imputed,balance_change_1m_pct,Standard Portfolio Surveillance,0.9315
LN0037475,2023-12,0.0099,0.0179,0.0237,0.0495,Current,0,None,0.2789,balance_change_1m_pct,interest_rate_imputed,balance_to_orig_ratio,Standard Portfolio Surveillance,0.9525
LN0037518,2023-07,0.0038,0.0059,0.0081,0.0078,Default,1,Data Conflict,0.3761,interest_rate_imputed,balance_change_1m_pct,credit_score_ordinal,Audit & Data Quality Exception Review,0.9838
LN0037542,2024-08,0.02,0.0377,0.0153,0.0235,Current,0,None,0.2358,balance_change_1m_pct,interest_rate_imputed,balance_to_orig_ratio,Standard Portfolio Surveillance,0.9694
LN0037544,2024-07,0.0561,0.0644,0.0847,0.0412,30-59 DPD,0,None,0.2259,credit_score_ordinal,balance_change_1m_pct,balance_to_orig_ratio,Standard Portfolio Surveillance,0.8305
LN0037550,2025-05,0.0321,0.0648,0.0234,0.03,Current,0,None,0.2956,balance_change_1m_pct,credit_score_ordinal,interest_rate_imputed,Standard Portfolio Surveillance,0.9531
LN0037551,2024-09,0.02,0.0377,0.011,0.0235,30-59 DPD,0,None,0.3355,credit_score_ordinal,interest_rate_imputed,balance_change_1m_pct,Standard Portfolio Surveillance,0.9781
LN0037563,2025-08,0.0326,0.048,0.0261,0.0235,Current,0,None,0.4727,balance_change_1m_pct,credit_score_ordinal,interest_rate_imputed,Standard Portfolio Surveillance,0.9479
LN0037576,2023-11,0.02,0.0377,0.0342,0.0412,Current,1,Valuation Discrepancy,0.4111,balance_change_1m_pct,balance_to_orig_ratio,credit_score_ordinal,Audit & Data Quality Exception Review,0.9315
LN0037606,2024-03,0.02,0.0377,0.0342,0.0412,30-59 DPD,0,None,0.1406,credit_score_ordinal,interest_rate_imputed,balance_change_1m_pct,Standard Portfolio Surveillance,0.9315
LN0037612,2023-09,0.0175,0.0648,0.0374,0.0412,Current,0,None,0.1494,interest_rate_imputed,balance_change_1m_pct,balance_to_orig_ratio,Standard Portfolio Surveillance,0.9252
LN0037636,2024-03,0.014,0.026,0.0342,0.0495,Current,0,None,0.2638,credit_score_ordinal,interest_rate_imputed,balance_change_1m_pct,Standard Portfolio Surveillance,0.9315
LN0037668,2023-01,0.0038,0.0059,0.0081,0.0078,Prepaid,0,None,0.6381,balance_change_1m_pct,balance_to_orig_ratio,interest_rate_imputed,Standard Portfolio Surveillance,0.9838
LN0037677,2025-06,0.02,0.0377,0.0245,0.03,Current,0,None,0.2035,credit_score_ordinal,interest_rate_imputed,balance_change_1m_pct,Standard Portfolio Surveillance,0.9509
LN0037682,2024-08,0.014,0.026,0.0342,0.0412,Current,0,None,0.1633,credit_score_ordinal,interest_rate_imputed,balance_change_1m_pct,Standard Portfolio Surveillance,0.9315
LN0037691,2024-06,0.0326,0.048,0.0261,0.03,Current,0,None,0.2112,interest_rate_imputed,balance_change_1m_pct,balance_to_orig_ratio,Standard Portfolio Surveillance,0.9479
LN0037706,2025-06,0.0223,0.048,0.0143,0.0235,Current,0,None,0.2357,credit_score_ordinal,interest_rate_imputed,balance_change_1m_pct,Standard Portfolio Surveillance,0.9713
LN0037755,2026-02,0.014,0.026,0.011,0.0101,Current,0,None,0.344,balance_change_1m_pct,interest_rate_imputed,balance_to_orig_ratio,Standard Portfolio Surveillance,0.9781
LN0037759,2023-11,0.0223,0.048,0.0535,0.0412,Current,0,None,0.1578,credit_score_ordinal,interest_rate_imputed,balance_change_1m_pct,Standard Portfolio Surveillance,0.893
LN0037793,2025-02,0.0687,0.0644,0.0143,0.0101,Current,0,None,0.3557,credit_score_ordinal,interest_rate_imputed,balance_change_1m_pct,Standard Portfolio Surveillance,0.9713
LN0037798,2025-09,0.0099,0.0179,0.011,0.0101,Current,0,None,0.4061,balance_change_1m_pct,credit_score_ordinal,balance_to_orig_ratio,Standard Portfolio Surveillance,0.9781
LN0037810,2025-11,0.0099,0.0179,0.011,0.0147,Current,0,None,0.2614,credit_score_ordinal,interest_rate_imputed,balance_change_1m_pct,Standard Portfolio Surveillance,0.9781
LN0037846,2025-04,0.0038,0.0059,0.0081,0.0078,Prepaid,0,None,0.6896,balance_change_1m_pct,balance_to_orig_ratio,interest_rate_imputed,Audit & Data Quality Exception Review,0.9838
LN0037874,2024-07,0.0223,0.048,0.0535,0.0412,Current,0,None,0.2403,balance_change_1m_pct,credit_score_ordinal,interest_rate_imputed,Standard Portfolio Surveillance,0.893
LN0037933,2024-03,0.0175,0.0348,0.0374,0.0495,Current,0,None,0.2551,interest_rate_imputed,balance_change_1m_pct,balance_to_orig_ratio,Standard Portfolio Surveillance,0.9252
LN0037944,2024-06,0.0038,0.0059,0.0081,0.0078,Prepaid,0,None,0.6851,balance_change_1m_pct,balance_to_orig_ratio,credit_score_ordinal,Audit & Data Quality Exception Review,0.9838
LN0037954,2022-10,0.0038,0.0059,0.0081,0.0078,Prepaid,0,None,0.4954,balance_to_orig_ratio,balance_change_1m_pct,interest_rate_imputed,Standard Portfolio Surveillance,0.9838
LN0037981,2023-10,0.0038,0.0059,0.0081,0.0078,Prepaid,0,None,0.6863,balance_change_1m_pct,balance_to_orig_ratio,interest_rate_imputed,Audit & Data Quality Exception Review,0.9838
LN0037985,2023-04,0.0038,0.0059,0.0081,0.0078,Prepaid,0,None,0.6518,balance_change_1m_pct,balance_to_orig_ratio,credit_score_ordinal,Audit & Data Quality Exception Review,0.9838
LN0038039,2024-03,0.0326,0.048,0.0535,0.0412,Current,0,None,0.301,interest_rate_imputed,balance_change_1m_pct,balance_to_orig_ratio,Standard Portfolio Surveillance,0.893
LN0038048,2025-05,0.0099,0.0179,0.0153,0.03,Current,0,None,0.2268,interest_rate_imputed,balance_change_1m_pct,balance_to_orig_ratio,Standard Portfolio Surveillance,0.9694
LN0038051,2024-09,0.0403,0.0771,0.0614,0.0412,Current,0,None,0.1397,credit_score_ordinal,interest_rate_imputed,balance_change_1m_pct,Standard Portfolio Surveillance,0.8771
LN0038078,2025-09,0.0223,0.0156,0.0143,0.0101,Current,0,None,0.2633,interest_rate_imputed,balance_change_1m_pct,credit_score_ordinal,Standard Portfolio Surveillance,0.9713
LN0038094,2026-01,0.014,0.026,0.011,0.0147,Current,0,None,0.3678,credit_score_ordinal,interest_rate_imputed,balance_change_1m_pct,Standard Portfolio Surveillance,0.9781
LN0038097,2024-03,0.0326,0.048,0.0261,0.03,Current,0,None,0.2576,interest_rate_imputed,balance_change_1m_pct,credit_score_ordinal,Standard Portfolio Surveillance,0.9479
LN0038104,2025-06,0.0038,0.0059,0.0081,0.0078,Default,1,Data Conflict,0.3838,interest_rate_imputed,balance_change_1m_pct,balance_to_orig_ratio,Audit & Data Quality Exception Review,0.9838
LN0038117,2023-03,0.0099,0.0179,0.0237,0.0495,Current,0,None,0.3341,credit_score_ordinal,interest_rate_imputed,balance_change_1m_pct,Standard Portfolio Surveillance,0.9525
LN0038137,2023-10,0.0099,0.0179,0.0237,0.0412,Current,0,None,0.2347,credit_score_ordinal,interest_rate_imputed,balance_change_1m_pct,Standard Portfolio Surveillance,0.9525
LN0038160,2023-10,0.0561,0.0644,0.0847,0.0412,Current,0,None,0.1101,credit_score_ordinal,interest_rate_imputed,balance_change_1m_pct,Standard Portfolio Surveillance,0.8305
LN0038169,2025-02,0.0273,0.0644,0.0261,0.0235,Current,0,None,0.3987,interest_rate_imputed,balance_change_1m_pct,balance_to_orig_ratio,Standard Portfolio Surveillance,0.9479
LN0038176,2024-08,0.0175,0.0348,0.0374,0.0412,Current,0,None,0.147,credit_score_ordinal,interest_rate_imputed,balance_change_1m_pct,Standard Portfolio Surveillance,0.9252
LN0038193,2024-11,0.0403,0.0771,0.0614,0.0412,Current,0,None,0.1292,interest_rate_imputed,balance_change_1m_pct,balance_to_orig_ratio,Standard Portfolio Surveillance,0.8771
LN0038209,2024-11,0.6989,0.6621,0.2999,0.0172,60-89 DPD,0,None,0.237,interest_rate_imputed,balance_change_1m_pct,balance_to_orig_ratio,Active Credit Workout & Pre-Foreclosure Outreach,0.6
LN0038229,2024-10,0.0326,0.048,0.0535,0.0412,Current,0,None,0.3626,balance_change_1m_pct,credit_score_ordinal,balance_to_orig_ratio,Standard Portfolio Surveillance,0.893
LN0038232,2024-01,0.0326,0.048,0.0535,0.0412,Current,0,None,0.204,balance_change_1m_pct,credit_score_ordinal,balance_to_orig_ratio,Standard Portfolio Surveillance,0.893
LN0038240,2025-01,0.0403,0.0771,0.0614,0.0412,Current,0,None,0.2097,credit_score_ordinal,interest_rate_imputed,balance_change_1m_pct,Standard Portfolio Surveillance,0.8771
LN0038241,2025-03,0.6989,0.6621,0.0081,0.0078,90+ DPD,0,None,0.8731,days_past_due,dpd_roll_max_6m,balance_change_1m_pct,Audit & Data Quality Exception Review,0.9838
LN0038284,2025-11,0.014,0.026,0.011,0.0101,Current,0,None,0.2503,credit_score_ordinal,balance_change_1m_pct,balance_to_orig_ratio,Standard Portfolio Surveillance,0.9781
LN0038292,2023-06,0.0326,0.048,0.0535,0.0495,Current,0,None,0.1103,credit_score_ordinal,balance_change_1m_pct,interest_rate_imputed,Standard Portfolio Surveillance,0.893
LN0038299,2025-10,0.6989,0.6621,0.2764,0.0083,60-89 DPD,0,None,0.5327,balance_change_1m_pct,credit_score_ordinal,balance_to_orig_ratio,Active Credit Workout & Pre-Foreclosure Outreach,0.6
LN0038309,2024-01,0.0561,0.1023,0.0847,0.0495,30-59 DPD,0,None,0.2517,interest_rate_imputed,balance_change_1m_pct,balance_to_orig_ratio,Standard Portfolio Surveillance,0.8305
LN0038321,2024-09,0.0345,0.048,0.0535,0.0412,30-59 DPD,0,None,0.1705,credit_score_ordinal,balance_change_1m_pct,interest_rate_imputed,Standard Portfolio Surveillance,0.893
LN0038332,2025-03,0.0223,0.048,0.0261,0.03,Current,0,None,0.2661,interest_rate_imputed,balance_change_1m_pct,balance_to_orig_ratio,Standard Portfolio Surveillance,0.9479
LN0038335,2023-03,0.0561,0.1023,0.0847,0.0495,Current,0,None,0.2769,interest_rate_imputed,balance_change_1m_pct,credit_score_ordinal,Standard Portfolio Surveillance,0.8305
LN0038340,2025-11,0.0273,0.0644,0.0143,0.0235,Current,0,None,0.2194,interest_rate_imputed,balance_to_orig_ratio,balance_change_1m_pct,Standard Portfolio Surveillance,0.9713
LN0038356,2024-04,0.0223,0.048,0.0535,0.0495,Current,0,None,0.2511,balance_change_1m_pct,credit_score_ordinal,interest_rate_imputed,Standard Portfolio Surveillance,0.893
LN0038365,2024-11,0.0099,0.0179,0.0245,0.0235,Current,0,None,0.2608,interest_rate_imputed,credit_score_ordinal,balance_change_1m_pct,Standard Portfolio Surveillance,0.9509
LN0038370,2023-09,0.0223,0.048,0.0535,0.0495,Current,0,None,0.081,balance_change_1m_pct,interest_rate_imputed,balance_to_orig_ratio,Standard Portfolio Surveillance,0.893
LN0038373,2023-01,0.02,0.0377,0.0342,0.0495,Current,0,None,0.1755,interest_rate_imputed,balance_change_1m_pct,balance_to_orig_ratio,Standard Portfolio Surveillance,0.9315
LN0038386,2024-05,0.0183,0.0309,0.0234,0.0235,Current,0,None,0.1731,credit_score_ordinal,balance_change_1m_pct,interest_rate_imputed,Standard Portfolio Surveillance,0.9531
LN0038407,2025-10,0.0345,0.0156,0.0143,0.0147,Current,0,None,0.3292,interest_rate_imputed,balance_change_1m_pct,balance_to_orig_ratio,Standard Portfolio Surveillance,0.9713
LN0038409,2024-02,0.02,0.0377,0.0342,0.0412,Current,0,None,0.2052,credit_score_ordinal,balance_to_orig_ratio,balance_change_1m_pct,Standard Portfolio Surveillance,0.9315
LN0038415,2026-01,0.0223,0.0156,0.0143,0.0101,Current,0,None,0.4341,balance_change_1m_pct,credit_score_ordinal,balance_to_orig_ratio,Standard Portfolio Surveillance,0.9713
LN0038427,2022-06,0.0223,0.0571,0.0535,0.0355,Current,1,Date Anomaly,0.2312,dpd_roll_max_6m,interest_rate_imputed,balance_change_1m_pct,Audit & Data Quality Exception Review,0.893
LN0038431,2026-04,0.02,0.0377,0.011,0.0101,Current,0,None,0.3467,credit_score_ordinal,balance_change_1m_pct,interest_rate_imputed,Standard Portfolio Surveillance,0.9781
LN0038440,2022-10,0.0403,0.0771,0.0614,0.0495,Current,0,None,0.1633,interest_rate_imputed,credit_score_ordinal,balance_change_1m_pct,Standard Portfolio Surveillance,0.8771
LN0038462,2023-08,0.0038,0.0059,0.0081,0.0078,Default,0,None,0.5817,days_past_due,dpd_roll_max_6m,interest_rate_imputed,Standard Portfolio Surveillance,0.9838
LN0038477,2023-06,0.02,0.0377,0.0342,0.0495,Current,0,None,0.1176,interest_rate_imputed,credit_score_ordinal,balance_change_1m_pct,Standard Portfolio Surveillance,0.9315
LN0038516,2023-07,0.0038,0.0059,0.0081,0.0078,Default,0,None,0.6411,days_past_due,dpd_roll_max_6m,credit_score_ordinal,Standard Portfolio Surveillance,0.9838
LN0038522,2024-03,0.0099,0.0179,0.0153,0.03,Current,0,None,0.2762,interest_rate_imputed,credit_score_ordinal,balance_change_1m_pct,Standard Portfolio Surveillance,0.9694
LN0038529,2024-08,0.0038,0.0059,0.0081,0.0078,Prepaid,0,None,0.6802,balance_change_1m_pct,balance_to_orig_ratio,credit_score_ordinal,Audit & Data Quality Exception Review,0.9838
LN0038589,2025-03,0.0273,0.0644,0.0261,0.0235,Current,0,None,0.5522,balance_change_1m_pct,interest_rate_imputed,credit_score_ordinal,Standard Portfolio Surveillance,0.9479
LN0038591,2022-12,0.0038,0.0059,0.0081,0.0078,Default,1,Data Conflict,0.2513,credit_score_ordinal,interest_rate_imputed,balance_change_1m_pct,Audit & Data Quality Exception Review,0.9838
LN0038603,2025-10,0.0038,0.0059,0.0081,0.0078,Default,1,Data Conflict,0.399,credit_score_ordinal,interest_rate_imputed,balance_change_1m_pct,Audit & Data Quality Exception Review,0.9838
LN0038619,2025-01,0.02,0.0377,0.0153,0.0235,Current,0,None,0.2412,interest_rate_imputed,balance_change_1m_pct,credit_score_ordinal,Standard Portfolio Surveillance,0.9694
LN0038657,2024-07,0.0345,0.0571,0.0535,0.0495,30-59 DPD,0,None,0.2659,credit_score_ordinal,balance_change_1m_pct,interest_rate_imputed,Standard Portfolio Surveillance,0.893
LN0038661,2025-03,0.014,0.026,0.0342,0.0412,Prepaid,0,None,0.1962,interest_rate_imputed,balance_change_1m_pct,credit_score_ordinal,Standard Portfolio Surveillance,0.9315
LN0038663,2023-12,0.0038,0.0059,0.0081,0.0078,Default,0,None,0.6363,days_past_due,dpd_roll_max_6m,credit_score_ordinal,Standard Portfolio Surveillance,0.9838
LN0038685,2026-01,0.0099,0.0179,0.011,0.0101,Current,0,None,0.3255,credit_score_ordinal,interest_rate_imputed,balance_change_1m_pct,Standard Portfolio Surveillance,0.9781
LN0038721,2026-02,0.014,0.026,0.011,0.0147,Current,0,None,0.4278,credit_score_ordinal,interest_rate_imputed,balance_change_1m_pct,Standard Portfolio Surveillance,0.9781
LN0038728,2025-05,0.0403,0.0771,0.0614,0.03,Current,0,None,0.2268,credit_score_ordinal,balance_change_1m_pct,interest_rate_imputed,Standard Portfolio Surveillance,0.8771
LN0038734,2026-03,0.014,0.026,0.011,0.0101,Current,0,None,0.3367,credit_score_ordinal,interest_rate_imputed,balance_to_orig_ratio,Standard Portfolio Surveillance,0.9781
LN0038739,2023-12,0.0345,0.0571,0.0535,0.0495,Current,0,None,0.1736,interest_rate_imputed,balance_change_1m_pct,credit_score_ordinal,Standard Portfolio Surveillance,0.893
LN0038744,2025-11,0.0099,0.0179,0.011,0.0101,Current,0,None,0.2908,balance_change_1m_pct,interest_rate_imputed,balance_to_orig_ratio,Standard Portfolio Surveillance,0.9781
LN0038748,2024-08,0.0183,0.0309,0.0234,0.03,Current,0,None,0.3618,balance_change_1m_pct,credit_score_ordinal,balance_to_orig_ratio,Standard Portfolio Surveillance,0.9531
LN0038770,2024-05,0.0403,0.0771,0.0614,0.0412,Current,0,None,0.26,credit_score_ordinal,interest_rate_imputed,balance_change_1m_pct,Standard Portfolio Surveillance,0.8771
LN0038772,2023-12,0.0175,0.0348,0.0374,0.0412,Current,0,None,0.1588,credit_score_ordinal,interest_rate_imputed,balance_change_1m_pct,Standard Portfolio Surveillance,0.9252
LN0038778,2024-12,0.0403,0.0771,0.0234,0.03,Prepaid,0,None,0.293,interest_rate_imputed,balance_change_1m_pct,balance_to_orig_ratio,Standard Portfolio Surveillance,0.9531
LN0038779,2023-10,0.0345,0.0571,0.0535,0.0495,Current,0,None,0.1581,interest_rate_imputed,balance_change_1m_pct,balance_to_orig_ratio,Standard Portfolio Surveillance,0.893
LN0038794,2023-06,0.0038,0.0059,0.0081,0.0078,Default,1,Data Conflict,0.3282,credit_score_ordinal,interest_rate_imputed,balance_change_1m_pct,Audit & Data Quality Exception Review,0.9838
LN0038850,2024-07,0.0326,0.048,0.0535,0.0412,Current,0,None,0.1768,interest_rate_imputed,balance_change_1m_pct,credit_score_ordinal,Standard Portfolio Surveillance,0.893
LN0038852,2024-11,0.02,0.0377,0.011,0.0101,Current,0,None,0.3882,credit_score_ordinal,balance_change_1m_pct,interest_rate_imputed,Standard Portfolio Surveillance,0.9781
LN0038872,2023-09,0.0038,0.0059,0.0081,0.0078,Default,1,Data Conflict,0.3046,interest_rate_imputed,balance_change_1m_pct,balance_to_orig_ratio,Audit & Data Quality Exception Review,0.9838
LN0038900,2025-05,0.0099,0.0179,0.0237,0.0412,Current,0,None,0.1931,interest_rate_imputed,balance_change_1m_pct,balance_to_orig_ratio,Standard Portfolio Surveillance,0.9525
LN0038906,2023-06,0.0038,0.0059,0.0081,0.0078,Prepaid,0,None,0.5696,balance_to_orig_ratio,balance_change_1m_pct,interest_rate_imputed,Standard Portfolio Surveillance,0.9838
LN0038937,2024-04,0.02,0.0377,0.0342,0.0495,Current,0,None,0.1858,credit_score_ordinal,interest_rate_imputed,balance_change_1m_pct,Standard Portfolio Surveillance,0.9315
LN0038938,2024-05,0.0561,0.1023,0.0847,0.0495,Current,0,None,0.2169,credit_score_ordinal,interest_rate_imputed,balance_change_1m_pct,Standard Portfolio Surveillance,0.8305
LN0038979,2023-03,0.02,0.0377,0.0237,0.0355,Current,0,None,0.5569,dpd_roll_max_6m,credit_score_ordinal,interest_rate_imputed,Standard Portfolio Surveillance,0.9525
LN0038988,2022-08,0.0038,0.0059,0.0081,0.0078,Default,1,Data Conflict,0.3229,credit_score_ordinal,interest_rate_imputed,balance_change_1m_pct,Audit & Data Quality Exception Review,0.9838
LN0039001,2025-03,0.0223,0.048,0.0261,0.0235,Current,0,None,0.3488,credit_score_ordinal,interest_rate_imputed,balance_change_1m_pct,Standard Portfolio Surveillance,0.9479
LN0039020,2024-06,0.0099,0.0179,0.0237,0.0495,Current,0,None,0.1592,credit_score_ordinal,interest_rate_imputed,balance_change_1m_pct,Standard Portfolio Surveillance,0.9525
LN0039038,2025-08,0.02,0.0377,0.011,0.0101,Current,0,None,0.2669,credit_score_ordinal,balance_change_1m_pct,interest_rate_imputed,Standard Portfolio Surveillance,0.9781
LN0039040,2024-09,0.02,0.0377,0.0153,0.03,Current,0,None,0.4595,interest_rate_imputed,credit_score_ordinal,balance_change_1m_pct,Standard Portfolio Surveillance,0.9694
LN0039045,2023-09,0.0326,0.048,0.0535,0.0495,Current,0,None,0.194,credit_score_ordinal,interest_rate_imputed,balance_change_1m_pct,Standard Portfolio Surveillance,0.893
LN0039053,2023-01,0.0099,0.0179,0.0237,0.0495,Current,0,None,0.3978,balance_change_1m_pct,interest_rate_imputed,balance_to_orig_ratio,Standard Portfolio Surveillance,0.9525
LN0039056,2023-08,0.0099,0.0179,0.0237,0.0412,Current,0,None,0.1717,credit_score_ordinal,interest_rate_imputed,balance_change_1m_pct,Standard Portfolio Surveillance,0.9525
LN0039059,2025-06,0.0326,0.048,0.0261,0.03,Current,0,None,0.2188,balance_change_1m_pct,interest_rate_imputed,balance_to_orig_ratio,Standard Portfolio Surveillance,0.9479
LN0039060,2023-07,0.0038,0.0059,0.0081,0.0078,Default,1,Data Conflict,0.583,days_past_due,dpd_roll_max_6m,interest_rate_imputed,Audit & Data Quality Exception Review,0.9838
LN0039062,2023-08,0.014,0.026,0.0342,0.0495,Current,0,None,0.1524,credit_score_ordinal,interest_rate_imputed,balance_change_1m_pct,Standard Portfolio Surveillance,0.9315
LN0039084,2022-10,0.0223,0.0571,0.0535,0.0495,Current,0,None,0.2241,balance_change_1m_pct,balance_to_orig_ratio,days_past_due,Standard Portfolio Surveillance,0.893
LN0039093,2023-08,0.0561,0.1023,0.0847,0.0495,30-59 DPD,0,None,0.2469,credit_score_ordinal,interest_rate_imputed,balance_change_1m_pct,Standard Portfolio Surveillance,0.8305
LN0039094,2023-06,0.0038,0.0059,0.0081,0.0078,Prepaid,0,None,0.6269,balance_change_1m_pct,balance_to_orig_ratio,credit_score_ordinal,Standard Portfolio Surveillance,0.9838
LN0039122,2024-12,0.0223,0.0156,0.0143,0.0101,Current,0,None,0.3214,credit_score_ordinal,interest_rate_imputed,balance_change_1m_pct,Standard Portfolio Surveillance,0.9713
LN0039130,2023-09,0.0485,0.0887,0.0535,0.0495,Current,0,None,0.2896,interest_rate_imputed,balance_change_1m_pct,balance_to_orig_ratio,Standard Portfolio Surveillance,0.893
LN0039137,2023-03,0.0403,0.0771,0.0614,0.0495,Current,0,None,0.1775,credit_score_ordinal,balance_change_1m_pct,interest_rate_imputed,Standard Portfolio Surveillance,0.8771
LN0039139,2025-06,0.0687,0.0644,0.0261,0.03,Current,0,None,0.312,credit_score_ordinal,interest_rate_imputed,balance_change_1m_pct,Standard Portfolio Surveillance,0.9479
LN0039144,2023-06,0.0099,0.0179,0.0237,0.0495,Current,0,None,0.1997,balance_change_1m_pct,interest_rate_imputed,balance_to_orig_ratio,Standard Portfolio Surveillance,0.9525
LN0039147,2023-07,0.0942,0.1674,0.0847,0.0495,Prepaid,1,Missing Document,0.3557,credit_score_ordinal,interest_rate_imputed,balance_change_1m_pct,Audit & Data Quality Exception Review,0.8305
LN0039160,2022-09,0.0118,0.0213,0.0237,0.0495,Current,0,None,0.094,credit_score_ordinal,balance_change_1m_pct,interest_rate_imputed,Standard Portfolio Surveillance,0.9525
LN0039167,2023-04,0.02,0.0377,0.0342,0.0495,Current,0,None,0.3114,interest_rate_imputed,balance_change_1m_pct,credit_score_ordinal,Standard Portfolio Surveillance,0.9315
LN0039174,2023-09,0.0326,0.048,0.0535,0.0412,Current,0,None,0.3261,interest_rate_imputed,balance_change_1m_pct,balance_to_orig_ratio,Standard Portfolio Surveillance,0.893
LN0039202,2025-02,0.0223,0.048,0.0261,0.03,Current,0,None,0.2069,credit_score_ordinal,interest_rate_imputed,balance_change_1m_pct,Standard Portfolio Surveillance,0.9479
LN0039208,2024-09,0.0118,0.0213,0.0237,0.0412,Current,0,None,0.252,credit_score_ordinal,interest_rate_imputed,balance_change_1m_pct,Standard Portfolio Surveillance,0.9525
LN0039213,2025-04,0.0099,0.0179,0.011,0.0101,Current,0,None,0.4643,balance_change_1m_pct,credit_score_ordinal,interest_rate_imputed,Standard Portfolio Surveillance,0.9781
LN0039214,2025-03,0.0403,0.0771,0.0614,0.0412,Current,0,None,0.2721,interest_rate_imputed,balance_change_1m_pct,credit_score_ordinal,Standard Portfolio Surveillance,0.8771
LN0039228,2023-09,0.014,0.026,0.0342,0.0495,Current,0,None,0.1879,credit_score_ordinal,balance_change_1m_pct,interest_rate_imputed,Standard Portfolio Surveillance,0.9315
LN0039242,2023-05,0.0038,0.0059,0.0081,0.0078,Default,0,None,0.6363,days_past_due,dpd_roll_max_6m,balance_change_1m_pct,Standard Portfolio Surveillance,0.9838
LN0039246,2025-05,0.02,0.0377,0.011,0.0147,Current,0,None,0.2423,balance_change_1m_pct,interest_rate_imputed,balance_to_orig_ratio,Standard Portfolio Surveillance,0.9781
LN0039248,2024-02,0.02,0.0377,0.0342,0.0412,Current,0,None,0.1676,balance_change_1m_pct,credit_score_ordinal,interest_rate_imputed,Standard Portfolio Surveillance,0.9315
LN0039256,2023-07,0.0321,0.0648,0.0374,0.0495,Current,0,None,0.1622,interest_rate_imputed,credit_score_ordinal,balance_change_1m_pct,Standard Portfolio Surveillance,0.9252
LN0039260,2023-01,0.02,0.0377,0.0237,0.0495,Current,0,None,0.1763,credit_score_ordinal,interest_rate_imputed,balance_change_1m_pct,Standard Portfolio Surveillance,0.9525
LN0039268,2024-06,0.014,0.026,0.0342,0.0412,Current,0,None,0.3559,balance_change_1m_pct,credit_score_ordinal,interest_rate_imputed,Standard Portfolio Surveillance,0.9315
LN0039269,2024-04,0.0273,0.0644,0.0261,0.03,Current,0,None,0.3005,interest_rate_imputed,credit_score_ordinal,balance_change_1m_pct,Standard Portfolio Surveillance,0.9479
LN0039270,2024-10,0.0326,0.048,0.0535,0.0412,Current,0,None,0.1556,interest_rate_imputed,balance_change_1m_pct,balance_to_orig_ratio,Standard Portfolio Surveillance,0.893
LN0039274,2025-05,0.0099,0.0179,0.011,0.0235,Current,0,None,0.3679,balance_change_1m_pct,credit_score_ordinal,interest_rate_imputed,Standard Portfolio Surveillance,0.9781
LN0039278,2023-04,0.0038,0.0059,0.0081,0.0078,Default,1,Data Conflict,0.6982,days_past_due,dpd_roll_max_6m,balance_change_1m_pct,Audit & Data Quality Exception Review,0.9838
LN0039286,2025-05,0.0099,0.0179,0.0222,0.0147,Current,0,None,0.4852,balance_change_1m_pct,interest_rate_imputed,credit_score_ordinal,Standard Portfolio Surveillance,0.9557
LN0039293,2024-07,0.014,0.026,0.011,0.0235,Current,0,None,0.451,balance_change_1m_pct,interest_rate_imputed,balance_to_orig_ratio,Standard Portfolio Surveillance,0.9781
LN0039304,2023-04,0.014,0.026,0.0342,0.0495,Current,0,None,0.1444,balance_change_1m_pct,credit_score_ordinal,interest_rate_imputed,Standard Portfolio Surveillance,0.9315
LN0039310,2023-02,0.0038,0.0059,0.0081,0.0078,Default,1,Data Conflict,0.6044,days_past_due,dpd_roll_max_6m,credit_score_ordinal,Audit & Data Quality Exception Review,0.9838
LN0039336,2023-09,0.0038,0.0059,0.0081,0.0078,Default,0,None,0.6648,days_past_due,dpd_roll_max_6m,interest_rate_imputed,Audit & Data Quality Exception Review,0.9838
LN0039345,2022-10,0.0038,0.0059,0.0081,0.0078,Default,1,Data Conflict,0.4325,credit_score_ordinal,interest_rate_imputed,balance_change_1m_pct,Audit & Data Quality Exception Review,0.9838
LN0039347,2023-05,0.0038,0.0059,0.0081,0.0078,Prepaid,0,None,0.6867,balance_change_1m_pct,balance_to_orig_ratio,credit_score_ordinal,Audit & Data Quality Exception Review,0.9838
LN0039348,2023-04,0.014,0.026,0.0342,0.0495,Current,0,None,0.1782,balance_change_1m_pct,credit_score_ordinal,interest_rate_imputed,Standard Portfolio Surveillance,0.9315
LN0039353,2025-06,0.0345,0.048,0.0261,0.03,Current,0,None,0.5116,balance_change_1m_pct,credit_score_ordinal,interest_rate_imputed,Standard Portfolio Surveillance,0.9479
LN0039354,2026-03,0.0038,0.0059,0.0081,0.0078,Prepaid,0,None,0.6898,balance_change_1m_pct,balance_to_orig_ratio,interest_rate_imputed,Audit & Data Quality Exception Review,0.9838
LN0039360,2025-07,0.0099,0.0179,0.011,0.0147,Current,0,None,0.2339,interest_rate_imputed,balance_change_1m_pct,balance_to_orig_ratio,Standard Portfolio Surveillance,0.9781
LN0039382,2024-09,0.0326,0.048,0.0261,0.03,30-59 DPD,0,None,0.2051,credit_score_ordinal,balance_change_1m_pct,interest_rate_imputed,Standard Portfolio Surveillance,0.9479
LN0039397,2025-01,0.0223,0.048,0.0143,0.0235,Current,0,None,0.2041,interest_rate_imputed,balance_change_1m_pct,balance_to_orig_ratio,Standard Portfolio Surveillance,0.9713
LN0039411,2024-05,0.6989,0.6621,0.2896,0.0172,60-89 DPD,0,None,0.2551,credit_score_ordinal,interest_rate_imputed,balance_change_1m_pct,Active Credit Workout & Pre-Foreclosure Outreach,0.6
LN0039416,2024-06,0.0223,0.048,0.0535,0.0412,Current,0,None,0.2122,balance_change_1m_pct,credit_score_ordinal,interest_rate_imputed,Standard Portfolio Surveillance,0.893
LN0039438,2025-07,0.02,0.0377,0.011,0.0101,Current,0,None,0.2789,balance_change_1m_pct,interest_rate_imputed,balance_to_orig_ratio,Standard Portfolio Surveillance,0.9781
LN0039441,2023-08,0.0038,0.0059,0.0081,0.0078,Prepaid,0,None,0.6431,balance_change_1m_pct,balance_to_orig_ratio,interest_rate_imputed,Standard Portfolio Surveillance,0.9838
LN0039446,2025-03,0.014,0.026,0.0245,0.0235,Current,0,None,0.2878,balance_change_1m_pct,interest_rate_imputed,credit_score_ordinal,Standard Portfolio Surveillance,0.9509
LN0039451,2024-05,0.0099,0.0179,0.0237,0.0412,Current,0,None,0.2129,interest_rate_imputed,balance_change_1m_pct,balance_to_orig_ratio,Standard Portfolio Surveillance,0.9525
LN0039497,2024-04,0.0038,0.0059,0.0081,0.0078,Prepaid,0,None,0.6435,balance_change_1m_pct,balance_to_orig_ratio,interest_rate_imputed,Standard Portfolio Surveillance,0.9838
LN0039515,2023-07,0.0099,0.0179,0.0237,0.0495,Current,0,None,0.2554,interest_rate_imputed,balance_change_1m_pct,balance_to_orig_ratio,Standard Portfolio Surveillance,0.9525
LN0039524,2024-12,0.0223,0.048,0.0535,0.0412,Current,0,None,0.0674,interest_rate_imputed,credit_score_ordinal,balance_change_1m_pct,Standard Portfolio Surveillance,0.893
LN0039531,2024-01,0.02,0.0377,0.0342,0.0412,Current,0,None,0.4014,balance_change_1m_pct,credit_score_ordinal,interest_rate_imputed,Standard Portfolio Surveillance,0.9315
LN0039546,2023-11,0.0038,0.0059,0.0081,0.0078,Default,1,Data Conflict,0.2992,credit_score_ordinal,interest_rate_imputed,balance_change_1m_pct,Audit & Data Quality Exception Review,0.9838
LN0039570,2025-09,0.02,0.0377,0.011,0.0101,Current,0,None,0.3432,credit_score_ordinal,interest_rate_imputed,balance_change_1m_pct,Standard Portfolio Surveillance,0.9781
LN0039576,2025-06,0.014,0.026,0.011,0.0147,Current,0,None,0.1698,credit_score_ordinal,balance_change_1m_pct,interest_rate_imputed,Standard Portfolio Surveillance,0.9781
LN0039584,2023-12,0.0223,0.0571,0.0535,0.0495,Current,0,None,0.1295,credit_score_ordinal,balance_change_1m_pct,interest_rate_imputed,Standard Portfolio Surveillance,0.893
LN0039596,2024-01,0.0326,0.048,0.0535,0.0412,30-59 DPD,0,None,0.1187,credit_score_ordinal,interest_rate_imputed,balance_change_1m_pct,Standard Portfolio Surveillance,0.893
LN0039604,2023-08,0.014,0.026,0.0342,0.0412,Current,0,None,0.2951,interest_rate_imputed,balance_change_1m_pct,credit_score_ordinal,Standard Portfolio Surveillance,0.9315
LN0039606,2024-01,0.0038,0.0059,0.0081,0.0078,Default,1,Data Conflict,0.3,credit_score_ordinal,balance_change_1m_pct,interest_rate_imputed,Audit & Data Quality Exception Review,0.9838
LN0039625,2024-06,0.0223,0.0571,0.0535,0.0495,Current,0,None,0.1544,credit_score_ordinal,interest_rate_imputed,balance_change_1m_pct,Standard Portfolio Surveillance,0.893
LN0039629,2023-11,0.02,0.0377,0.0237,0.0412,30-59 DPD,0,None,0.2162,credit_score_ordinal,interest_rate_imputed,balance_change_1m_pct,Standard Portfolio Surveillance,0.9525
LN0039649,2023-06,0.0038,0.0059,0.0081,0.0078,Prepaid,0,None,0.7283,balance_change_1m_pct,balance_to_orig_ratio,days_past_due,Audit & Data Quality Exception Review,0.9838
LN0039658,2025-04,0.0223,0.0156,0.0143,0.0147,Current,0,None,0.207,interest_rate_imputed,balance_change_1m_pct,balance_to_orig_ratio,Standard Portfolio Surveillance,0.9713
LN0039676,2025-04,0.02,0.0377,0.0153,0.03,Current,0,None,0.2199,credit_score_ordinal,interest_rate_imputed,balance_to_orig_ratio,Standard Portfolio Surveillance,0.9694
LN0039683,2023-03,0.02,0.0377,0.0237,0.0495,Current,0,None,0.2264,interest_rate_imputed,credit_score_ordinal,balance_change_1m_pct,Standard Portfolio Surveillance,0.9525
LN0039687,2025-12,0.0345,0.0156,0.0143,0.0147,Current,0,None,0.3046,credit_score_ordinal,interest_rate_imputed,balance_to_orig_ratio,Standard Portfolio Surveillance,0.9713
LN0039705,2025-05,0.0038,0.0059,0.0081,0.0078,Default,1,Data Conflict,0.594,days_past_due,dpd_roll_max_6m,interest_rate_imputed,Audit & Data Quality Exception Review,0.9838
LN0039742,2025-08,0.0038,0.0059,0.0081,0.0078,Default,1,Data Conflict,0.5604,days_past_due,dpd_roll_max_6m,credit_score_ordinal,Audit & Data Quality Exception Review,0.9838
LN0039753,2025-03,0.0223,0.0156,0.0143,0.0101,Current,0,None,0.4952,balance_change_1m_pct,credit_score_ordinal,interest_rate_imputed,Standard Portfolio Surveillance,0.9713
LN0039815,2025-04,0.014,0.026,0.011,0.0235,Current,0,None,0.3215,interest_rate_imputed,balance_change_1m_pct,balance_to_orig_ratio,Standard Portfolio Surveillance,0.9781
LN0039818,2022-10,0.0942,0.1674,0.0847,0.0355,30-59 DPD,0,None,0.4161,dpd_roll_max_6m,balance_change_1m_pct,credit_score_ordinal,Standard Portfolio Surveillance,0.8305
LN0039819,2023-07,0.0223,0.048,0.0535,0.0495,Current,0,None,0.2692,balance_change_1m_pct,credit_score_ordinal,interest_rate_imputed,Standard Portfolio Surveillance,0.893
LN0039837,2022-11,0.0038,0.0059,0.0081,0.0078,Prepaid,0,None,0.7871,balance_change_1m_pct,balance_to_orig_ratio,interest_rate_imputed,Audit & Data Quality Exception Review,0.9838
LN0039843,2024-10,0.014,0.026,0.0342,0.0412,Current,0,None,0.1593,interest_rate_imputed,balance_change_1m_pct,balance_to_orig_ratio,Standard Portfolio Surveillance,0.9315
LN0039881,2024-12,0.0038,0.0059,0.0081,0.0078,Default,1,Data Conflict,0.3478,interest_rate_imputed,balance_change_1m_pct,balance_to_orig_ratio,Audit & Data Quality Exception Review,0.9838
LN0039887,2024-01,0.0223,0.048,0.0535,0.0412,Current,0,None,0.2077,interest_rate_imputed,balance_change_1m_pct,credit_score_ordinal,Standard Portfolio Surveillance,0.893
LN0039902,2024-07,0.0273,0.0644,0.0847,0.0412,Current,0,None,0.6072,dpd_roll_max_6m,balance_change_1m_pct,credit_score_ordinal,Standard Portfolio Surveillance,0.8305
LN0039914,2023-10,0.0485,0.0887,0.0535,0.0495,Current,0,None,0.3528,interest_rate_imputed,balance_change_1m_pct,credit_score_ordinal,Standard Portfolio Surveillance,0.893
LN0039935,2024-03,0.6989,0.6621,0.0081,0.0078,90+ DPD,1,Missing Document,0.8024,days_past_due,dpd_roll_max_6m,interest_rate_imputed,Audit & Data Quality Exception Review,0.9838
LN0039943,2024-07,0.0326,0.048,0.0535,0.0495,30-59 DPD,0,None,0.2432,credit_score_ordinal,interest_rate_imputed,balance_change_1m_pct,Standard Portfolio Surveillance,0.893
LN0039961,2023-03,0.0326,0.048,0.0535,0.0355,30-59 DPD,0,None,0.5216,dpd_roll_max_6m,balance_change_1m_pct,credit_score_ordinal,Standard Portfolio Surveillance,0.893
LN0039966,2025-07,0.0223,0.048,0.0261,0.0235,Current,0,None,0.141,interest_rate_imputed,balance_change_1m_pct,balance_to_orig_ratio,Standard Portfolio Surveillance,0.9479
LN0039974,2023-02,0.0038,0.0059,0.0081,0.0078,Prepaid,0,None,0.6675,balance_change_1m_pct,balance_to_orig_ratio,interest_rate_imputed,Audit & Data Quality Exception Review,0.9838
LN0039992,2023-10,0.0118,0.0213,0.0237,0.0412,Current,0,None,0.1307,credit_score_ordinal,interest_rate_imputed,balance_change_1m_pct,Standard Portfolio Surveillance,0.9525
LN0040005,2024-02,0.0326,0.048,0.0535,0.0495,Current,0,None,0.2605,interest_rate_imputed,balance_change_1m_pct,credit_score_ordinal,Standard Portfolio Surveillance,0.893
LN0040023,2022-12,0.0345,0.0571,0.0535,0.0355,Current,0,None,0.3957,days_past_due,dpd_roll_max_6m,interest_rate_imputed,Standard Portfolio Surveillance,0.893
LN0040031,2023-08,0.0223,0.0571,0.0535,0.0495,Current,0,None,0.2022,interest_rate_imputed,balance_change_1m_pct,balance_to_orig_ratio,Standard Portfolio Surveillance,0.893
LN0040059,2024-05,0.014,0.026,0.0342,0.0412,Current,0,None,0.3547,balance_change_1m_pct,credit_score_ordinal,interest_rate_imputed,Standard Portfolio Surveillance,0.9315
LN0040066,2024-09,0.014,0.026,0.0342,0.0495,Current,0,None,0.3534,balance_change_1m_pct,balance_to_orig_ratio,days_past_due,Standard Portfolio Surveillance,0.9315
LN0040088,2024-04,0.0038,0.0059,0.0081,0.0078,Default,1,Data Conflict,0.3722,interest_rate_imputed,credit_score_ordinal,balance_change_1m_pct,Audit & Data Quality Exception Review,0.9838
LN0040102,2024-02,0.014,0.026,0.0342,0.0412,Current,0,None,0.1279,credit_score_ordinal,interest_rate_imputed,balance_change_1m_pct,Standard Portfolio Surveillance,0.9315
LN0040121,2022-11,0.6989,0.6621,0.2896,0.0172,Default,0,None,0.5726,days_past_due,dpd_roll_max_6m,interest_rate_imputed,Active Credit Workout & Pre-Foreclosure Outreach,0.6
LN0040156,2024-11,0.0326,0.048,0.0535,0.019,30-59 DPD,0,None,0.4263,credit_score_ordinal,balance_change_1m_pct,balance_to_orig_ratio,Standard Portfolio Surveillance,0.893
LN0040197,2024-04,0.0326,0.048,0.0261,0.0235,Current,0,None,0.3365,interest_rate_imputed,credit_score_ordinal,balance_change_1m_pct,Standard Portfolio Surveillance,0.9479
LN0040201,2025-05,0.02,0.0377,0.011,0.0101,Current,0,None,0.3983,interest_rate_imputed,balance_change_1m_pct,credit_score_ordinal,Standard Portfolio Surveillance,0.9781
LN0040203,2025-05,0.014,0.026,0.0153,0.0235,Current,0,None,0.4383,balance_change_1m_pct,interest_rate_imputed,balance_to_orig_ratio,Standard Portfolio Surveillance,0.9694
LN0040217,2023-12,0.014,0.026,0.0342,0.0495,Current,0,None,0.187,credit_score_ordinal,interest_rate_imputed,balance_change_1m_pct,Standard Portfolio Surveillance,0.9315
LN0040229,2026-03,0.014,0.026,0.011,0.0101,Current,0,None,0.3406,credit_score_ordinal,interest_rate_imputed,balance_change_1m_pct,Standard Portfolio Surveillance,0.9781
LN0040256,2024-06,0.014,0.026,0.0342,0.0412,Current,0,None,0.332,credit_score_ordinal,balance_to_orig_ratio,balance_change_1m_pct,Standard Portfolio Surveillance,0.9315
LN0040272,2023-05,0.0038,0.0059,0.0081,0.0078,Default,0,None,0.6353,days_past_due,dpd_roll_max_6m,balance_change_1m_pct,Standard Portfolio Surveillance,0.9838
LN0040283,2024-12,0.0099,0.0179,0.0237,0.0412,Current,0,None,0.1782,credit_score_ordinal,interest_rate_imputed,balance_change_1m_pct,Standard Portfolio Surveillance,0.9525
LN0040318,2024-04,0.0038,0.0059,0.0081,0.0078,Prepaid,0,None,0.6481,balance_change_1m_pct,balance_to_orig_ratio,credit_score_ordinal,Standard Portfolio Surveillance,0.9838
LN0040360,2024-05,0.0099,0.0179,0.0237,0.0412,Current,0,None,0.1669,credit_score_ordinal,interest_rate_imputed,balance_change_1m_pct,Standard Portfolio Surveillance,0.9525
LN0040361,2025-10,0.0223,0.0156,0.0143,0.0101,Current,0,None,0.5758,balance_change_1m_pct,credit_score_ordinal,interest_rate_imputed,Standard Portfolio Surveillance,0.9713
LN0040362,2023-02,0.0326,0.0887,0.0535,0.0495,Current,0,None,0.2031,credit_score_ordinal,interest_rate_imputed,balance_change_1m_pct,Standard Portfolio Surveillance,0.893
LN0040364,2023-12,0.0326,0.048,0.0535,0.0412,Current,0,None,0.0877,interest_rate_imputed,balance_change_1m_pct,balance_to_orig_ratio,Standard Portfolio Surveillance,0.893
LN0040378,2025-02,0.014,0.026,0.0342,0.0412,Current,0,None,0.1758,credit_score_ordinal,interest_rate_imputed,balance_change_1m_pct,Standard Portfolio Surveillance,0.9315
LN0040382,2024-05,0.0099,0.0179,0.0237,0.0412,Current,0,None,0.2614,interest_rate_imputed,balance_change_1m_pct,balance_to_orig_ratio,Standard Portfolio Surveillance,0.9525
LN0040449,2024-05,0.0561,0.1023,0.0847,0.0495,Current,0,None,0.2922,credit_score_ordinal,interest_rate_imputed,balance_change_1m_pct,Standard Portfolio Surveillance,0.8305
LN0040457,2024-07,0.0403,0.0771,0.0614,0.0412,Current,0,None,0.2341,credit_score_ordinal,interest_rate_imputed,balance_change_1m_pct,Standard Portfolio Surveillance,0.8771
LN0040460,2025-02,0.0273,0.0644,0.0143,0.0235,Current,0,None,0.1842,interest_rate_imputed,balance_change_1m_pct,balance_to_orig_ratio,Standard Portfolio Surveillance,0.9713
LN0040466,2023-09,0.0118,0.0213,0.0237,0.0412,Current,0,None,0.1651,interest_rate_imputed,balance_change_1m_pct,balance_to_orig_ratio,Standard Portfolio Surveillance,0.9525
LN0040490,2023-09,0.0038,0.0059,0.0081,0.0078,Prepaid,0,None,0.5719,balance_change_1m_pct,balance_to_orig_ratio,credit_score_ordinal,Standard Portfolio Surveillance,0.9838
LN0040491,2023-08,0.0038,0.0059,0.0081,0.0078,Default,1,Data Conflict,0.3889,interest_rate_imputed,balance_change_1m_pct,credit_score_ordinal,Audit & Data Quality Exception Review,0.9838
LN0040516,2024-01,0.0345,0.0571,0.0535,0.0495,Current,0,None,0.1228,interest_rate_imputed,credit_score_ordinal,balance_change_1m_pct,Standard Portfolio Surveillance,0.893
LN0040519,2023-07,0.014,0.026,0.0342,0.0412,Current,0,None,0.2492,credit_score_ordinal,interest_rate_imputed,balance_change_1m_pct,Standard Portfolio Surveillance,0.9315
LN0040533,2024-06,0.0223,0.048,0.0535,0.0412,Current,0,None,0.2797,credit_score_ordinal,interest_rate_imputed,balance_change_1m_pct,Standard Portfolio Surveillance,0.893
LN0040545,2023-09,0.02,0.0377,0.0342,0.0495,Current,0,None,0.175,interest_rate_imputed,balance_change_1m_pct,balance_to_orig_ratio,Standard Portfolio Surveillance,0.9315
LN0040547,2024-08,0.02,0.0377,0.0342,0.0495,Current,0,None,0.1905,credit_score_ordinal,interest_rate_imputed,balance_change_1m_pct,Standard Portfolio Surveillance,0.9315
LN0040561,2024-05,0.0403,0.0771,0.0614,0.0412,Current,0,None,0.2317,interest_rate_imputed,balance_change_1m_pct,credit_score_ordinal,Standard Portfolio Surveillance,0.8771
LN0040596,2024-12,0.0038,0.0059,0.0081,0.0078,Default,0,None,0.6751,days_past_due,dpd_roll_max_6m,credit_score_ordinal,Audit & Data Quality Exception Review,0.9838
LN0040638,2024-12,0.0273,0.0644,0.0261,0.0235,Current,0,None,0.3511,balance_change_1m_pct,interest_rate_imputed,balance_to_orig_ratio,Standard Portfolio Surveillance,0.9479
LN0040690,2025-11,0.0175,0.0348,0.0234,0.0235,Current,0,None,0.1933,credit_score_ordinal,interest_rate_imputed,balance_to_orig_ratio,Standard Portfolio Surveillance,0.9531
LN0040700,2025-05,0.0118,0.0213,0.011,0.0101,Current,0,None,0.2932,credit_score_ordinal,balance_change_1m_pct,interest_rate_imputed,Standard Portfolio Surveillance,0.9781
LN0040714,2024-01,0.0038,0.0059,0.0081,0.0078,Default,1,Data Conflict,0.5497,days_past_due,dpd_roll_max_6m,credit_score_ordinal,Audit & Data Quality Exception Review,0.9838
LN0040760,2023-10,0.0326,0.048,0.0535,0.0412,Prepaid,0,None,0.2946,credit_score_ordinal,interest_rate_imputed,balance_change_1m_pct,Standard Portfolio Surveillance,0.893
LN0040766,2024-08,0.0326,0.048,0.0261,0.0235,Current,0,None,0.2847,dpd_roll_max_6m,balance_change_1m_pct,interest_rate_imputed,Standard Portfolio Surveillance,0.9479
LN0040780,2025-05,0.0183,0.0309,0.0234,0.0235,Current,0,None,0.3108,credit_score_ordinal,balance_change_1m_pct,balance_to_orig_ratio,Standard Portfolio Surveillance,0.9531
LN0040788,2023-11,0.0326,0.0887,0.0535,0.0495,Current,0,None,0.1906,interest_rate_imputed,credit_score_ordinal,balance_change_1m_pct,Standard Portfolio Surveillance,0.893
LN0040795,2025-04,0.0099,0.0179,0.011,0.0235,Current,0,None,0.3616,balance_change_1m_pct,credit_score_ordinal,interest_rate_imputed,Standard Portfolio Surveillance,0.9781
LN0040796,2024-11,0.0038,0.0059,0.0081,0.0078,Default,1,Data Conflict,0.3158,interest_rate_imputed,balance_change_1m_pct,balance_to_orig_ratio,Audit & Data Quality Exception Review,0.9838
LN0040801,2024-02,0.0099,0.0179,0.0237,0.0495,Current,0,None,0.198,credit_score_ordinal,interest_rate_imputed,balance_change_1m_pct,Standard Portfolio Surveillance,0.9525
LN0040817,2023-08,0.014,0.026,0.0342,0.0412,Current,0,None,0.1903,interest_rate_imputed,balance_change_1m_pct,balance_to_orig_ratio,Standard Portfolio Surveillance,0.9315
LN0040829,2022-11,0.0345,0.0571,0.0535,0.0495,Current,0,None,0.2097,interest_rate_imputed,balance_change_1m_pct,balance_to_orig_ratio,Standard Portfolio Surveillance,0.893
LN0040835,2023-10,0.0038,0.0059,0.0081,0.0078,Default,1,Data Conflict,0.4034,dpd_roll_max_6m,credit_score_ordinal,interest_rate_imputed,Audit & Data Quality Exception Review,0.9838
LN0040842,2025-07,0.014,0.026,0.011,0.0101,Current,0,None,0.2558,credit_score_ordinal,balance_change_1m_pct,balance_to_orig_ratio,Standard Portfolio Surveillance,0.9781
LN0040849,2023-09,0.0561,0.1023,0.0847,0.0495,30-59 DPD,0,None,0.208,credit_score_ordinal,interest_rate_imputed,balance_change_1m_pct,Standard Portfolio Surveillance,0.8305
LN0040857,2024-04,0.0273,0.0644,0.0261,0.03,30-59 DPD,0,None,0.284,interest_rate_imputed,credit_score_ordinal,balance_change_1m_pct,Standard Portfolio Surveillance,0.9479
LN0040858,2022-07,0.0038,0.0059,0.0081,0.0078,Prepaid,0,None,0.5499,balance_change_1m_pct,balance_to_orig_ratio,credit_score_ordinal,Standard Portfolio Surveillance,0.9838
LN0040880,2024-03,0.0345,0.048,0.0261,0.03,Current,0,None,0.524,dpd_roll_max_6m,balance_change_1m_pct,interest_rate_imputed,Standard Portfolio Surveillance,0.9479
LN0040889,2024-09,0.02,0.0377,0.0153,0.03,Current,0,None,0.3401,credit_score_ordinal,interest_rate_imputed,balance_change_1m_pct,Standard Portfolio Surveillance,0.9694
LN0040894,2024-01,0.0038,0.0059,0.0081,0.0078,Prepaid,0,None,0.5603,balance_change_1m_pct,balance_to_orig_ratio,interest_rate_imputed,Standard Portfolio Surveillance,0.9838
LN0040907,2023-09,0.0038,0.0059,0.0081,0.0078,Prepaid,0,None,0.6139,balance_change_1m_pct,balance_to_orig_ratio,credit_score_ordinal,Standard Portfolio Surveillance,0.9838
LN0040910,2025-11,0.0326,0.0156,0.0143,0.0101,Current,0,None,0.3754,interest_rate_imputed,balance_change_1m_pct,credit_score_ordinal,Standard Portfolio Surveillance,0.9713
LN0040919,2024-01,0.014,0.026,0.0342,0.0412,Current,0,None,0.2364,credit_score_ordinal,interest_rate_imputed,balance_change_1m_pct,Standard Portfolio Surveillance,0.9315
LN0040939,2026-01,0.0183,0.0309,0.0106,0.0147,Current,0,None,0.3354,credit_score_ordinal,interest_rate_imputed,balance_change_1m_pct,Standard Portfolio Surveillance,0.9788
LN0040952,2023-12,0.0345,0.0571,0.0535,0.0495,30-59 DPD,0,None,0.2037,credit_score_ordinal,interest_rate_imputed,balance_change_1m_pct,Standard Portfolio Surveillance,0.893
LN0040988,2024-05,0.0038,0.0059,0.0081,0.0078,Default,1,Data Conflict,0.2475,interest_rate_imputed,balance_change_1m_pct,balance_to_orig_ratio,Audit & Data Quality Exception Review,0.9838
LN0040989,2022-10,0.0561,0.1023,0.0847,0.0495,Current,0,None,0.395,balance_change_1m_pct,credit_score_ordinal,interest_rate_imputed,Standard Portfolio Surveillance,0.8305
LN0040994,2023-07,0.6989,0.6621,0.2896,0.0172,60-89 DPD,0,None,0.2889,interest_rate_imputed,balance_change_1m_pct,credit_score_ordinal,Active Credit Workout & Pre-Foreclosure Outreach,0.6
LN0040998,2023-12,0.0038,0.0059,0.0081,0.0078,Prepaid,0,None,0.7178,balance_change_1m_pct,balance_to_orig_ratio,interest_rate_imputed,Audit & Data Quality Exception Review,0.9838
LN0041018,2024-01,0.02,0.0377,0.0342,0.0412,Current,0,None,0.1892,credit_score_ordinal,interest_rate_imputed,balance_change_1m_pct,Standard Portfolio Surveillance,0.9315
LN0041049,2022-08,0.0038,0.0059,0.0081,0.0078,Default,0,None,0.6261,days_past_due,dpd_roll_max_6m,credit_score_ordinal,Standard Portfolio Surveillance,0.9838
LN0041107,2025-03,0.0326,0.048,0.0535,0.0412,30-59 DPD,0,None,0.278,balance_change_1m_pct,credit_score_ordinal,interest_rate_imputed,Standard Portfolio Surveillance,0.893
LN0041112,2025-02,0.0175,0.0348,0.0234,0.0235,Current,0,None,0.3776,interest_rate_imputed,balance_change_1m_pct,credit_score_ordinal,Standard Portfolio Surveillance,0.9531
LN0041119,2024-01,0.0485,0.0887,0.0535,0.0495,Current,0,None,0.2581,interest_rate_imputed,balance_change_1m_pct,credit_score_ordinal,Standard Portfolio Surveillance,0.893
LN0041120,2023-05,0.0326,0.048,0.0535,0.0495,Current,0,None,0.0968,interest_rate_imputed,balance_change_1m_pct,balance_to_orig_ratio,Standard Portfolio Surveillance,0.893
LN0041122,2024-08,0.014,0.026,0.0342,0.0412,Current,0,None,0.314,balance_change_1m_pct,credit_score_ordinal,interest_rate_imputed,Standard Portfolio Surveillance,0.9315
LN0041127,2024-08,0.014,0.026,0.0153,0.0235,Current,0,None,0.2629,credit_score_ordinal,interest_rate_imputed,balance_change_1m_pct,Standard Portfolio Surveillance,0.9694
LN0041132,2023-12,0.0038,0.0059,0.0081,0.0078,Default,1,Data Conflict,0.5763,days_past_due,dpd_roll_max_6m,credit_score_ordinal,Audit & Data Quality Exception Review,0.9838
LN0041148,2024-09,0.0403,0.0771,0.0614,0.0412,Current,0,None,0.0985,interest_rate_imputed,balance_change_1m_pct,balance_to_orig_ratio,Standard Portfolio Surveillance,0.8771
LN0041158,2024-11,0.0687,0.0644,0.0847,0.0412,Prepaid,0,None,0.2417,credit_score_ordinal,interest_rate_imputed,balance_change_1m_pct,Standard Portfolio Surveillance,0.8305
LN0041162,2025-11,0.0099,0.0179,0.0222,0.0101,Current,0,None,0.4929,balance_change_1m_pct,credit_score_ordinal,interest_rate_imputed,Standard Portfolio Surveillance,0.9557
LN0041188,2024-12,0.0099,0.0179,0.011,0.0147,Current,0,None,0.2902,interest_rate_imputed,balance_change_1m_pct,credit_score_ordinal,Standard Portfolio Surveillance,0.9781
LN0041191,2024-01,0.0403,0.0771,0.0614,0.0495,30-59 DPD,0,None,0.1997,credit_score_ordinal,balance_change_1m_pct,interest_rate_imputed,Standard Portfolio Surveillance,0.8771
LN0041202,2023-11,0.0403,0.0771,0.0614,0.0412,Current,0,None,0.1295,credit_score_ordinal,interest_rate_imputed,balance_change_1m_pct,Standard Portfolio Surveillance,0.8771
LN0041204,2024-07,0.0223,0.048,0.0535,0.0412,Current,0,None,0.2702,balance_change_1m_pct,interest_rate_imputed,credit_score_ordinal,Standard Portfolio Surveillance,0.893
LN0041210,2023-08,0.0345,0.048,0.0535,0.0412,Current,0,None,0.1881,credit_score_ordinal,interest_rate_imputed,balance_change_1m_pct,Standard Portfolio Surveillance,0.893
LN0041218,2026-02,0.02,0.0377,0.011,0.0147,Current,0,None,0.2578,credit_score_ordinal,interest_rate_imputed,balance_change_1m_pct,Standard Portfolio Surveillance,0.9781
LN0041226,2025-01,0.6989,0.6621,0.0081,0.0078,90+ DPD,1,Valuation Discrepancy,0.9028,days_past_due,dpd_roll_max_6m,balance_change_1m_pct,Audit & Data Quality Exception Review,0.9838
LN0041229,2022-10,0.0038,0.0059,0.0081,0.0078,Prepaid,0,None,0.4342,balance_to_orig_ratio,balance_change_1m_pct,credit_score_ordinal,Standard Portfolio Surveillance,0.9838
LN0041234,2026-03,0.02,0.0377,0.011,0.0101,Current,0,None,0.3574,balance_change_1m_pct,balance_to_orig_ratio,days_past_due,Standard Portfolio Surveillance,0.9781
LN0041235,2023-06,0.0038,0.0059,0.0081,0.0078,Prepaid,0,None,0.7603,balance_change_1m_pct,balance_to_orig_ratio,credit_score_ordinal,Audit & Data Quality Exception Review,0.9838
LN0041307,2024-05,0.0175,0.0648,0.0374,0.0495,Current,0,None,0.1951,balance_change_1m_pct,interest_rate_imputed,balance_to_orig_ratio,Standard Portfolio Surveillance,0.9252
LN0041310,2024-04,0.0038,0.0059,0.0081,0.0078,Default,1,Data Conflict,0.226,balance_change_1m_pct,interest_rate_imputed,balance_to_orig_ratio,Audit & Data Quality Exception Review,0.9838
LN0041318,2026-02,0.02,0.0377,0.011,0.0101,Current,0,None,0.2039,credit_score_ordinal,interest_rate_imputed,balance_change_1m_pct,Standard Portfolio Surveillance,0.9781
LN0041323,2025-05,0.0326,0.0156,0.0143,0.0101,Current,0,None,0.3045,balance_change_1m_pct,interest_rate_imputed,balance_to_orig_ratio,Standard Portfolio Surveillance,0.9713
LN0041343,2023-07,0.02,0.0377,0.0237,0.0495,Current,0,None,0.2267,credit_score_ordinal,interest_rate_imputed,balance_change_1m_pct,Standard Portfolio Surveillance,0.9525
LN0041373,2023-08,0.0223,0.0571,0.0535,0.0495,Current,0,None,0.148,balance_change_1m_pct,interest_rate_imputed,balance_to_orig_ratio,Standard Portfolio Surveillance,0.893
LN0041392,2023-08,0.0038,0.0059,0.0081,0.0078,Default,1,Data Conflict,0.2933,credit_score_ordinal,interest_rate_imputed,balance_change_1m_pct,Audit & Data Quality Exception Review,0.9838
LN0041408,2024-08,0.02,0.0377,0.0342,0.0412,Current,0,None,0.1769,credit_score_ordinal,interest_rate_imputed,balance_change_1m_pct,Standard Portfolio Surveillance,0.9315
LN0041413,2025-01,0.0223,0.0156,0.0143,0.0101,30-59 DPD,0,None,0.3534,credit_score_ordinal,balance_change_1m_pct,interest_rate_imputed,Standard Portfolio Surveillance,0.9713
LN0041416,2025-02,0.0321,0.0348,0.0234,0.03,Current,0,None,0.2046,credit_score_ordinal,interest_rate_imputed,balance_change_1m_pct,Standard Portfolio Surveillance,0.9531
LN0041419,2023-06,0.0038,0.0059,0.0081,0.0078,Default,1,Data Conflict,0.5126,days_past_due,dpd_roll_max_6m,interest_rate_imputed,Audit & Data Quality Exception Review,0.9838
LN0041423,2024-07,0.0099,0.0179,0.0237,0.0412,Current,0,None,0.5143,balance_change_1m_pct,credit_score_ordinal,balance_to_orig_ratio,Standard Portfolio Surveillance,0.9525
LN0041429,2024-05,0.0223,0.048,0.0261,0.0235,Current,0,None,0.265,credit_score_ordinal,interest_rate_imputed,balance_change_1m_pct,Standard Portfolio Surveillance,0.9479
LN0041430,2024-02,0.014,0.026,0.0342,0.0412,Current,0,None,0.1377,interest_rate_imputed,balance_change_1m_pct,credit_score_ordinal,Standard Portfolio Surveillance,0.9315
LN0041434,2023-12,0.0038,0.0059,0.0081,0.0078,Prepaid,0,None,0.6153,balance_change_1m_pct,balance_to_orig_ratio,interest_rate_imputed,Standard Portfolio Surveillance,0.9838
LN0041439,2023-04,0.0038,0.0059,0.0081,0.0078,Prepaid,0,None,0.608,balance_change_1m_pct,balance_to_orig_ratio,interest_rate_imputed,Standard Portfolio Surveillance,0.9838
LN0041483,2024-02,0.014,0.026,0.0342,0.0412,Current,0,None,0.3942,balance_change_1m_pct,credit_score_ordinal,interest_rate_imputed,Standard Portfolio Surveillance,0.9315
LN0041489,2023-10,0.0099,0.0179,0.0237,0.0495,Current,0,None,0.1866,credit_score_ordinal,balance_change_1m_pct,interest_rate_imputed,Standard Portfolio Surveillance,0.9525
LN0041510,2023-01,0.0099,0.0179,0.0237,0.0495,Current,0,None,0.1375,credit_score_ordinal,interest_rate_imputed,balance_change_1m_pct,Standard Portfolio Surveillance,0.9525
LN0041517,2022-12,0.0485,0.0887,0.0535,0.0495,Current,0,None,0.1859,balance_change_1m_pct,interest_rate_imputed,balance_to_orig_ratio,Standard Portfolio Surveillance,0.893
LN0041523,2023-12,0.0099,0.0179,0.0237,0.0412,Current,0,None,0.2262,credit_score_ordinal,interest_rate_imputed,balance_change_1m_pct,Standard Portfolio Surveillance,0.9525
LN0041554,2025-03,0.0038,0.0059,0.0081,0.0078,Prepaid,0,None,0.6064,balance_change_1m_pct,balance_to_orig_ratio,credit_score_ordinal,Standard Portfolio Surveillance,0.9838
LN0041586,2025-03,0.02,0.0377,0.0153,0.03,Current,0,None,0.4244,balance_change_1m_pct,credit_score_ordinal,balance_to_orig_ratio,Standard Portfolio Surveillance,0.9694
LN0041599,2024-09,0.0099,0.0179,0.011,0.0147,Current,0,None,0.3613,credit_score_ordinal,interest_rate_imputed,balance_to_orig_ratio,Standard Portfolio Surveillance,0.9781
LN0041613,2024-02,0.0038,0.0059,0.0081,0.0078,Prepaid,0,None,0.7237,balance_change_1m_pct,balance_to_orig_ratio,credit_score_ordinal,Audit & Data Quality Exception Review,0.9838
LN0041637,2023-05,0.0038,0.0059,0.0081,0.0078,Default,1,Data Conflict,0.6447,days_past_due,dpd_roll_max_6m,interest_rate_imputed,Audit & Data Quality Exception Review,0.9838
LN0041654,2025-02,0.0403,0.0309,0.0234,0.03,Current,0,None,0.2106,credit_score_ordinal,interest_rate_imputed,balance_change_1m_pct,Standard Portfolio Surveillance,0.9531
LN0041670,2025-04,0.0273,0.0644,0.0143,0.0235,Current,0,None,0.3939,balance_change_1m_pct,balance_to_orig_ratio,interest_rate_imputed,Standard Portfolio Surveillance,0.9713
LN0041682,2024-01,0.0038,0.0059,0.0081,0.0078,Prepaid,0,None,0.6051,balance_change_1m_pct,balance_to_orig_ratio,credit_score_ordinal,Standard Portfolio Surveillance,0.9838
LN0041686,2024-05,0.0038,0.0059,0.0081,0.0078,Prepaid,0,None,0.7842,balance_change_1m_pct,balance_to_orig_ratio,credit_score_ordinal,Audit & Data Quality Exception Review,0.9838
LN0041687,2024-09,0.014,0.026,0.0342,0.0412,Current,0,None,0.3182,credit_score_ordinal,interest_rate_imputed,balance_change_1m_pct,Standard Portfolio Surveillance,0.9315
LN0041730,2023-04,0.0038,0.0059,0.0081,0.0078,Prepaid,0,None,0.6888,balance_change_1m_pct,balance_to_orig_ratio,credit_score_ordinal,Audit & Data Quality Exception Review,0.9838
LN0041740,2023-07,0.0485,0.0887,0.0535,0.0495,Current,0,None,0.2969,credit_score_ordinal,interest_rate_imputed,balance_change_1m_pct,Standard Portfolio Surveillance,0.893
LN0041760,2023-08,0.014,0.026,0.0342,0.0495,Current,0,None,0.1863,interest_rate_imputed,balance_change_1m_pct,balance_to_orig_ratio,Standard Portfolio Surveillance,0.9315
LN0041779,2023-12,0.0321,0.0348,0.0374,0.0412,Current,0,None,0.2527,credit_score_ordinal,interest_rate_imputed,balance_change_1m_pct,Standard Portfolio Surveillance,0.9252
LN0041781,2024-05,0.0038,0.0059,0.0081,0.0078,Prepaid,0,None,0.6677,balance_change_1m_pct,balance_to_orig_ratio,interest_rate_imputed,Audit & Data Quality Exception Review,0.9838
LN0041783,2026-03,0.014,0.026,0.011,0.0101,Current,0,None,0.4165,credit_score_ordinal,interest_rate_imputed,balance_change_1m_pct,Standard Portfolio Surveillance,0.9781
LN0041788,2025-02,0.0326,0.048,0.0535,0.0412,Current,0,None,0.3985,balance_change_1m_pct,interest_rate_imputed,credit_score_ordinal,Standard Portfolio Surveillance,0.893
LN0041791,2022-11,0.0038,0.0059,0.0081,0.0078,Default,1,Data Conflict,0.2934,credit_score_ordinal,interest_rate_imputed,balance_change_1m_pct,Audit & Data Quality Exception Review,0.9838
LN0041796,2024-02,0.014,0.026,0.0342,0.0412,Current,0,None,0.2597,interest_rate_imputed,balance_change_1m_pct,balance_to_orig_ratio,Standard Portfolio Surveillance,0.9315
LN0041804,2024-06,0.0038,0.0059,0.0081,0.0078,Prepaid,0,None,0.6555,balance_change_1m_pct,balance_to_orig_ratio,credit_score_ordinal,Audit & Data Quality Exception Review,0.9838
LN0041851,2024-03,0.0099,0.0179,0.0237,0.0495,Current,0,None,0.2169,credit_score_ordinal,balance_change_1m_pct,interest_rate_imputed,Standard Portfolio Surveillance,0.9525
LN0041856,2025-02,0.014,0.026,0.0342,0.0412,Current,0,None,0.1293,credit_score_ordinal,interest_rate_imputed,balance_change_1m_pct,Standard Portfolio Surveillance,0.9315
LN0041869,2025-08,0.014,0.026,0.011,0.0147,Current,0,None,0.2935,interest_rate_imputed,credit_score_ordinal,balance_change_1m_pct,Standard Portfolio Surveillance,0.9781
LN0041921,2023-09,0.0223,0.048,0.0535,0.0495,30-59 DPD,0,None,0.2441,credit_score_ordinal,interest_rate_imputed,balance_change_1m_pct,Standard Portfolio Surveillance,0.893
LN0041925,2025-03,0.0326,0.0156,0.0143,0.0101,Current,0,None,0.3746,credit_score_ordinal,interest_rate_imputed,balance_change_1m_pct,Standard Portfolio Surveillance,0.9713
LN0041927,2025-05,0.0099,0.0179,0.011,0.0101,Current,0,None,0.3997,credit_score_ordinal,balance_change_1m_pct,balance_to_orig_ratio,Standard Portfolio Surveillance,0.9781
LN0041948,2024-07,0.0175,0.0648,0.0374,0.0412,Current,0,None,0.2006,credit_score_ordinal,interest_rate_imputed,balance_change_1m_pct,Standard Portfolio Surveillance,0.9252
LN0041981,2022-09,0.0038,0.0059,0.0081,0.0078,Prepaid,0,None,0.5064,balance_to_orig_ratio,balance_change_1m_pct,credit_score_ordinal,Standard Portfolio Surveillance,0.9838
LN0041984,2024-04,0.0321,0.0348,0.0374,0.0412,Current,0,None,0.1291,credit_score_ordinal,interest_rate_imputed,balance_change_1m_pct,Standard Portfolio Surveillance,0.9252
LN0041986,2023-06,0.014,0.026,0.0342,0.0412,Current,0,None,0.1004,credit_score_ordinal,interest_rate_imputed,balance_change_1m_pct,Standard Portfolio Surveillance,0.9315
LN0041990,2023-12,0.02,0.0377,0.0342,0.0495,Current,0,None,0.1765,balance_change_1m_pct,credit_score_ordinal,interest_rate_imputed,Standard Portfolio Surveillance,0.9315
LN0042013,2025-02,0.0175,0.0348,0.0234,0.0235,Current,0,None,0.3018,interest_rate_imputed,credit_score_ordinal,balance_change_1m_pct,Standard Portfolio Surveillance,0.9531
LN0042015,2023-09,0.0326,0.048,0.0535,0.0495,30-59 DPD,0,None,0.3758,interest_rate_imputed,balance_change_1m_pct,credit_score_ordinal,Standard Portfolio Surveillance,0.893
LN0042043,2022-11,0.0038,0.0059,0.0081,0.0078,Prepaid,0,None,0.6667,balance_to_orig_ratio,balance_change_1m_pct,credit_score_ordinal,Audit & Data Quality Exception Review,0.9838
LN0042053,2023-04,0.0099,0.0179,0.0237,0.0495,Current,0,None,0.196,interest_rate_imputed,balance_change_1m_pct,balance_to_orig_ratio,Standard Portfolio Surveillance,0.9525
LN0042056,2025-01,0.02,0.0377,0.0153,0.03,Current,0,None,0.3852,balance_change_1m_pct,credit_score_ordinal,interest_rate_imputed,Standard Portfolio Surveillance,0.9694
LN0042064,2023-04,0.0223,0.0571,0.0535,0.0495,Current,0,None,0.0663,credit_score_ordinal,balance_change_1m_pct,interest_rate_imputed,Standard Portfolio Surveillance,0.893
LN0042069,2024-06,0.014,0.026,0.0245,0.0235,Current,0,None,0.2187,credit_score_ordinal,interest_rate_imputed,balance_change_1m_pct,Standard Portfolio Surveillance,0.9509
LN0042094,2024-08,0.0038,0.0059,0.0081,0.0078,Default,1,Data Conflict,0.302,interest_rate_imputed,balance_change_1m_pct,credit_score_ordinal,Audit & Data Quality Exception Review,0.9838
LN0042096,2024-06,0.0326,0.048,0.0261,0.0235,Current,0,None,0.1625,credit_score_ordinal,interest_rate_imputed,balance_change_1m_pct,Standard Portfolio Surveillance,0.9479
LN0042107,2023-05,0.0038,0.0059,0.0081,0.0078,Default,1,Data Conflict,0.5754,dpd_roll_max_6m,credit_score_ordinal,interest_rate_imputed,Audit & Data Quality Exception Review,0.9838
LN0042110,2024-01,0.02,0.0377,0.0153,0.03,Current,0,None,0.1813,credit_score_ordinal,interest_rate_imputed,balance_change_1m_pct,Standard Portfolio Surveillance,0.9694
LN0042156,2023-01,0.0403,0.0771,0.0614,0.0495,Current,0,None,0.3317,balance_change_1m_pct,credit_score_ordinal,interest_rate_imputed,Standard Portfolio Surveillance,0.8771
LN0042170,2025-11,0.02,0.0377,0.011,0.0101,Current,0,None,0.4217,balance_change_1m_pct,interest_rate_imputed,balance_to_orig_ratio,Standard Portfolio Surveillance,0.9781
LN0042182,2023-03,0.014,0.026,0.0342,0.0495,Current,0,None,0.176,balance_change_1m_pct,credit_score_ordinal,interest_rate_imputed,Standard Portfolio Surveillance,0.9315
LN0042211,2025-02,0.0273,0.0644,0.0143,0.0101,30-59 DPD,0,None,0.2734,credit_score_ordinal,interest_rate_imputed,balance_to_orig_ratio,Standard Portfolio Surveillance,0.9713
LN0042213,2025-01,0.0099,0.0179,0.011,0.0101,Current,0,None,0.468,balance_change_1m_pct,credit_score_ordinal,interest_rate_imputed,Standard Portfolio Surveillance,0.9781
LN0042218,2022-08,0.0038,0.0059,0.0081,0.0078,Prepaid,0,None,0.5937,balance_change_1m_pct,balance_to_orig_ratio,credit_score_ordinal,Standard Portfolio Surveillance,0.9838
LN0042231,2025-11,0.02,0.0377,0.011,0.0101,Current,0,None,0.3983,credit_score_ordinal,balance_change_1m_pct,interest_rate_imputed,Standard Portfolio Surveillance,0.9781
LN0042239,2025-08,0.0099,0.0179,0.0245,0.0235,Current,0,None,0.4092,balance_change_1m_pct,balance_to_orig_ratio,days_past_due,Standard Portfolio Surveillance,0.9509
LN0042242,2024-11,0.0099,0.0179,0.011,0.0147,Current,0,None,0.2177,credit_score_ordinal,interest_rate_imputed,balance_change_1m_pct,Standard Portfolio Surveillance,0.9781
LN0042245,2024-09,0.02,0.0377,0.011,0.0235,Current,0,None,0.4275,balance_change_1m_pct,interest_rate_imputed,balance_to_orig_ratio,Standard Portfolio Surveillance,0.9781
LN0042249,2023-06,0.0038,0.0059,0.0081,0.0078,Prepaid,0,None,0.6645,balance_change_1m_pct,balance_to_orig_ratio,interest_rate_imputed,Audit & Data Quality Exception Review,0.9838
LN0042251,2024-05,0.02,0.0377,0.0342,0.0412,Current,0,None,0.16,interest_rate_imputed,balance_change_1m_pct,balance_to_orig_ratio,Standard Portfolio Surveillance,0.9315
LN0042265,2024-04,0.0223,0.048,0.0535,0.0412,Current,0,None,0.2234,credit_score_ordinal,balance_to_orig_ratio,interest_rate_imputed,Standard Portfolio Surveillance,0.893
LN0042282,2023-01,0.0485,0.0887,0.0535,0.0495,30-59 DPD,0,None,0.1595,interest_rate_imputed,credit_score_ordinal,balance_change_1m_pct,Standard Portfolio Surveillance,0.893
LN0042313,2024-01,0.014,0.026,0.0342,0.0495,Current,0,None,0.2356,credit_score_ordinal,interest_rate_imputed,balance_change_1m_pct,Standard Portfolio Surveillance,0.9315
LN0042326,2024-03,0.0223,0.048,0.0535,0.0495,Current,0,None,0.1826,credit_score_ordinal,interest_rate_imputed,balance_change_1m_pct,Standard Portfolio Surveillance,0.893
LN0042336,2023-09,0.014,0.026,0.0342,0.0495,Current,0,None,0.1243,credit_score_ordinal,interest_rate_imputed,balance_change_1m_pct,Standard Portfolio Surveillance,0.9315
LN0042367,2024-01,0.0485,0.0887,0.0535,0.0495,Current,0,None,0.1774,credit_score_ordinal,interest_rate_imputed,balance_change_1m_pct,Standard Portfolio Surveillance,0.893
LN0042373,2023-06,0.02,0.0377,0.0342,0.0495,Current,0,None,0.1809,interest_rate_imputed,balance_change_1m_pct,balance_to_orig_ratio,Standard Portfolio Surveillance,0.9315
LN0042405,2025-03,0.0326,0.048,0.0535,0.0412,30-59 DPD,0,None,0.2428,credit_score_ordinal,interest_rate_imputed,balance_change_1m_pct,Standard Portfolio Surveillance,0.893
LN0042419,2024-10,0.0223,0.048,0.0261,0.03,Current,0,None,0.2591,credit_score_ordinal,interest_rate_imputed,balance_change_1m_pct,Standard Portfolio Surveillance,0.9479
LN0042425,2024-04,0.0038,0.0059,0.0081,0.0078,Default,1,Data Conflict,0.4785,balance_change_1m_pct,credit_score_ordinal,interest_rate_imputed,Audit & Data Quality Exception Review,0.9838
LN0042442,2024-02,0.0561,0.0644,0.0847,0.0412,Current,0,None,0.1382,interest_rate_imputed,balance_change_1m_pct,balance_to_orig_ratio,Standard Portfolio Surveillance,0.8305
LN0042460,2025-02,0.0687,0.0644,0.0143,0.0101,Current,0,None,0.1756,balance_change_1m_pct,interest_rate_imputed,balance_to_orig_ratio,Standard Portfolio Surveillance,0.9713
LN0042464,2024-11,0.02,0.0377,0.0245,0.03,Current,0,None,0.8394,days_past_due,dpd_roll_max_6m,balance_change_1m_pct,Audit & Data Quality Exception Review,0.9509
LN0042469,2025-08,0.0326,0.048,0.0143,0.0235,Current,0,None,0.1913,credit_score_ordinal,interest_rate_imputed,balance_change_1m_pct,Standard Portfolio Surveillance,0.9713
LN0042478,2023-12,0.0038,0.0059,0.0081,0.0078,Default,1,Data Conflict,0.3025,interest_rate_imputed,balance_change_1m_pct,balance_to_orig_ratio,Audit & Data Quality Exception Review,0.9838
LN0042486,2024-03,0.02,0.0377,0.0342,0.0412,Current,0,None,0.1122,credit_score_ordinal,balance_change_1m_pct,interest_rate_imputed,Standard Portfolio Surveillance,0.9315
LN0042490,2023-07,0.0038,0.0059,0.0081,0.0078,Prepaid,0,None,0.6747,balance_change_1m_pct,balance_to_orig_ratio,interest_rate_imputed,Audit & Data Quality Exception Review,0.9838
LN0042535,2024-08,0.0326,0.048,0.0535,0.0495,Current,0,None,0.2266,interest_rate_imputed,credit_score_ordinal,balance_change_1m_pct,Standard Portfolio Surveillance,0.893
LN0042637,2023-11,0.0403,0.0771,0.0614,0.0412,Current,0,None,0.256,interest_rate_imputed,balance_change_1m_pct,balance_to_orig_ratio,Standard Portfolio Surveillance,0.8771
LN0042639,2025-01,0.0326,0.0156,0.0143,0.0101,Current,0,None,0.5598,interest_rate_imputed,balance_change_1m_pct,credit_score_ordinal,Standard Portfolio Surveillance,0.9713
LN0042665,2025-05,0.0038,0.0059,0.0081,0.0078,Default,1,Data Conflict,0.6102,days_past_due,dpd_roll_max_6m,credit_score_ordinal,Audit & Data Quality Exception Review,0.9838
LN0042672,2024-07,0.0223,0.048,0.0143,0.0235,Current,0,None,0.1304,interest_rate_imputed,balance_change_1m_pct,balance_to_orig_ratio,Standard Portfolio Surveillance,0.9713
LN0042692,2024-06,0.014,0.026,0.0342,0.0495,Current,0,None,0.2266,balance_change_1m_pct,interest_rate_imputed,credit_score_ordinal,Standard Portfolio Surveillance,0.9315
LN0042748,2025-11,0.0326,0.0156,0.0143,0.0101,Current,0,None,0.4668,balance_change_1m_pct,credit_score_ordinal,interest_rate_imputed,Standard Portfolio Surveillance,0.9713
LN0042753,2025-02,0.0403,0.0771,0.0614,0.0412,30-59 DPD,0,None,0.5437,days_past_due,dpd_roll_max_6m,credit_score_ordinal,Standard Portfolio Surveillance,0.8771
LN0042757,2023-12,0.014,0.026,0.0342,0.0495,Current,0,None,0.2758,balance_change_1m_pct,credit_score_ordinal,interest_rate_imputed,Standard Portfolio Surveillance,0.9315
LN0042781,2023-03,0.0038,0.0059,0.0081,0.0078,Default,1,Data Conflict,0.4712,balance_change_1m_pct,interest_rate_imputed,credit_score_ordinal,Audit & Data Quality Exception Review,0.9838
LN0042786,2024-01,0.0038,0.0059,0.0081,0.0078,Prepaid,0,None,0.7085,balance_change_1m_pct,balance_to_orig_ratio,credit_score_ordinal,Audit & Data Quality Exception Review,0.9838
LN0042821,2024-12,0.0273,0.0644,0.0261,0.03,30-59 DPD,0,None,0.2575,credit_score_ordinal,interest_rate_imputed,balance_change_1m_pct,Standard Portfolio Surveillance,0.9479
LN0042828,2024-07,0.0403,0.0771,0.0614,0.0495,Current,0,None,0.1893,credit_score_ordinal,balance_change_1m_pct,interest_rate_imputed,Standard Portfolio Surveillance,0.8771
LN0042890,2025-09,0.0326,0.048,0.0261,0.0235,Current,0,None,0.1881,credit_score_ordinal,balance_change_1m_pct,balance_to_orig_ratio,Standard Portfolio Surveillance,0.9479
LN0042894,2024-11,0.0183,0.0309,0.0106,0.0147,Current,0,None,0.2413,interest_rate_imputed,credit_score_ordinal,balance_change_1m_pct,Standard Portfolio Surveillance,0.9788
LN0042910,2024-07,0.0099,0.0179,0.0237,0.0495,Current,0,None,0.1711,credit_score_ordinal,balance_change_1m_pct,interest_rate_imputed,Standard Portfolio Surveillance,0.9525
LN0042919,2024-09,0.0345,0.048,0.0535,0.0495,30-59 DPD,0,None,0.1505,credit_score_ordinal,interest_rate_imputed,balance_change_1m_pct,Standard Portfolio Surveillance,0.893
LN0042921,2023-10,0.0099,0.0179,0.0237,0.0495,Current,0,None,0.1972,credit_score_ordinal,balance_change_1m_pct,balance_to_orig_ratio,Standard Portfolio Surveillance,0.9525
LN0042925,2024-07,0.0038,0.0059,0.0081,0.0078,Prepaid,0,None,0.7444,balance_change_1m_pct,balance_to_orig_ratio,interest_rate_imputed,Audit & Data Quality Exception Review,0.9838
LN0042929,2023-02,0.0038,0.0059,0.0081,0.0078,Default,1,Data Conflict,0.2821,interest_rate_imputed,balance_change_1m_pct,balance_to_orig_ratio,Audit & Data Quality Exception Review,0.9838
LN0042972,2025-02,0.0403,0.0771,0.0614,0.03,Current,0,None,0.3266,credit_score_ordinal,balance_change_1m_pct,balance_to_orig_ratio,Standard Portfolio Surveillance,0.8771
LN0042996,2025-06,0.0273,0.0644,0.0261,0.03,30-59 DPD,0,None,0.3114,dpd_roll_max_6m,credit_score_ordinal,interest_rate_imputed,Standard Portfolio Surveillance,0.9479
LN0043054,2024-09,0.0183,0.0309,0.0234,0.0235,Current,0,None,0.1359,interest_rate_imputed,credit_score_ordinal,balance_change_1m_pct,Standard Portfolio Surveillance,0.9531
LN0043065,2026-01,0.014,0.026,0.011,0.0147,Current,0,None,0.3477,interest_rate_imputed,credit_score_ordinal,balance_change_1m_pct,Standard Portfolio Surveillance,0.9781
LN0043075,2023-02,0.0038,0.0059,0.0081,0.0078,Default,1,Data Conflict,0.354,credit_score_ordinal,balance_change_1m_pct,interest_rate_imputed,Audit & Data Quality Exception Review,0.9838
LN0043080,2025-02,0.02,0.0377,0.011,0.0147,Current,0,None,0.2593,interest_rate_imputed,credit_score_ordinal,balance_change_1m_pct,Standard Portfolio Surveillance,0.9781
LN0043133,2025-04,0.0099,0.0179,0.0237,0.0412,Current,0,None,0.1928,credit_score_ordinal,interest_rate_imputed,balance_change_1m_pct,Standard Portfolio Surveillance,0.9525
LN0043154,2024-08,0.0326,0.048,0.0261,0.03,Current,0,None,0.3425,balance_change_1m_pct,interest_rate_imputed,balance_to_orig_ratio,Standard Portfolio Surveillance,0.9479
LN0043178,2024-11,0.0038,0.0059,0.0081,0.0078,Default,1,Data Conflict,0.3454,credit_score_ordinal,balance_change_1m_pct,interest_rate_imputed,Audit & Data Quality Exception Review,0.9838
LN0043182,2025-07,0.0038,0.0059,0.0081,0.0078,Default,1,Data Conflict,0.36,credit_score_ordinal,balance_change_1m_pct,balance_to_orig_ratio,Audit & Data Quality Exception Review,0.9838
LN0043190,2024-08,0.0175,0.0348,0.0234,0.0412,Current,0,None,0.304,balance_change_1m_pct,credit_score_ordinal,balance_to_orig_ratio,Standard Portfolio Surveillance,0.9531
LN0043196,2023-04,0.0345,0.0571,0.0535,0.0495,Current,0,None,0.2444,credit_score_ordinal,balance_change_1m_pct,interest_rate_imputed,Standard Portfolio Surveillance,0.893
LN0043213,2025-02,0.0345,0.048,0.0535,0.0412,Current,0,None,0.1997,credit_score_ordinal,interest_rate_imputed,balance_change_1m_pct,Standard Portfolio Surveillance,0.893
LN0043226,2023-04,0.0099,0.0179,0.0237,0.0495,Current,1,Date Anomaly,0.1687,balance_change_1m_pct,interest_rate_imputed,balance_to_orig_ratio,Audit & Data Quality Exception Review,0.9525
LN0043229,2024-02,0.0485,0.0887,0.0535,0.0495,30-59 DPD,0,None,0.1981,credit_score_ordinal,balance_change_1m_pct,interest_rate_imputed,Standard Portfolio Surveillance,0.893
LN0043234,2023-07,0.014,0.026,0.0342,0.0495,Current,0,None,0.2701,interest_rate_imputed,balance_change_1m_pct,balance_to_orig_ratio,Standard Portfolio Surveillance,0.9315
LN0043243,2025-02,0.0183,0.0309,0.0106,0.0101,Current,0,None,0.4059,balance_change_1m_pct,credit_score_ordinal,balance_to_orig_ratio,Standard Portfolio Surveillance,0.9788
LN0043259,2024-09,0.0118,0.0213,0.0237,0.0412,Current,0,None,0.3429,balance_change_1m_pct,interest_rate_imputed,balance_to_orig_ratio,Standard Portfolio Surveillance,0.9525
LN0043278,2023-02,0.0038,0.0059,0.0081,0.0078,Prepaid,0,None,0.6291,balance_change_1m_pct,balance_to_orig_ratio,interest_rate_imputed,Standard Portfolio Surveillance,0.9838
LN0043315,2024-11,0.0326,0.048,0.0261,0.03,Current,0,None,0.2784,interest_rate_imputed,balance_change_1m_pct,credit_score_ordinal,Standard Portfolio Surveillance,0.9479
LN0043317,2025-07,0.014,0.026,0.011,0.0101,Current,0,None,0.2989,balance_change_1m_pct,interest_rate_imputed,credit_score_ordinal,Standard Portfolio Surveillance,0.9781
LN0043318,2024-12,0.02,0.0377,0.0245,0.03,Current,0,None,0.1435,interest_rate_imputed,balance_change_1m_pct,balance_to_orig_ratio,Standard Portfolio Surveillance,0.9509
LN0043335,2023-01,0.0118,0.0213,0.0237,0.0495,Current,0,None,0.3265,balance_change_1m_pct,interest_rate_imputed,credit_score_ordinal,Standard Portfolio Surveillance,0.9525
LN0043337,2025-10,0.02,0.0377,0.011,0.0235,Current,0,None,0.3168,interest_rate_imputed,balance_change_1m_pct,balance_to_orig_ratio,Standard Portfolio Surveillance,0.9781
LN0043341,2025-01,0.02,0.0377,0.011,0.0235,Current,0,None,0.5266,dpd_roll_max_6m,balance_change_1m_pct,credit_score_ordinal,Standard Portfolio Surveillance,0.9781
LN0043352,2024-09,0.02,0.0377,0.011,0.0147,Current,0,None,0.4093,balance_change_1m_pct,interest_rate_imputed,balance_to_orig_ratio,Standard Portfolio Surveillance,0.9781
LN0043381,2023-12,0.02,0.0377,0.0342,0.0412,Current,0,None,0.2375,balance_change_1m_pct,interest_rate_imputed,balance_to_orig_ratio,Standard Portfolio Surveillance,0.9315
LN0043400,2023-06,0.014,0.026,0.0342,0.0495,Current,0,None,0.2561,interest_rate_imputed,balance_change_1m_pct,credit_score_ordinal,Standard Portfolio Surveillance,0.9315
LN0043416,2023-07,0.0038,0.0059,0.0081,0.0078,Default,1,Data Conflict,0.4281,balance_change_1m_pct,credit_score_ordinal,interest_rate_imputed,Audit & Data Quality Exception Review,0.9838
LN0043444,2023-04,0.0326,0.0887,0.0535,0.0495,Current,0,None,0.3035,balance_change_1m_pct,interest_rate_imputed,credit_score_ordinal,Standard Portfolio Surveillance,0.893
LN0043495,2024-01,0.0273,0.0644,0.0847,0.0412,Current,0,None,0.3449,credit_score_ordinal,interest_rate_imputed,balance_change_1m_pct,Standard Portfolio Surveillance,0.8305
LN0043512,2024-02,0.014,0.026,0.0342,0.0412,Current,0,None,0.1794,credit_score_ordinal,interest_rate_imputed,balance_change_1m_pct,Standard Portfolio Surveillance,0.9315
LN0043519,2024-01,0.0223,0.048,0.0535,0.0412,Current,0,None,0.2375,interest_rate_imputed,credit_score_ordinal,balance_change_1m_pct,Standard Portfolio Surveillance,0.893
LN0043551,2023-08,0.0403,0.0771,0.0614,0.0495,Current,0,None,0.1483,interest_rate_imputed,balance_change_1m_pct,balance_to_orig_ratio,Standard Portfolio Surveillance,0.8771
LN0043552,2026-03,0.0321,0.0648,0.0106,0.0101,Current,0,None,0.2482,balance_change_1m_pct,balance_to_orig_ratio,interest_rate_imputed,Standard Portfolio Surveillance,0.9788
LN0043556,2022-09,0.014,0.026,0.0342,0.0495,Current,0,None,0.1546,interest_rate_imputed,balance_change_1m_pct,credit_score_ordinal,Standard Portfolio Surveillance,0.9315
LN0043566,2025-07,0.0099,0.0179,0.0245,0.03,Current,0,None,0.3446,dpd_roll_max_6m,credit_score_ordinal,interest_rate_imputed,Standard Portfolio Surveillance,0.9509
LN0043570,2024-09,0.02,0.0377,0.0222,0.0147,Current,0,None,0.4279,balance_change_1m_pct,interest_rate_imputed,credit_score_ordinal,Standard Portfolio Surveillance,0.9557
LN0043581,2024-06,0.0326,0.0887,0.0535,0.0495,Current,0,None,0.2228,interest_rate_imputed,credit_score_ordinal,balance_change_1m_pct,Standard Portfolio Surveillance,0.893
LN0043582,2024-10,0.02,0.0377,0.0342,0.0412,Current,0,None,0.0856,credit_score_ordinal,interest_rate_imputed,balance_change_1m_pct,Standard Portfolio Surveillance,0.9315
LN0043587,2025-01,0.0345,0.048,0.0143,0.0235,Current,0,None,0.2822,credit_score_ordinal,balance_change_1m_pct,interest_rate_imputed,Standard Portfolio Surveillance,0.9713
LN0043605,2024-03,0.0038,0.0059,0.0081,0.0078,Default,1,Data Conflict,0.3483,interest_rate_imputed,balance_change_1m_pct,balance_to_orig_ratio,Audit & Data Quality Exception Review,0.9838
LN0043609,2025-07,0.014,0.026,0.011,0.0101,Current,0,None,0.2446,balance_change_1m_pct,interest_rate_imputed,balance_to_orig_ratio,Standard Portfolio Surveillance,0.9781
LN0043612,2023-07,0.0038,0.0059,0.0081,0.0078,Default,1,Data Conflict,0.285,interest_rate_imputed,balance_change_1m_pct,balance_to_orig_ratio,Audit & Data Quality Exception Review,0.9838
LN0043613,2023-08,0.0038,0.0059,0.0081,0.0078,Default,1,Data Conflict,0.3412,balance_change_1m_pct,credit_score_ordinal,interest_rate_imputed,Audit & Data Quality Exception Review,0.9838
LN0043630,2024-02,0.0403,0.0771,0.0614,0.0412,Current,0,None,0.2665,interest_rate_imputed,balance_change_1m_pct,credit_score_ordinal,Standard Portfolio Surveillance,0.8771
LN0043637,2024-06,0.0183,0.0309,0.0234,0.0235,Current,0,None,0.2672,interest_rate_imputed,balance_change_1m_pct,balance_to_orig_ratio,Standard Portfolio Surveillance,0.9531
LN0043640,2023-04,0.0038,0.0059,0.0081,0.0078,Prepaid,0,None,0.6179,balance_change_1m_pct,balance_to_orig_ratio,credit_score_ordinal,Standard Portfolio Surveillance,0.9838
LN0043662,2024-05,0.0345,0.048,0.0535,0.0495,30-59 DPD,0,None,0.1727,credit_score_ordinal,interest_rate_imputed,balance_change_1m_pct,Standard Portfolio Surveillance,0.893
LN0043676,2024-02,0.0326,0.048,0.0535,0.0412,Current,0,None,0.1588,credit_score_ordinal,interest_rate_imputed,balance_change_1m_pct,Standard Portfolio Surveillance,0.893
LN0043737,2024-05,0.0326,0.048,0.0535,0.0412,Current,0,None,0.2333,credit_score_ordinal,interest_rate_imputed,balance_change_1m_pct,Standard Portfolio Surveillance,0.893
LN0043739,2024-07,0.0223,0.048,0.0261,0.0235,Current,0,None,0.2167,credit_score_ordinal,interest_rate_imputed,balance_to_orig_ratio,Standard Portfolio Surveillance,0.9479
LN0043753,2025-03,0.02,0.0377,0.0153,0.03,Current,0,None,0.2171,credit_score_ordinal,interest_rate_imputed,balance_to_orig_ratio,Standard Portfolio Surveillance,0.9694
LN0043760,2025-04,0.0099,0.0179,0.011,0.0101,Current,0,None,0.2841,credit_score_ordinal,balance_change_1m_pct,balance_to_orig_ratio,Standard Portfolio Surveillance,0.9781
LN0043785,2025-07,0.014,0.026,0.0153,0.0235,Current,0,None,0.3364,credit_score_ordinal,interest_rate_imputed,balance_change_1m_pct,Standard Portfolio Surveillance,0.9694
LN0043790,2025-02,0.014,0.026,0.0342,0.0412,Current,0,None,0.2391,credit_score_ordinal,interest_rate_imputed,balance_change_1m_pct,Standard Portfolio Surveillance,0.9315
LN0043796,2024-09,0.0326,0.048,0.0143,0.0235,Current,0,None,0.3967,interest_rate_imputed,balance_change_1m_pct,balance_to_orig_ratio,Standard Portfolio Surveillance,0.9713
LN0043827,2023-11,0.014,0.026,0.0342,0.0495,Current,0,None,0.1744,credit_score_ordinal,balance_change_1m_pct,interest_rate_imputed,Standard Portfolio Surveillance,0.9315
LN0043836,2023-09,0.0118,0.0213,0.0237,0.0495,Current,0,None,0.2658,interest_rate_imputed,credit_score_ordinal,balance_change_1m_pct,Standard Portfolio Surveillance,0.9525
LN0043849,2024-04,0.0223,0.048,0.0535,0.0412,Current,0,None,0.1391,interest_rate_imputed,balance_change_1m_pct,balance_to_orig_ratio,Standard Portfolio Surveillance,0.893
LN0043854,2024-12,0.0345,0.0156,0.0143,0.0147,Current,0,None,0.2466,balance_change_1m_pct,interest_rate_imputed,balance_to_orig_ratio,Standard Portfolio Surveillance,0.9713
LN0043873,2024-06,0.0223,0.048,0.0535,0.0412,Current,0,None,0.3112,credit_score_ordinal,interest_rate_imputed,balance_change_1m_pct,Standard Portfolio Surveillance,0.893
LN0043878,2024-09,0.0223,0.048,0.0535,0.0495,Current,0,None,0.0884,interest_rate_imputed,credit_score_ordinal,balance_change_1m_pct,Standard Portfolio Surveillance,0.893
LN0043922,2023-02,0.0099,0.0179,0.0237,0.0495,Current,0,None,0.1271,interest_rate_imputed,balance_change_1m_pct,balance_to_orig_ratio,Standard Portfolio Surveillance,0.9525
LN0043966,2023-11,0.0326,0.048,0.0535,0.0495,Current,0,None,0.1525,balance_change_1m_pct,interest_rate_imputed,balance_to_orig_ratio,Standard Portfolio Surveillance,0.893
LN0044045,2023-06,0.0099,0.0179,0.0237,0.0495,Current,0,None,0.1954,credit_score_ordinal,interest_rate_imputed,balance_change_1m_pct,Standard Portfolio Surveillance,0.9525
LN0044052,2024-03,0.0223,0.048,0.0535,0.0412,Current,0,None,0.0968,credit_score_ordinal,interest_rate_imputed,balance_change_1m_pct,Standard Portfolio Surveillance,0.893
LN0044054,2023-08,0.0687,0.0644,0.0847,0.0412,Current,0,None,0.5695,dpd_roll_max_6m,balance_change_1m_pct,credit_score_ordinal,Standard Portfolio Surveillance,0.8305
LN0044057,2023-01,0.0038,0.0059,0.0081,0.0078,Default,1,Data Conflict,0.4275,credit_score_ordinal,balance_change_1m_pct,balance_to_orig_ratio,Audit & Data Quality Exception Review,0.9838
LN0044068,2025-05,0.02,0.0377,0.011,0.0235,Current,0,None,0.1881,interest_rate_imputed,credit_score_ordinal,balance_change_1m_pct,Standard Portfolio Surveillance,0.9781
LN0044079,2022-06,0.0038,0.0059,0.0081,0.0078,Default,1,Data Conflict,0.6321,days_past_due,dpd_roll_max_6m,interest_rate_imputed,Audit & Data Quality Exception Review,0.9838
LN0044092,2023-05,0.0038,0.0059,0.0081,0.0078,Default,1,Data Conflict,0.5575,days_past_due,dpd_roll_max_6m,interest_rate_imputed,Audit & Data Quality Exception Review,0.9838
LN0044101,2025-07,0.014,0.026,0.011,0.0147,Current,0,None,0.479,dpd_roll_max_6m,credit_score_ordinal,interest_rate_imputed,Standard Portfolio Surveillance,0.9781
LN0044104,2025-12,0.0099,0.0179,0.011,0.0101,Current,0,None,0.5878,dpd_roll_max_6m,balance_change_1m_pct,interest_rate_imputed,Standard Portfolio Surveillance,0.9781
LN0044112,2024-05,0.02,0.0377,0.0237,0.0495,Current,0,None,0.2058,balance_change_1m_pct,credit_score_ordinal,interest_rate_imputed,Standard Portfolio Surveillance,0.9525
LN0044132,2025-06,0.02,0.0377,0.0245,0.0235,Current,0,None,0.1686,credit_score_ordinal,interest_rate_imputed,balance_change_1m_pct,Standard Portfolio Surveillance,0.9509
LN0044137,2025-06,0.02,0.0377,0.011,0.0147,Prepaid,0,None,0.2519,credit_score_ordinal,interest_rate_imputed,balance_change_1m_pct,Standard Portfolio Surveillance,0.9781
LN0044141,2023-09,0.0038,0.0059,0.0081,0.0078,Default,1,Data Conflict,0.598,days_past_due,dpd_roll_max_6m,credit_score_ordinal,Audit & Data Quality Exception Review,0.9838
LN0044153,2026-04,0.0273,0.0644,0.0143,0.0101,Current,0,None,0.4011,credit_score_ordinal,balance_change_1m_pct,balance_to_orig_ratio,Standard Portfolio Surveillance,0.9713
LN0044158,2022-08,0.0038,0.0059,0.0081,0.0078,Default,1,Data Conflict,0.602,days_past_due,dpd_roll_max_6m,interest_rate_imputed,Audit & Data Quality Exception Review,0.9838
LN0044164,2024-05,0.02,0.0377,0.0237,0.0495,Current,0,None,0.1285,interest_rate_imputed,credit_score_ordinal,balance_change_1m_pct,Standard Portfolio Surveillance,0.9525
LN0044176,2023-06,0.0485,0.0887,0.0535,0.0495,Current,0,None,0.1139,balance_change_1m_pct,interest_rate_imputed,balance_to_orig_ratio,Standard Portfolio Surveillance,0.893
LN0044178,2025-04,0.0273,0.0644,0.0143,0.0101,Current,0,None,0.5511,balance_change_1m_pct,credit_score_ordinal,interest_rate_imputed,Standard Portfolio Surveillance,0.9713
LN0044193,2024-04,0.0403,0.0771,0.0614,0.0412,Current,0,None,0.1527,interest_rate_imputed,balance_change_1m_pct,balance_to_orig_ratio,Standard Portfolio Surveillance,0.8771
LN0044196,2023-10,0.0038,0.0059,0.0081,0.0078,Default,1,Data Conflict,0.5558,days_past_due,dpd_roll_max_6m,interest_rate_imputed,Audit & Data Quality Exception Review,0.9838
LN0044203,2024-06,0.0038,0.0059,0.0081,0.0078,Prepaid,0,None,0.6991,balance_change_1m_pct,balance_to_orig_ratio,interest_rate_imputed,Audit & Data Quality Exception Review,0.9838
LN0044221,2023-09,0.0223,0.0571,0.0535,0.0495,Current,0,None,0.1911,balance_change_1m_pct,credit_score_ordinal,interest_rate_imputed,Standard Portfolio Surveillance,0.893
LN0044226,2024-06,0.02,0.0377,0.0237,0.0412,Current,0,None,0.1424,interest_rate_imputed,balance_change_1m_pct,balance_to_orig_ratio,Standard Portfolio Surveillance,0.9525
LN0044257,2022-08,0.0038,0.0059,0.0081,0.0078,Prepaid,0,None,0.4817,balance_to_orig_ratio,balance_change_1m_pct,credit_score_ordinal,Standard Portfolio Surveillance,0.9838
LN0044262,2024-12,0.0183,0.0309,0.0106,0.0147,Current,0,None,0.2467,credit_score_ordinal,interest_rate_imputed,balance_change_1m_pct,Standard Portfolio Surveillance,0.9788
LN0044266,2022-09,0.0038,0.0059,0.0081,0.0078,Prepaid,0,None,0.5931,balance_change_1m_pct,balance_to_orig_ratio,credit_score_ordinal,Standard Portfolio Surveillance,0.9838
LN0044267,2023-07,0.0561,0.0644,0.0847,0.0412,Current,0,None,0.165,credit_score_ordinal,interest_rate_imputed,balance_change_1m_pct,Standard Portfolio Surveillance,0.8305
LN0044272,2023-03,0.014,0.026,0.0342,0.0495,Current,0,None,0.3337,credit_score_ordinal,balance_change_1m_pct,interest_rate_imputed,Standard Portfolio Surveillance,0.9315
LN0044278,2024-05,0.0175,0.0648,0.0374,0.03,Current,0,None,0.1753,credit_score_ordinal,interest_rate_imputed,balance_change_1m_pct,Standard Portfolio Surveillance,0.9252
LN0044289,2022-10,0.0038,0.0059,0.0081,0.0078,Default,0,None,0.7643,days_past_due,dpd_roll_max_6m,balance_change_1m_pct,Audit & Data Quality Exception Review,0.9838
LN0044336,2023-11,0.014,0.026,0.0342,0.0495,Current,0,None,0.2244,credit_score_ordinal,balance_change_1m_pct,balance_to_orig_ratio,Standard Portfolio Surveillance,0.9315
LN0044338,2024-10,0.0099,0.0179,0.0245,0.03,Current,0,None,0.1801,interest_rate_imputed,credit_score_ordinal,balance_change_1m_pct,Standard Portfolio Surveillance,0.9509
LN0044379,2025-04,0.0326,0.048,0.0535,0.0412,Current,0,None,0.2538,interest_rate_imputed,balance_change_1m_pct,balance_to_orig_ratio,Standard Portfolio Surveillance,0.893
LN0044389,2024-07,0.0561,0.0644,0.0847,0.0412,Current,0,None,0.2649,credit_score_ordinal,interest_rate_imputed,balance_change_1m_pct,Standard Portfolio Surveillance,0.8305
LN0044390,2024-10,0.02,0.0377,0.0342,0.0412,Current,0,None,0.1503,credit_score_ordinal,interest_rate_imputed,balance_change_1m_pct,Standard Portfolio Surveillance,0.9315
LN0044394,2024-03,0.0038,0.0059,0.0081,0.0078,Default,1,Data Conflict,0.723,dpd_roll_max_6m,balance_change_1m_pct,credit_score_ordinal,Audit & Data Quality Exception Review,0.9838
LN0044406,2023-07,0.02,0.0377,0.0342,0.0495,Current,0,None,0.0697,credit_score_ordinal,balance_change_1m_pct,interest_rate_imputed,Standard Portfolio Surveillance,0.9315
LN0044420,2023-10,0.0038,0.0059,0.0081,0.0078,Prepaid,0,None,0.6029,balance_change_1m_pct,balance_to_orig_ratio,credit_score_ordinal,Standard Portfolio Surveillance,0.9838
LN0044421,2025-06,0.0099,0.0179,0.011,0.0235,Current,0,None,0.3255,credit_score_ordinal,interest_rate_imputed,balance_change_1m_pct,Standard Portfolio Surveillance,0.9781
LN0044429,2024-05,0.014,0.026,0.0342,0.0412,Current,0,None,0.399,balance_change_1m_pct,credit_score_ordinal,interest_rate_imputed,Standard Portfolio Surveillance,0.9315
LN0044433,2024-07,0.02,0.0377,0.0342,0.0412,30-59 DPD,0,None,0.4214,credit_score_ordinal,balance_change_1m_pct,interest_rate_imputed,Standard Portfolio Surveillance,0.9315
LN0044440,2023-05,0.0326,0.048,0.0535,0.0495,Current,0,None,0.2621,credit_score_ordinal,balance_change_1m_pct,balance_to_orig_ratio,Standard Portfolio Surveillance,0.893
LN0044444,2025-01,0.0038,0.0059,0.0081,0.0078,Default,1,Data Conflict,0.3901,interest_rate_imputed,balance_change_1m_pct,balance_to_orig_ratio,Audit & Data Quality Exception Review,0.9838
LN0044454,2025-12,0.0345,0.0156,0.0143,0.0147,Current,0,None,0.1709,interest_rate_imputed,credit_score_ordinal,balance_change_1m_pct,Standard Portfolio Surveillance,0.9713
LN0044465,2024-04,0.0099,0.0179,0.0237,0.0412,Current,0,None,0.2653,interest_rate_imputed,balance_change_1m_pct,balance_to_orig_ratio,Standard Portfolio Surveillance,0.9525
LN0044479,2024-11,0.0326,0.048,0.0535,0.0412,Current,0,None,0.4573,dpd_roll_max_6m,interest_rate_imputed,balance_change_1m_pct,Standard Portfolio Surveillance,0.893
LN0044504,2024-08,0.0345,0.048,0.0535,0.0495,Current,0,None,0.1849,credit_score_ordinal,interest_rate_imputed,balance_change_1m_pct,Standard Portfolio Surveillance,0.893
LN0044519,2024-02,0.0403,0.0771,0.0614,0.03,Current,0,None,0.3784,credit_score_ordinal,interest_rate_imputed,balance_change_1m_pct,Standard Portfolio Surveillance,0.8771
LN0044530,2024-12,0.0183,0.0309,0.0234,0.0235,Current,0,None,0.3599,credit_score_ordinal,interest_rate_imputed,balance_change_1m_pct,Standard Portfolio Surveillance,0.9531
LN0044531,2023-03,0.0038,0.0059,0.0081,0.0078,Default,1,Data Conflict,0.3356,interest_rate_imputed,credit_score_ordinal,balance_change_1m_pct,Audit & Data Quality Exception Review,0.9838
LN0044541,2026-01,0.0099,0.0179,0.011,0.0101,Current,0,None,0.333,credit_score_ordinal,interest_rate_imputed,balance_change_1m_pct,Standard Portfolio Surveillance,0.9781
LN0044574,2025-03,0.0326,0.0156,0.0143,0.0101,30-59 DPD,0,None,0.2962,credit_score_ordinal,balance_change_1m_pct,interest_rate_imputed,Standard Portfolio Surveillance,0.9713
LN0044598,2023-11,0.0099,0.0179,0.0237,0.0495,Current,0,None,0.1503,credit_score_ordinal,balance_change_1m_pct,interest_rate_imputed,Standard Portfolio Surveillance,0.9525
LN0044601,2024-11,0.0038,0.0059,0.0081,0.0078,Default,1,Data Conflict,0.5681,balance_change_1m_pct,credit_score_ordinal,interest_rate_imputed,Audit & Data Quality Exception Review,0.9838
LN0044603,2025-08,0.0687,0.0644,0.0143,0.0101,Current,0,None,0.3692,interest_rate_imputed,balance_change_1m_pct,balance_to_orig_ratio,Standard Portfolio Surveillance,0.9713
LN0044611,2023-11,0.0038,0.0059,0.0081,0.0078,Default,1,Data Conflict,0.4139,interest_rate_imputed,credit_score_ordinal,balance_change_1m_pct,Audit & Data Quality Exception Review,0.9838
LN0044627,2024-08,0.0038,0.0059,0.0081,0.0078,Default,1,Data Conflict,0.2664,credit_score_ordinal,interest_rate_imputed,balance_change_1m_pct,Audit & Data Quality Exception Review,0.9838
LN0044639,2024-10,0.0038,0.0059,0.0081,0.0078,Default,1,Data Conflict,0.3866,interest_rate_imputed,credit_score_ordinal,balance_change_1m_pct,Audit & Data Quality Exception Review,0.9838
LN0044653,2025-07,0.0038,0.0059,0.0081,0.0078,Prepaid,0,None,0.7392,balance_change_1m_pct,balance_to_orig_ratio,credit_score_ordinal,Audit & Data Quality Exception Review,0.9838
LN0044681,2025-04,0.0038,0.0059,0.0081,0.0078,Default,1,Data Conflict,0.3654,interest_rate_imputed,balance_change_1m_pct,balance_to_orig_ratio,Audit & Data Quality Exception Review,0.9838
LN0044699,2024-10,0.02,0.0377,0.011,0.0235,Current,0,None,0.3927,balance_change_1m_pct,credit_score_ordinal,interest_rate_imputed,Standard Portfolio Surveillance,0.9781
LN0044735,2024-09,0.0099,0.0179,0.0237,0.0412,Current,0,None,0.1792,credit_score_ordinal,interest_rate_imputed,balance_change_1m_pct,Standard Portfolio Surveillance,0.9525
LN0044738,2023-04,0.0038,0.0059,0.0081,0.0078,Default,1,Data Conflict,0.5773,days_past_due,dpd_roll_max_6m,credit_score_ordinal,Audit & Data Quality Exception Review,0.9838
LN0044742,2025-05,0.0345,0.048,0.0261,0.0235,Current,0,None,0.2503,interest_rate_imputed,credit_score_ordinal,balance_change_1m_pct,Standard Portfolio Surveillance,0.9479
LN0044762,2025-09,0.0099,0.0179,0.011,0.0235,Current,0,None,0.616,dpd_roll_max_6m,interest_rate_imputed,balance_change_1m_pct,Standard Portfolio Surveillance,0.9781
LN0044775,2024-08,0.014,0.026,0.0342,0.0495,Current,0,None,0.2464,interest_rate_imputed,credit_score_ordinal,balance_change_1m_pct,Standard Portfolio Surveillance,0.9315
LN0044777,2024-05,0.0099,0.0179,0.0153,0.0235,Current,0,None,0.2533,interest_rate_imputed,credit_score_ordinal,balance_change_1m_pct,Standard Portfolio Surveillance,0.9694
LN0044783,2025-06,0.0345,0.048,0.0261,0.0235,30-59 DPD,0,None,0.2823,credit_score_ordinal,interest_rate_imputed,balance_change_1m_pct,Standard Portfolio Surveillance,0.9479
LN0044833,2023-06,0.0118,0.0213,0.0237,0.0495,Current,0,None,0.3316,balance_change_1m_pct,credit_score_ordinal,interest_rate_imputed,Standard Portfolio Surveillance,0.9525
LN0044840,2022-11,0.0345,0.0571,0.0535,0.0355,Current,0,None,0.4823,days_past_due,dpd_roll_max_6m,balance_change_1m_pct,Standard Portfolio Surveillance,0.893
LN0044846,2025-02,0.014,0.026,0.011,0.0147,Current,0,None,0.2366,interest_rate_imputed,balance_change_1m_pct,credit_score_ordinal,Standard Portfolio Surveillance,0.9781
LN0044855,2024-09,0.02,0.0377,0.0342,0.0495,Current,0,None,0.1687,interest_rate_imputed,credit_score_ordinal,balance_change_1m_pct,Standard Portfolio Surveillance,0.9315
LN0044860,2025-04,0.6989,0.6621,0.2764,0.0083,60-89 DPD,0,None,0.4286,balance_change_1m_pct,credit_score_ordinal,balance_to_orig_ratio,Active Credit Workout & Pre-Foreclosure Outreach,0.6
LN0044865,2024-05,0.0345,0.0571,0.0535,0.0495,Current,0,None,0.3173,balance_change_1m_pct,credit_score_ordinal,interest_rate_imputed,Standard Portfolio Surveillance,0.893
LN0044882,2025-01,0.0687,0.0644,0.0261,0.0235,Current,0,None,0.4093,balance_change_1m_pct,interest_rate_imputed,balance_to_orig_ratio,Standard Portfolio Surveillance,0.9479
LN0044934,2025-01,0.0099,0.0179,0.011,0.0147,Current,0,None,0.2701,balance_change_1m_pct,balance_to_orig_ratio,interest_rate_imputed,Standard Portfolio Surveillance,0.9781
LN0044935,2024-02,0.0485,0.0887,0.0535,0.0495,Current,0,None,0.2157,credit_score_ordinal,balance_change_1m_pct,interest_rate_imputed,Standard Portfolio Surveillance,0.893
LN0044936,2023-11,0.0038,0.0059,0.0081,0.0078,Default,1,Data Conflict,0.3031,credit_score_ordinal,balance_change_1m_pct,interest_rate_imputed,Audit & Data Quality Exception Review,0.9838
LN0044949,2025-05,0.0038,0.0059,0.0081,0.0078,Prepaid,0,None,0.6238,balance_change_1m_pct,balance_to_orig_ratio,interest_rate_imputed,Standard Portfolio Surveillance,0.9838
LN0045016,2025-03,0.014,0.026,0.011,0.0101,Current,0,None,0.2593,credit_score_ordinal,balance_change_1m_pct,interest_rate_imputed,Standard Portfolio Surveillance,0.9781
LN0045022,2023-08,0.0175,0.0648,0.0374,0.0495,Current,0,None,0.2427,balance_change_1m_pct,credit_score_ordinal,interest_rate_imputed,Standard Portfolio Surveillance,0.9252
LN0045034,2023-01,0.0038,0.0059,0.0081,0.0078,Default,1,Data Conflict,0.282,credit_score_ordinal,interest_rate_imputed,balance_change_1m_pct,Audit & Data Quality Exception Review,0.9838
LN0045039,2024-03,0.0326,0.048,0.0535,0.0412,Current,0,None,0.1862,credit_score_ordinal,interest_rate_imputed,balance_change_1m_pct,Standard Portfolio Surveillance,0.893
LN0045045,2023-03,0.0326,0.0887,0.0535,0.0495,Current,0,None,0.3224,balance_change_1m_pct,credit_score_ordinal,balance_to_orig_ratio,Standard Portfolio Surveillance,0.893
LN0045047,2023-02,0.0345,0.0571,0.0535,0.0355,Current,0,None,0.4392,dpd_roll_max_6m,balance_change_1m_pct,credit_score_ordinal,Standard Portfolio Surveillance,0.893
LN0045054,2025-04,0.0183,0.0309,0.0234,0.0235,Prepaid,0,None,0.1479,credit_score_ordinal,interest_rate_imputed,balance_change_1m_pct,Standard Portfolio Surveillance,0.9531
LN0045058,2025-10,0.0326,0.0156,0.0143,0.0147,Current,0,None,0.2811,interest_rate_imputed,balance_change_1m_pct,credit_score_ordinal,Standard Portfolio Surveillance,0.9713
LN0045094,2024-08,0.0561,0.0644,0.0847,0.0412,Current,0,None,0.2075,interest_rate_imputed,balance_change_1m_pct,balance_to_orig_ratio,Standard Portfolio Surveillance,0.8305
LN0045099,2023-11,0.0038,0.0059,0.0081,0.0078,Prepaid,0,None,0.6628,balance_change_1m_pct,balance_to_orig_ratio,credit_score_ordinal,Audit & Data Quality Exception Review,0.9838
LN0045114,2024-02,0.0345,0.0571,0.0535,0.0495,Current,0,None,0.1499,balance_change_1m_pct,credit_score_ordinal,interest_rate_imputed,Standard Portfolio Surveillance,0.893
LN0045120,2023-12,0.0326,0.048,0.0535,0.0495,30-59 DPD,0,None,0.1717,credit_score_ordinal,balance_change_1m_pct,interest_rate_imputed,Standard Portfolio Surveillance,0.893
LN0045134,2025-09,0.0223,0.048,0.0261,0.0235,Current,0,None,0.1752,interest_rate_imputed,credit_score_ordinal,balance_change_1m_pct,Standard Portfolio Surveillance,0.9479
LN0045138,2022-09,0.0038,0.0059,0.0081,0.0078,Prepaid,0,None,0.446,balance_to_orig_ratio,balance_change_1m_pct,credit_score_ordinal,Standard Portfolio Surveillance,0.9838
LN0045145,2023-03,0.0038,0.0059,0.0081,0.0078,Default,1,Data Conflict,0.4436,balance_change_1m_pct,credit_score_ordinal,interest_rate_imputed,Audit & Data Quality Exception Review,0.9838
LN0045173,2023-05,0.014,0.026,0.0342,0.0355,Current,0,None,0.5069,days_past_due,dpd_roll_max_6m,credit_score_ordinal,Standard Portfolio Surveillance,0.9315
LN0045192,2024-09,0.02,0.0377,0.0342,0.0412,Current,0,None,0.1565,credit_score_ordinal,interest_rate_imputed,balance_change_1m_pct,Standard Portfolio Surveillance,0.9315
LN0045203,2024-02,0.0403,0.0771,0.0614,0.0495,Current,0,None,0.3735,balance_change_1m_pct,credit_score_ordinal,balance_to_orig_ratio,Standard Portfolio Surveillance,0.8771
LN0045228,2024-05,0.014,0.026,0.0342,0.0355,Current,0,None,0.6606,days_past_due,dpd_roll_max_6m,credit_score_ordinal,Audit & Data Quality Exception Review,0.9315
LN0045236,2023-08,0.0183,0.0309,0.0234,0.0495,Prepaid,0,None,0.2985,balance_change_1m_pct,credit_score_ordinal,interest_rate_imputed,Standard Portfolio Surveillance,0.9531
LN0045239,2024-08,0.0273,0.0644,0.0261,0.03,Prepaid,0,None,0.4203,interest_rate_imputed,balance_change_1m_pct,credit_score_ordinal,Standard Portfolio Surveillance,0.9479
LN0045246,2024-11,0.6989,0.6621,0.0081,0.0078,90+ DPD,0,None,0.8667,days_past_due,dpd_roll_max_6m,balance_change_1m_pct,Audit & Data Quality Exception Review,0.9838
LN0045252,2024-06,0.0942,0.0644,0.0847,0.0412,Current,0,None,0.1638,interest_rate_imputed,credit_score_ordinal,balance_change_1m_pct,Standard Portfolio Surveillance,0.8305
LN0045277,2024-06,0.0223,0.048,0.0535,0.0412,Current,0,None,0.3227,credit_score_ordinal,balance_to_orig_ratio,interest_rate_imputed,Standard Portfolio Surveillance,0.893
LN0045292,2023-05,0.0403,0.0771,0.0614,0.0495,30-59 DPD,0,None,0.2853,interest_rate_imputed,credit_score_ordinal,balance_change_1m_pct,Standard Portfolio Surveillance,0.8771
LN0045296,2023-11,0.0038,0.0059,0.0081,0.0078,Default,1,Data Conflict,0.3614,interest_rate_imputed,balance_change_1m_pct,balance_to_orig_ratio,Audit & Data Quality Exception Review,0.9838
LN0045297,2024-12,0.0561,0.0644,0.0847,0.0412,30-59 DPD,0,None,0.2552,interest_rate_imputed,balance_change_1m_pct,balance_to_orig_ratio,Standard Portfolio Surveillance,0.8305
LN0045298,2023-02,0.0345,0.0571,0.0535,0.0495,Current,0,None,0.2463,balance_change_1m_pct,interest_rate_imputed,credit_score_ordinal,Standard Portfolio Surveillance,0.893
LN0045299,2023-05,0.0038,0.0059,0.0081,0.0078,Default,0,None,0.6614,days_past_due,dpd_roll_max_6m,interest_rate_imputed,Audit & Data Quality Exception Review,0.9838
LN0045311,2025-05,0.0345,0.0156,0.0143,0.0101,Current,0,None,0.5046,balance_change_1m_pct,interest_rate_imputed,credit_score_ordinal,Standard Portfolio Surveillance,0.9713
LN0045316,2023-04,0.0942,0.1674,0.0847,0.0495,Current,0,None,0.2372,interest_rate_imputed,balance_change_1m_pct,balance_to_orig_ratio,Standard Portfolio Surveillance,0.8305
LN0045321,2023-01,0.0223,0.0571,0.0535,0.0495,Current,0,None,0.2627,interest_rate_imputed,credit_score_ordinal,balance_change_1m_pct,Standard Portfolio Surveillance,0.893
LN0045327,2024-10,0.014,0.026,0.0342,0.0495,Current,0,None,0.2951,balance_change_1m_pct,credit_score_ordinal,interest_rate_imputed,Standard Portfolio Surveillance,0.9315
LN0045334,2024-02,0.0038,0.0059,0.0081,0.0078,Default,1,Data Conflict,0.397,balance_change_1m_pct,credit_score_ordinal,interest_rate_imputed,Audit & Data Quality Exception Review,0.9838
LN0045336,2024-04,0.0099,0.0179,0.0237,0.0495,Current,0,None,0.1516,credit_score_ordinal,interest_rate_imputed,balance_change_1m_pct,Standard Portfolio Surveillance,0.9525
LN0045346,2023-11,0.0223,0.048,0.0535,0.0412,Current,0,None,0.2536,credit_score_ordinal,balance_to_orig_ratio,balance_change_1m_pct,Standard Portfolio Surveillance,0.893
LN0045361,2024-02,0.0038,0.0059,0.0081,0.0078,Default,1,Data Conflict,0.5905,balance_change_1m_pct,interest_rate_imputed,credit_score_ordinal,Audit & Data Quality Exception Review,0.9838
LN0045391,2023-12,0.0403,0.0771,0.0614,0.0412,Current,0,None,0.2645,interest_rate_imputed,balance_change_1m_pct,credit_score_ordinal,Standard Portfolio Surveillance,0.8771
LN0045407,2023-08,0.02,0.0377,0.0342,0.0495,Current,0,None,0.287,interest_rate_imputed,credit_score_ordinal,balance_change_1m_pct,Standard Portfolio Surveillance,0.9315
LN0045409,2023-10,0.0099,0.0179,0.0237,0.0495,Current,0,None,0.4351,credit_score_ordinal,interest_rate_imputed,balance_change_1m_pct,Standard Portfolio Surveillance,0.9525
LN0045418,2022-06,0.0038,0.0059,0.0081,0.0078,Default,1,Data Conflict,0.6528,days_past_due,dpd_roll_max_6m,credit_score_ordinal,Audit & Data Quality Exception Review,0.9838
LN0045450,2024-09,0.0038,0.0059,0.0081,0.0078,Default,1,Data Conflict,0.6489,days_past_due,dpd_roll_max_6m,interest_rate_imputed,Audit & Data Quality Exception Review,0.9838
LN0045456,2026-01,0.0099,0.0179,0.011,0.0101,Current,0,None,0.2742,interest_rate_imputed,balance_change_1m_pct,balance_to_orig_ratio,Standard Portfolio Surveillance,0.9781
LN0045463,2024-10,0.0038,0.0059,0.0081,0.0078,Default,1,Data Conflict,0.3489,credit_score_ordinal,interest_rate_imputed,balance_change_1m_pct,Audit & Data Quality Exception Review,0.9838
LN0045483,2024-07,0.0038,0.0059,0.0081,0.0078,Default,1,Data Conflict,0.305,credit_score_ordinal,interest_rate_imputed,balance_change_1m_pct,Audit & Data Quality Exception Review,0.9838
LN0045484,2025-06,0.0345,0.0156,0.0143,0.0101,Current,0,None,0.143,interest_rate_imputed,balance_change_1m_pct,balance_to_orig_ratio,Standard Portfolio Surveillance,0.9713
LN0045492,2024-10,0.0038,0.0059,0.0081,0.0078,Default,1,Data Conflict,0.6806,days_past_due,dpd_roll_max_6m,balance_change_1m_pct,Audit & Data Quality Exception Review,0.9838
LN0045495,2022-11,0.0485,0.0887,0.0535,0.0495,Current,0,None,0.1967,interest_rate_imputed,balance_change_1m_pct,balance_to_orig_ratio,Standard Portfolio Surveillance,0.893
LN0045514,2023-09,0.0038,0.0059,0.0081,0.0078,Default,1,Data Conflict,0.4861,balance_change_1m_pct,credit_score_ordinal,balance_to_orig_ratio,Audit & Data Quality Exception Review,0.9838
LN0045527,2025-02,0.0345,0.0156,0.0143,0.0147,30-59 DPD,0,None,0.3536,interest_rate_imputed,balance_change_1m_pct,credit_score_ordinal,Standard Portfolio Surveillance,0.9713
LN0045537,2023-03,0.0403,0.0771,0.0614,0.0495,Current,0,None,0.2579,interest_rate_imputed,credit_score_ordinal,balance_change_1m_pct,Standard Portfolio Surveillance,0.8771
LN0045545,2025-02,0.02,0.0377,0.011,0.0101,Current,0,None,0.3861,credit_score_ordinal,balance_change_1m_pct,interest_rate_imputed,Standard Portfolio Surveillance,0.9781
LN0045555,2023-07,0.0223,0.048,0.0535,0.0495,Current,0,None,0.2065,credit_score_ordinal,interest_rate_imputed,balance_change_1m_pct,Standard Portfolio Surveillance,0.893
LN0045563,2025-06,0.0099,0.0179,0.011,0.0101,Current,0,None,0.4384,credit_score_ordinal,balance_change_1m_pct,interest_rate_imputed,Standard Portfolio Surveillance,0.9781
LN0045567,2025-03,0.014,0.026,0.0245,0.03,Current,0,None,0.1963,credit_score_ordinal,interest_rate_imputed,balance_change_1m_pct,Standard Portfolio Surveillance,0.9509
LN0045569,2024-08,0.0099,0.0179,0.011,0.0147,Current,0,None,0.2709,credit_score_ordinal,balance_change_1m_pct,interest_rate_imputed,Standard Portfolio Surveillance,0.9781
LN0045570,2024-08,0.0345,0.048,0.0535,0.0412,Current,0,None,0.1721,credit_score_ordinal,interest_rate_imputed,balance_change_1m_pct,Standard Portfolio Surveillance,0.893
LN0045574,2024-10,0.0223,0.0156,0.0143,0.0101,Current,0,None,0.2593,credit_score_ordinal,balance_change_1m_pct,interest_rate_imputed,Standard Portfolio Surveillance,0.9713
LN0045591,2024-03,0.0038,0.0059,0.0081,0.0078,Prepaid,0,None,0.717,balance_change_1m_pct,balance_to_orig_ratio,credit_score_ordinal,Audit & Data Quality Exception Review,0.9838
LN0045595,2022-08,0.0038,0.0059,0.0081,0.0078,Default,1,Data Conflict,0.3395,credit_score_ordinal,interest_rate_imputed,balance_change_1m_pct,Audit & Data Quality Exception Review,0.9838
LN0045601,2025-01,0.0345,0.048,0.0535,0.0412,30-59 DPD,0,None,0.3281,credit_score_ordinal,interest_rate_imputed,balance_change_1m_pct,Standard Portfolio Surveillance,0.893
LN0045605,2022-10,0.0485,0.0887,0.0535,0.0495,Current,0,None,0.2474,credit_score_ordinal,balance_change_1m_pct,interest_rate_imputed,Standard Portfolio Surveillance,0.893
LN0045612,2022-12,0.0038,0.0059,0.0081,0.0078,Prepaid,0,None,0.6281,balance_change_1m_pct,balance_to_orig_ratio,interest_rate_imputed,Standard Portfolio Surveillance,0.9838
LN0045650,2025-03,0.0223,0.0156,0.0143,0.0147,Current,0,None,0.4509,balance_change_1m_pct,interest_rate_imputed,credit_score_ordinal,Standard Portfolio Surveillance,0.9713
LN0045676,2024-10,0.0403,0.0771,0.0614,0.0412,Current,0,None,0.145,interest_rate_imputed,balance_change_1m_pct,balance_to_orig_ratio,Standard Portfolio Surveillance,0.8771
LN0045679,2024-04,0.0321,0.0348,0.0374,0.0412,Current,0,None,0.2448,credit_score_ordinal,interest_rate_imputed,balance_change_1m_pct,Standard Portfolio Surveillance,0.9252
LN0045727,2025-03,0.0099,0.0179,0.0153,0.03,Current,0,None,0.2585,credit_score_ordinal,balance_change_1m_pct,balance_to_orig_ratio,Standard Portfolio Surveillance,0.9694
LN0045730,2023-12,0.0326,0.048,0.0535,0.0495,Current,0,None,0.1513,interest_rate_imputed,balance_change_1m_pct,balance_to_orig_ratio,Standard Portfolio Surveillance,0.893
LN0045732,2026-03,0.6989,0.6621,0.2064,0.0083,30-59 DPD,0,None,0.3408,interest_rate_imputed,credit_score_ordinal,balance_change_1m_pct,Active Credit Workout & Pre-Foreclosure Outreach,0.6
LN0045740,2023-09,0.0175,0.0648,0.0374,0.0412,Current,0,None,0.1396,interest_rate_imputed,balance_change_1m_pct,balance_to_orig_ratio,Standard Portfolio Surveillance,0.9252
LN0045755,2024-02,0.6989,0.6621,0.2999,0.0172,60-89 DPD,0,None,0.2504,credit_score_ordinal,interest_rate_imputed,balance_change_1m_pct,Active Credit Workout & Pre-Foreclosure Outreach,0.6
LN0045762,2025-03,0.0099,0.0179,0.011,0.0101,Current,0,None,0.3578,balance_change_1m_pct,interest_rate_imputed,credit_score_ordinal,Standard Portfolio Surveillance,0.9781
LN0045776,2023-03,0.0038,0.0059,0.0081,0.0078,Default,0,None,0.6284,days_past_due,dpd_roll_max_6m,credit_score_ordinal,Standard Portfolio Surveillance,0.9838
LN0045800,2024-08,0.014,0.026,0.0342,0.0412,Current,0,None,0.1375,interest_rate_imputed,balance_change_1m_pct,balance_to_orig_ratio,Standard Portfolio Surveillance,0.9315
LN0045827,2024-07,0.02,0.0377,0.0153,0.03,Current,0,None,0.2964,interest_rate_imputed,balance_change_1m_pct,balance_to_orig_ratio,Standard Portfolio Surveillance,0.9694
LN0045845,2025-01,0.0038,0.0059,0.0081,0.0078,Prepaid,0,None,0.6667,balance_change_1m_pct,balance_to_orig_ratio,interest_rate_imputed,Audit & Data Quality Exception Review,0.9838
LN0045854,2024-06,0.0038,0.0059,0.0081,0.0078,Prepaid,0,None,0.6356,balance_change_1m_pct,balance_to_orig_ratio,credit_score_ordinal,Standard Portfolio Surveillance,0.9838
LN0045872,2023-10,0.0403,0.0771,0.0614,0.0495,Current,0,None,0.1831,interest_rate_imputed,balance_change_1m_pct,balance_to_orig_ratio,Standard Portfolio Surveillance,0.8771
LN0045875,2025-01,0.0099,0.0179,0.0237,0.0412,Current,0,None,0.186,credit_score_ordinal,interest_rate_imputed,balance_change_1m_pct,Standard Portfolio Surveillance,0.9525
LN0045878,2023-05,0.0326,0.048,0.0535,0.0495,Current,0,None,0.1705,interest_rate_imputed,balance_change_1m_pct,balance_to_orig_ratio,Standard Portfolio Surveillance,0.893
LN0045902,2025-02,0.0038,0.0059,0.0081,0.0078,Prepaid,0,None,0.7296,balance_change_1m_pct,balance_to_orig_ratio,interest_rate_imputed,Audit & Data Quality Exception Review,0.9838
LN0045909,2024-04,0.0223,0.0571,0.0535,0.0495,Current,0,None,0.2069,credit_score_ordinal,balance_change_1m_pct,interest_rate_imputed,Standard Portfolio Surveillance,0.893
LN0045951,2025-09,0.0345,0.048,0.0261,0.0235,Current,0,None,0.2293,credit_score_ordinal,balance_change_1m_pct,interest_rate_imputed,Standard Portfolio Surveillance,0.9479
LN0045962,2025-12,0.014,0.026,0.011,0.0101,Current,0,None,0.3055,credit_score_ordinal,balance_change_1m_pct,interest_rate_imputed,Standard Portfolio Surveillance,0.9781
LN0045966,2023-06,0.0038,0.0059,0.0081,0.0078,Prepaid,0,None,0.5582,balance_change_1m_pct,balance_to_orig_ratio,interest_rate_imputed,Standard Portfolio Surveillance,0.9838
LN0045969,2024-05,0.0099,0.0179,0.0237,0.0412,Current,0,None,0.4286,balance_change_1m_pct,credit_score_ordinal,interest_rate_imputed,Standard Portfolio Surveillance,0.9525
LN0045976,2025-07,0.0183,0.0309,0.0106,0.0147,Current,0,None,0.3839,dpd_roll_max_6m,credit_score_ordinal,balance_change_1m_pct,Standard Portfolio Surveillance,0.9788
LN0045982,2023-05,0.0038,0.0059,0.0081,0.0078,Prepaid,0,None,0.5364,balance_change_1m_pct,balance_to_orig_ratio,interest_rate_imputed,Standard Portfolio Surveillance,0.9838
LN0045983,2025-01,0.0345,0.048,0.0535,0.0412,Current,0,None,0.22,interest_rate_imputed,balance_change_1m_pct,credit_score_ordinal,Standard Portfolio Surveillance,0.893
LN0045986,2024-10,0.014,0.026,0.0342,0.0412,Current,0,None,0.3084,credit_score_ordinal,interest_rate_imputed,balance_change_1m_pct,Standard Portfolio Surveillance,0.9315
LN0046032,2025-05,0.0326,0.048,0.0261,0.03,Current,0,None,0.1104,interest_rate_imputed,balance_change_1m_pct,balance_to_orig_ratio,Standard Portfolio Surveillance,0.9479
LN0046037,2024-06,0.0942,0.0644,0.0847,0.0412,Current,0,None,0.3951,interest_rate_imputed,balance_change_1m_pct,balance_to_orig_ratio,Standard Portfolio Surveillance,0.8305
LN0046046,2023-12,0.6989,0.6621,0.2999,0.0172,60-89 DPD,0,None,0.6349,days_past_due,dpd_roll_max_6m,balance_change_1m_pct,Active Credit Workout & Pre-Foreclosure Outreach,0.6
LN0046049,2023-07,0.0326,0.048,0.0535,0.0495,30-59 DPD,0,None,0.2974,credit_score_ordinal,balance_change_1m_pct,interest_rate_imputed,Standard Portfolio Surveillance,0.893
LN0046051,2024-01,0.0118,0.0213,0.0237,0.0412,Current,0,None,0.4415,balance_change_1m_pct,credit_score_ordinal,interest_rate_imputed,Standard Portfolio Surveillance,0.9525
LN0046052,2024-08,0.0038,0.0059,0.0081,0.0078,Prepaid,0,None,0.75,balance_change_1m_pct,balance_to_orig_ratio,interest_rate_imputed,Audit & Data Quality Exception Review,0.9838
LN0046067,2023-03,0.0038,0.0059,0.0081,0.0078,Default,1,Data Conflict,0.4796,balance_change_1m_pct,credit_score_ordinal,interest_rate_imputed,Audit & Data Quality Exception Review,0.9838
LN0046109,2024-11,0.0223,0.048,0.0535,0.0412,Current,0,None,0.1971,credit_score_ordinal,interest_rate_imputed,balance_change_1m_pct,Standard Portfolio Surveillance,0.893
LN0046127,2023-06,0.0038,0.0059,0.0081,0.0078,Prepaid,0,None,0.6814,balance_change_1m_pct,balance_to_orig_ratio,interest_rate_imputed,Audit & Data Quality Exception Review,0.9838
LN0046143,2024-03,0.0321,0.0348,0.0234,0.0412,Current,0,None,0.4081,balance_change_1m_pct,credit_score_ordinal,interest_rate_imputed,Standard Portfolio Surveillance,0.9531
LN0046202,2024-07,0.0223,0.048,0.0535,0.0495,Current,0,None,0.1766,credit_score_ordinal,interest_rate_imputed,balance_change_1m_pct,Standard Portfolio Surveillance,0.893
LN0046241,2024-07,0.0099,0.0179,0.0237,0.0495,Current,0,None,0.1494,balance_change_1m_pct,interest_rate_imputed,balance_to_orig_ratio,Standard Portfolio Surveillance,0.9525
LN0046244,2024-07,0.0561,0.1023,0.0847,0.0495,Current,0,None,0.2192,credit_score_ordinal,interest_rate_imputed,balance_to_orig_ratio,Standard Portfolio Surveillance,0.8305
LN0046266,2025-02,0.0223,0.0156,0.0143,0.0147,Current,0,None,0.2702,interest_rate_imputed,credit_score_ordinal,balance_change_1m_pct,Standard Portfolio Surveillance,0.9713
LN0046271,2023-07,0.0038,0.0059,0.0081,0.0078,Default,1,Data Conflict,0.3666,credit_score_ordinal,balance_change_1m_pct,interest_rate_imputed,Audit & Data Quality Exception Review,0.9838
LN0046276,2023-03,0.0038,0.0059,0.0081,0.0078,Default,1,Data Conflict,0.598,days_past_due,dpd_roll_max_6m,interest_rate_imputed,Audit & Data Quality Exception Review,0.9838
LN0046287,2024-05,0.0038,0.0059,0.0081,0.0078,Default,1,Data Conflict,0.5536,days_past_due,dpd_roll_max_6m,interest_rate_imputed,Audit & Data Quality Exception Review,0.9838
LN0046291,2024-01,0.0223,0.048,0.0535,0.0412,Current,0,None,0.2149,credit_score_ordinal,interest_rate_imputed,balance_change_1m_pct,Standard Portfolio Surveillance,0.893
LN0046294,2023-08,0.0038,0.0059,0.0081,0.0078,Default,1,Data Conflict,0.3682,credit_score_ordinal,interest_rate_imputed,balance_change_1m_pct,Audit & Data Quality Exception Review,0.9838
LN0046299,2024-09,0.0099,0.0179,0.0237,0.0412,Current,0,None,0.3989,balance_change_1m_pct,credit_score_ordinal,balance_to_orig_ratio,Standard Portfolio Surveillance,0.9525
LN0046307,2023-03,0.0118,0.0213,0.0237,0.0495,Current,0,None,0.3062,balance_change_1m_pct,credit_score_ordinal,interest_rate_imputed,Standard Portfolio Surveillance,0.9525
LN0046315,2026-02,0.0687,0.0644,0.0143,0.0101,Current,0,None,0.2021,interest_rate_imputed,balance_change_1m_pct,balance_to_orig_ratio,Standard Portfolio Surveillance,0.9713
LN0046330,2025-07,0.0099,0.0179,0.011,0.0235,Current,0,None,0.1705,credit_score_ordinal,interest_rate_imputed,balance_change_1m_pct,Standard Portfolio Surveillance,0.9781
LN0046331,2025-04,0.0099,0.0179,0.011,0.0147,Current,0,None,0.2395,credit_score_ordinal,balance_change_1m_pct,interest_rate_imputed,Standard Portfolio Surveillance,0.9781
LN0046348,2024-05,0.014,0.026,0.0342,0.0412,Current,0,None,0.1473,interest_rate_imputed,balance_change_1m_pct,credit_score_ordinal,Standard Portfolio Surveillance,0.9315
LN0046362,2024-05,0.0326,0.048,0.0535,0.0412,30-59 DPD,0,None,0.1921,credit_score_ordinal,interest_rate_imputed,balance_change_1m_pct,Standard Portfolio Surveillance,0.893
LN0046370,2025-03,0.0326,0.048,0.0143,0.0235,30-59 DPD,0,None,0.3092,credit_score_ordinal,balance_change_1m_pct,interest_rate_imputed,Standard Portfolio Surveillance,0.9713
LN0046383,2023-04,0.0038,0.0059,0.0081,0.0078,Prepaid,0,None,0.7013,balance_change_1m_pct,balance_to_orig_ratio,credit_score_ordinal,Audit & Data Quality Exception Review,0.9838
LN0046385,2025-07,0.0345,0.0156,0.0143,0.0101,Current,0,None,0.2538,credit_score_ordinal,interest_rate_imputed,balance_change_1m_pct,Standard Portfolio Surveillance,0.9713
LN0046386,2024-04,0.0038,0.0059,0.0081,0.0078,Prepaid,0,None,0.5927,balance_change_1m_pct,balance_to_orig_ratio,interest_rate_imputed,Standard Portfolio Surveillance,0.9838
LN0046403,2023-05,0.0223,0.0571,0.0535,0.0495,Current,0,None,0.1455,credit_score_ordinal,balance_change_1m_pct,interest_rate_imputed,Standard Portfolio Surveillance,0.893
LN0046405,2023-11,0.0345,0.0571,0.0535,0.0495,Current,0,None,0.1461,interest_rate_imputed,balance_change_1m_pct,balance_to_orig_ratio,Standard Portfolio Surveillance,0.893
LN0046455,2024-08,0.0099,0.0179,0.0237,0.0495,Current,0,None,0.235,credit_score_ordinal,interest_rate_imputed,balance_change_1m_pct,Standard Portfolio Surveillance,0.9525
LN0046463,2025-09,0.6989,0.6621,0.2064,0.0083,30-59 DPD,0,None,0.5913,days_past_due,dpd_roll_max_6m,credit_score_ordinal,Active Credit Workout & Pre-Foreclosure Outreach,0.6
LN0046469,2023-04,0.0038,0.0059,0.0081,0.0078,Default,1,Data Conflict,0.3835,interest_rate_imputed,balance_change_1m_pct,balance_to_orig_ratio,Audit & Data Quality Exception Review,0.9838
LN0046478,2024-01,0.0038,0.0059,0.0081,0.0078,Default,1,Data Conflict,0.3469,balance_change_1m_pct,credit_score_ordinal,interest_rate_imputed,Audit & Data Quality Exception Review,0.9838
LN0046483,2025-03,0.0099,0.0179,0.0153,0.03,Current,0,None,0.1965,credit_score_ordinal,interest_rate_imputed,balance_change_1m_pct,Standard Portfolio Surveillance,0.9694
LN0046484,2023-07,0.0326,0.048,0.0535,0.0495,Current,0,None,0.1812,credit_score_ordinal,interest_rate_imputed,balance_change_1m_pct,Standard Portfolio Surveillance,0.893
LN0046486,2023-08,0.0038,0.0059,0.0081,0.0078,Default,1,Data Conflict,0.5709,days_past_due,dpd_roll_max_6m,credit_score_ordinal,Audit & Data Quality Exception Review,0.9838
LN0046495,2022-11,0.0038,0.0059,0.0081,0.0078,Prepaid,0,None,0.6573,balance_change_1m_pct,balance_to_orig_ratio,credit_score_ordinal,Audit & Data Quality Exception Review,0.9838
LN0046520,2022-10,0.0038,0.0059,0.0081,0.0078,Default,1,Data Conflict,0.5908,days_past_due,dpd_roll_max_6m,interest_rate_imputed,Audit & Data Quality Exception Review,0.9838
LN0046521,2022-10,0.02,0.0377,0.0237,0.0495,Current,0,None,0.1834,interest_rate_imputed,balance_change_1m_pct,credit_score_ordinal,Standard Portfolio Surveillance,0.9525
LN0046534,2025-02,0.014,0.026,0.011,0.0147,Current,0,None,0.2158,credit_score_ordinal,interest_rate_imputed,balance_change_1m_pct,Standard Portfolio Surveillance,0.9781
LN0046548,2025-01,0.0183,0.0309,0.0106,0.0147,Current,0,None,0.148,interest_rate_imputed,balance_change_1m_pct,balance_to_orig_ratio,Standard Portfolio Surveillance,0.9788
LN0046554,2025-01,0.0175,0.0348,0.0106,0.0101,Current,0,None,0.2354,credit_score_ordinal,interest_rate_imputed,balance_change_1m_pct,Standard Portfolio Surveillance,0.9788
LN0046571,2025-05,0.0345,0.048,0.0261,0.03,Current,0,None,0.5072,balance_change_1m_pct,interest_rate_imputed,credit_score_ordinal,Standard Portfolio Surveillance,0.9479
LN0046587,2024-08,0.0321,0.0648,0.0374,0.0495,Current,0,None,0.2853,interest_rate_imputed,credit_score_ordinal,balance_change_1m_pct,Standard Portfolio Surveillance,0.9252
LN0046593,2025-06,0.0326,0.0156,0.0143,0.0101,Current,0,None,0.723,dpd_roll_max_6m,balance_change_1m_pct,interest_rate_imputed,Audit & Data Quality Exception Review,0.9713
LN0046596,2026-01,0.02,0.0377,0.011,0.0147,Current,0,None,0.345,balance_change_1m_pct,interest_rate_imputed,credit_score_ordinal,Standard Portfolio Surveillance,0.9781
LN0046608,2024-09,0.02,0.0377,0.0342,0.0177,Current,0,None,0.3691,balance_change_1m_pct,interest_rate_imputed,balance_to_orig_ratio,Standard Portfolio Surveillance,0.9315
LN0046615,2024-07,0.0345,0.048,0.0535,0.0412,30-59 DPD,0,None,0.2723,credit_score_ordinal,interest_rate_imputed,balance_change_1m_pct,Standard Portfolio Surveillance,0.893
LN0046619,2024-06,0.0326,0.048,0.0535,0.0412,30-59 DPD,0,None,0.2955,credit_score_ordinal,interest_rate_imputed,balance_change_1m_pct,Standard Portfolio Surveillance,0.893
LN0046627,2025-10,0.0321,0.0348,0.0106,0.0101,Current,0,None,0.394,credit_score_ordinal,balance_change_1m_pct,interest_rate_imputed,Standard Portfolio Surveillance,0.9788
LN0046645,2024-08,0.0345,0.048,0.0261,0.03,Current,0,None,0.273,dpd_roll_max_6m,interest_rate_imputed,balance_change_1m_pct,Standard Portfolio Surveillance,0.9479
LN0046685,2024-01,0.0403,0.0771,0.0614,0.0495,Current,0,None,0.2566,interest_rate_imputed,balance_change_1m_pct,balance_to_orig_ratio,Standard Portfolio Surveillance,0.8771
LN0046702,2025-12,0.0223,0.0156,0.0143,0.0147,Current,0,None,0.2354,credit_score_ordinal,interest_rate_imputed,balance_change_1m_pct,Standard Portfolio Surveillance,0.9713
LN0046748,2024-07,0.0175,0.0648,0.0374,0.0412,Current,0,None,0.6036,dpd_roll_max_6m,days_past_due,credit_score_ordinal,Standard Portfolio Surveillance,0.9252
LN0046755,2025-04,0.0345,0.048,0.0535,0.0412,Current,0,None,0.2528,credit_score_ordinal,interest_rate_imputed,balance_change_1m_pct,Standard Portfolio Surveillance,0.893
LN0046776,2024-07,0.0175,0.0348,0.0374,0.0495,30-59 DPD,0,None,0.362,credit_score_ordinal,interest_rate_imputed,balance_change_1m_pct,Standard Portfolio Surveillance,0.9252
LN0046781,2023-05,0.0038,0.0059,0.0081,0.0078,Default,1,Data Conflict,0.628,days_past_due,dpd_roll_max_6m,credit_score_ordinal,Audit & Data Quality Exception Review,0.9838
LN0046786,2023-10,0.0223,0.048,0.0535,0.0495,Current,0,None,0.1896,interest_rate_imputed,balance_change_1m_pct,credit_score_ordinal,Standard Portfolio Surveillance,0.893
LN0046815,2025-04,0.02,0.0377,0.0237,0.0412,Current,0,None,0.361,interest_rate_imputed,balance_change_1m_pct,credit_score_ordinal,Standard Portfolio Surveillance,0.9525
LN0046823,2023-11,0.0403,0.0771,0.0614,0.0412,Current,0,None,0.2183,credit_score_ordinal,interest_rate_imputed,balance_change_1m_pct,Standard Portfolio Surveillance,0.8771
LN0046839,2024-12,0.0326,0.048,0.0261,0.03,Current,0,None,0.2333,interest_rate_imputed,credit_score_ordinal,balance_change_1m_pct,Standard Portfolio Surveillance,0.9479
LN0046843,2024-02,0.0326,0.048,0.0535,0.0412,Current,0,None,0.285,credit_score_ordinal,balance_change_1m_pct,interest_rate_imputed,Standard Portfolio Surveillance,0.893
LN0046854,2024-05,0.0038,0.0059,0.0081,0.0078,Prepaid,0,None,0.6098,balance_change_1m_pct,balance_to_orig_ratio,credit_score_ordinal,Standard Portfolio Surveillance,0.9838
LN0046886,2023-05,0.0326,0.0887,0.0535,0.0495,Current,0,None,0.2398,credit_score_ordinal,interest_rate_imputed,balance_change_1m_pct,Standard Portfolio Surveillance,0.893
LN0046892,2024-02,0.0485,0.0887,0.0535,0.0495,Current,0,None,0.2259,credit_score_ordinal,balance_change_1m_pct,interest_rate_imputed,Standard Portfolio Surveillance,0.893
LN0046903,2024-11,0.0175,0.0348,0.0374,0.0412,Current,0,None,0.1899,interest_rate_imputed,balance_change_1m_pct,balance_to_orig_ratio,Standard Portfolio Surveillance,0.9252
LN0046920,2024-02,0.0345,0.048,0.0535,0.0177,Current,0,None,0.2716,interest_rate_imputed,balance_change_1m_pct,credit_score_ordinal,Standard Portfolio Surveillance,0.893
LN0046936,2025-04,0.0403,0.0771,0.0614,0.0412,Current,0,None,0.3934,days_past_due,dpd_roll_max_6m,credit_score_ordinal,Standard Portfolio Surveillance,0.8771
LN0046945,2025-06,0.014,0.026,0.0153,0.0235,Current,0,None,0.2625,interest_rate_imputed,balance_change_1m_pct,balance_to_orig_ratio,Standard Portfolio Surveillance,0.9694
LN0046954,2023-08,0.0038,0.0059,0.0081,0.0078,Prepaid,0,None,0.6583,balance_change_1m_pct,balance_to_orig_ratio,credit_score_ordinal,Audit & Data Quality Exception Review,0.9838
LN0046956,2024-04,0.0403,0.0771,0.0614,0.0495,30-59 DPD,0,None,0.2595,credit_score_ordinal,balance_change_1m_pct,interest_rate_imputed,Standard Portfolio Surveillance,0.8771
LN0046991,2023-07,0.0118,0.0213,0.0237,0.0495,Current,0,None,0.3286,balance_change_1m_pct,credit_score_ordinal,interest_rate_imputed,Standard Portfolio Surveillance,0.9525
LN0047005,2023-12,0.0403,0.0771,0.0614,0.0412,Current,0,None,0.515,dpd_roll_max_6m,credit_score_ordinal,interest_rate_imputed,Standard Portfolio Surveillance,0.8771
LN0047009,2025-10,0.0687,0.0644,0.0261,0.0235,Current,0,None,0.3025,credit_score_ordinal,interest_rate_imputed,balance_change_1m_pct,Standard Portfolio Surveillance,0.9479
LN0047018,2025-03,0.0099,0.0179,0.011,0.0101,Current,0,None,0.4751,balance_change_1m_pct,credit_score_ordinal,interest_rate_imputed,Standard Portfolio Surveillance,0.9781
LN0047020,2025-09,0.0326,0.0156,0.0143,0.0101,Current,0,None,0.209,interest_rate_imputed,balance_to_orig_ratio,balance_change_1m_pct,Standard Portfolio Surveillance,0.9713
LN0047033,2024-01,0.0223,0.048,0.0535,0.0412,Current,0,None,0.1489,interest_rate_imputed,balance_change_1m_pct,balance_to_orig_ratio,Standard Portfolio Surveillance,0.893
LN0047034,2025-03,0.0223,0.0156,0.0143,0.0101,Current,0,None,0.3631,balance_change_1m_pct,interest_rate_imputed,balance_to_orig_ratio,Standard Portfolio Surveillance,0.9713
LN0047046,2024-07,0.0038,0.0059,0.0081,0.0078,Default,1,Data Conflict,0.261,credit_score_ordinal,interest_rate_imputed,balance_change_1m_pct,Audit & Data Quality Exception Review,0.9838
LN0047055,2023-08,0.0038,0.0059,0.0081,0.0078,Prepaid,0,None,0.7102,balance_change_1m_pct,balance_to_orig_ratio,interest_rate_imputed,Audit & Data Quality Exception Review,0.9838
LN0047122,2023-07,0.014,0.026,0.0342,0.0495,Current,0,None,0.1775,credit_score_ordinal,interest_rate_imputed,balance_change_1m_pct,Standard Portfolio Surveillance,0.9315
LN0047123,2024-03,0.0223,0.048,0.0535,0.0412,Current,0,None,0.3999,balance_change_1m_pct,credit_score_ordinal,interest_rate_imputed,Standard Portfolio Surveillance,0.893
LN0047125,2023-05,0.0038,0.0059,0.0081,0.0078,Default,1,Data Conflict,0.6818,dpd_roll_max_6m,interest_rate_imputed,credit_score_ordinal,Audit & Data Quality Exception Review,0.9838
LN0047153,2025-02,0.0038,0.0059,0.0081,0.0078,Prepaid,0,None,0.6967,balance_change_1m_pct,balance_to_orig_ratio,interest_rate_imputed,Audit & Data Quality Exception Review,0.9838
LN0047168,2024-07,0.0099,0.0179,0.0237,0.0495,Current,0,None,0.12,interest_rate_imputed,balance_change_1m_pct,balance_to_orig_ratio,Standard Portfolio Surveillance,0.9525
LN0047178,2025-03,0.0175,0.0648,0.0106,0.0101,Current,0,None,0.2684,credit_score_ordinal,balance_change_1m_pct,interest_rate_imputed,Standard Portfolio Surveillance,0.9788
LN0047182,2024-08,0.0687,0.0644,0.0847,0.0177,Current,0,None,0.3398,balance_change_1m_pct,interest_rate_imputed,balance_to_orig_ratio,Standard Portfolio Surveillance,0.8305
LN0047204,2023-12,0.0223,0.048,0.0535,0.0412,Current,0,None,0.4443,dpd_roll_max_6m,credit_score_ordinal,interest_rate_imputed,Standard Portfolio Surveillance,0.893
LN0047223,2024-10,0.0099,0.0179,0.0237,0.0412,Current,0,None,0.2876,credit_score_ordinal,interest_rate_imputed,balance_change_1m_pct,Standard Portfolio Surveillance,0.9525
LN0047239,2025-03,0.0038,0.0059,0.0081,0.0078,Prepaid,0,None,0.7563,balance_change_1m_pct,balance_to_orig_ratio,credit_score_ordinal,Audit & Data Quality Exception Review,0.9838
LN0047249,2024-04,0.0038,0.0059,0.0081,0.0078,Prepaid,0,None,0.6815,balance_change_1m_pct,balance_to_orig_ratio,credit_score_ordinal,Audit & Data Quality Exception Review,0.9838
LN0047257,2025-02,0.02,0.0377,0.0342,0.0412,Current,0,None,0.3811,balance_change_1m_pct,credit_score_ordinal,interest_rate_imputed,Standard Portfolio Surveillance,0.9315
LN0047265,2024-04,0.0942,0.1674,0.0847,0.0495,Current,0,None,0.2535,balance_change_1m_pct,interest_rate_imputed,balance_to_orig_ratio,Standard Portfolio Surveillance,0.8305
LN0047290,2025-06,0.0273,0.0644,0.0261,0.03,Prepaid,0,None,0.2936,credit_score_ordinal,interest_rate_imputed,balance_change_1m_pct,Standard Portfolio Surveillance,0.9479
LN0047292,2022-11,0.0485,0.0887,0.0535,0.0495,Current,0,None,0.1873,interest_rate_imputed,credit_score_ordinal,balance_change_1m_pct,Standard Portfolio Surveillance,0.893
LN0047298,2025-07,0.0345,0.048,0.0261,0.0235,30-59 DPD,0,None,0.249,balance_change_1m_pct,credit_score_ordinal,interest_rate_imputed,Standard Portfolio Surveillance,0.9479
LN0047300,2024-12,0.0223,0.0156,0.0143,0.0147,Current,0,None,0.1974,credit_score_ordinal,interest_rate_imputed,balance_change_1m_pct,Standard Portfolio Surveillance,0.9713
LN0047305,2024-05,0.0038,0.0059,0.0081,0.0078,Default,1,Data Conflict,0.446,balance_change_1m_pct,credit_score_ordinal,interest_rate_imputed,Audit & Data Quality Exception Review,0.9838
LN0047348,2022-11,0.0038,0.0059,0.0081,0.0078,Prepaid,0,None,0.6766,balance_change_1m_pct,balance_to_orig_ratio,credit_score_ordinal,Audit & Data Quality Exception Review,0.9838
LN0047357,2024-02,0.0099,0.0179,0.0237,0.0495,Current,0,None,0.1983,interest_rate_imputed,balance_change_1m_pct,credit_score_ordinal,Standard Portfolio Surveillance,0.9525
LN0047370,2025-03,0.0223,0.048,0.0535,0.0412,Current,0,None,0.1232,interest_rate_imputed,balance_change_1m_pct,credit_score_ordinal,Standard Portfolio Surveillance,0.893
LN0047372,2023-08,0.0485,0.0887,0.0535,0.0495,Current,0,None,0.109,credit_score_ordinal,interest_rate_imputed,balance_change_1m_pct,Standard Portfolio Surveillance,0.893
LN0047380,2024-06,0.0223,0.048,0.0535,0.0412,30-59 DPD,0,None,0.2096,credit_score_ordinal,interest_rate_imputed,balance_change_1m_pct,Standard Portfolio Surveillance,0.893
LN0047383,2024-12,0.014,0.026,0.0342,0.0412,30-59 DPD,0,None,0.2845,credit_score_ordinal,interest_rate_imputed,balance_change_1m_pct,Standard Portfolio Surveillance,0.9315
LN0047437,2022-07,0.0038,0.0059,0.0081,0.0078,Prepaid,0,None,0.5676,balance_change_1m_pct,balance_to_orig_ratio,interest_rate_imputed,Standard Portfolio Surveillance,0.9838
LN0047441,2024-05,0.014,0.026,0.0342,0.0412,Current,0,None,0.1814,interest_rate_imputed,credit_score_ordinal,balance_change_1m_pct,Standard Portfolio Surveillance,0.9315
LN0047462,2025-01,0.0326,0.048,0.0261,0.03,Current,0,None,0.3015,credit_score_ordinal,interest_rate_imputed,balance_change_1m_pct,Standard Portfolio Surveillance,0.9479
LN0047485,2024-04,0.014,0.026,0.0342,0.0412,Current,0,None,0.1727,credit_score_ordinal,interest_rate_imputed,balance_change_1m_pct,Standard Portfolio Surveillance,0.9315
LN0047494,2022-11,0.02,0.0377,0.0342,0.0495,Current,0,None,0.164,credit_score_ordinal,interest_rate_imputed,balance_change_1m_pct,Standard Portfolio Surveillance,0.9315
LN0047497,2024-09,0.0326,0.048,0.0535,0.0412,Current,0,None,0.4043,balance_change_1m_pct,credit_score_ordinal,balance_to_orig_ratio,Standard Portfolio Surveillance,0.893
LN0047498,2024-06,0.014,0.026,0.0245,0.0235,Current,0,None,0.4176,balance_change_1m_pct,interest_rate_imputed,balance_to_orig_ratio,Standard Portfolio Surveillance,0.9509
LN0047502,2025-02,0.0403,0.0771,0.0614,0.0612,Current,0,None,0.3025,credit_score_ordinal,interest_rate_imputed,balance_change_1m_pct,Standard Portfolio Surveillance,0.8771
LN0047542,2023-12,0.0175,0.0348,0.0374,0.0495,Current,0,None,0.1012,credit_score_ordinal,balance_change_1m_pct,interest_rate_imputed,Standard Portfolio Surveillance,0.9252
LN0047547,2025-02,0.0099,0.0179,0.0237,0.0412,Current,0,None,0.1913,interest_rate_imputed,balance_change_1m_pct,balance_to_orig_ratio,Standard Portfolio Surveillance,0.9525
LN0047560,2024-06,0.0175,0.0348,0.0234,0.0495,Current,0,None,0.3249,balance_change_1m_pct,interest_rate_imputed,credit_score_ordinal,Standard Portfolio Surveillance,0.9531
LN0047571,2025-09,0.0038,0.0059,0.0081,0.0078,Prepaid,0,None,0.8086,balance_change_1m_pct,balance_to_orig_ratio,credit_score_ordinal,Audit & Data Quality Exception Review,0.9838
LN0047581,2024-06,0.02,0.0377,0.0237,0.0412,Current,0,None,0.2687,credit_score_ordinal,interest_rate_imputed,balance_change_1m_pct,Standard Portfolio Surveillance,0.9525
LN0047582,2023-05,0.014,0.026,0.0342,0.0495,Current,0,None,0.0651,credit_score_ordinal,balance_change_1m_pct,interest_rate_imputed,Standard Portfolio Surveillance,0.9315
LN0047589,2022-11,0.0321,0.0348,0.0374,0.0495,Current,0,None,0.2256,credit_score_ordinal,interest_rate_imputed,balance_change_1m_pct,Standard Portfolio Surveillance,0.9252
LN0047617,2025-01,0.0175,0.0348,0.0234,0.0235,30-59 DPD,0,None,0.3108,credit_score_ordinal,interest_rate_imputed,balance_change_1m_pct,Standard Portfolio Surveillance,0.9531
LN0047619,2023-11,0.0345,0.0571,0.0535,0.0355,Current,0,None,0.2151,dpd_roll_max_6m,interest_rate_imputed,balance_change_1m_pct,Standard Portfolio Surveillance,0.893
LN0047647,2023-08,0.02,0.0377,0.0237,0.0495,Current,0,None,0.2255,credit_score_ordinal,interest_rate_imputed,balance_change_1m_pct,Standard Portfolio Surveillance,0.9525
LN0047667,2024-04,0.014,0.026,0.0342,0.0495,Current,0,None,0.1618,interest_rate_imputed,balance_change_1m_pct,balance_to_orig_ratio,Standard Portfolio Surveillance,0.9315
LN0047668,2022-09,0.0038,0.0059,0.0081,0.0078,Default,1,Data Conflict,0.3134,credit_score_ordinal,balance_change_1m_pct,interest_rate_imputed,Audit & Data Quality Exception Review,0.9838
LN0047689,2025-12,0.014,0.026,0.011,0.0235,Current,0,None,0.3057,interest_rate_imputed,balance_change_1m_pct,balance_to_orig_ratio,Standard Portfolio Surveillance,0.9781
LN0047700,2024-07,0.0326,0.048,0.0535,0.0412,Current,0,None,0.2836,balance_change_1m_pct,credit_score_ordinal,interest_rate_imputed,Standard Portfolio Surveillance,0.893
LN0047703,2025-04,0.0326,0.0156,0.0143,0.0101,Current,0,None,0.4141,credit_score_ordinal,balance_change_1m_pct,interest_rate_imputed,Standard Portfolio Surveillance,0.9713
LN0047704,2023-04,0.0223,0.0571,0.0535,0.0495,Current,0,None,0.2078,credit_score_ordinal,balance_change_1m_pct,balance_to_orig_ratio,Standard Portfolio Surveillance,0.893
LN0047730,2024-03,0.0561,0.1023,0.0847,0.0495,30-59 DPD,0,None,0.1621,credit_score_ordinal,interest_rate_imputed,balance_change_1m_pct,Standard Portfolio Surveillance,0.8305
LN0047753,2024-05,0.0321,0.0348,0.0374,0.0495,Current,0,None,0.3479,balance_change_1m_pct,interest_rate_imputed,balance_to_orig_ratio,Standard Portfolio Surveillance,0.9252
LN0047778,2024-12,0.0326,0.048,0.0261,0.03,Current,0,None,0.2175,credit_score_ordinal,interest_rate_imputed,balance_change_1m_pct,Standard Portfolio Surveillance,0.9479
LN0047788,2023-12,0.0326,0.048,0.0535,0.0495,30-59 DPD,0,None,0.2326,credit_score_ordinal,interest_rate_imputed,balance_change_1m_pct,Standard Portfolio Surveillance,0.893
LN0047808,2024-03,0.0223,0.048,0.0261,0.03,Current,0,None,0.1395,credit_score_ordinal,balance_change_1m_pct,balance_to_orig_ratio,Standard Portfolio Surveillance,0.9479
LN0047811,2023-09,0.0038,0.0059,0.0081,0.0078,Default,1,Data Conflict,0.3511,interest_rate_imputed,balance_change_1m_pct,balance_to_orig_ratio,Audit & Data Quality Exception Review,0.9838
LN0047821,2023-07,0.0321,0.0648,0.0374,0.0495,Current,0,None,0.2183,credit_score_ordinal,balance_change_1m_pct,interest_rate_imputed,Standard Portfolio Surveillance,0.9252
LN0047825,2025-01,0.0038,0.0059,0.0081,0.0078,Default,1,Data Conflict,0.4534,balance_change_1m_pct,credit_score_ordinal,interest_rate_imputed,Audit & Data Quality Exception Review,0.9838
LN0047832,2025-03,0.6989,0.6621,0.2896,0.0172,60-89 DPD,0,None,0.2542,interest_rate_imputed,balance_change_1m_pct,balance_to_orig_ratio,Active Credit Workout & Pre-Foreclosure Outreach,0.6
LN0047852,2025-03,0.02,0.0377,0.011,0.0101,Current,0,None,0.3165,balance_change_1m_pct,interest_rate_imputed,credit_score_ordinal,Standard Portfolio Surveillance,0.9781
LN0047922,2024-09,0.014,0.026,0.0153,0.0235,Current,0,None,0.1918,interest_rate_imputed,balance_change_1m_pct,balance_to_orig_ratio,Standard Portfolio Surveillance,0.9694
LN0047948,2023-10,0.0038,0.0059,0.0081,0.0078,Prepaid,0,None,0.6512,balance_change_1m_pct,balance_to_orig_ratio,credit_score_ordinal,Audit & Data Quality Exception Review,0.9838
LN0047953,2024-02,0.0326,0.048,0.0535,0.0412,Current,0,None,0.2722,interest_rate_imputed,balance_change_1m_pct,balance_to_orig_ratio,Standard Portfolio Surveillance,0.893
LN0047960,2023-07,0.0345,0.0571,0.0535,0.0495,30-59 DPD,0,None,0.1522,credit_score_ordinal,interest_rate_imputed,balance_change_1m_pct,Standard Portfolio Surveillance,0.893
LN0047968,2025-01,0.014,0.026,0.0342,0.0412,Current,0,None,0.253,balance_change_1m_pct,credit_score_ordinal,interest_rate_imputed,Standard Portfolio Surveillance,0.9315
LN0047974,2024-05,0.0561,0.1023,0.0847,0.0495,Current,0,None,0.1096,interest_rate_imputed,balance_change_1m_pct,balance_to_orig_ratio,Standard Portfolio Surveillance,0.8305
LN0048000,2022-12,0.0038,0.0059,0.0081,0.0078,Prepaid,0,None,0.5961,balance_change_1m_pct,balance_to_orig_ratio,credit_score_ordinal,Standard Portfolio Surveillance,0.9838
LN0048003,2024-05,0.0118,0.0213,0.0237,0.0412,Current,0,None,0.2116,interest_rate_imputed,balance_change_1m_pct,balance_to_orig_ratio,Standard Portfolio Surveillance,0.9525
LN0048017,2023-11,0.02,0.0377,0.0342,0.0495,Current,0,None,0.1743,interest_rate_imputed,credit_score_ordinal,balance_change_1m_pct,Standard Portfolio Surveillance,0.9315
LN0048022,2024-12,0.0345,0.048,0.0261,0.03,30-59 DPD,0,None,0.3573,credit_score_ordinal,interest_rate_imputed,balance_change_1m_pct,Standard Portfolio Surveillance,0.9479
LN0048059,2025-08,0.0345,0.0156,0.0143,0.0147,Current,0,None,0.2659,interest_rate_imputed,balance_to_orig_ratio,balance_change_1m_pct,Standard Portfolio Surveillance,0.9713
LN0048097,2023-12,0.0345,0.0571,0.0535,0.0495,Current,0,None,0.1287,balance_change_1m_pct,interest_rate_imputed,balance_to_orig_ratio,Standard Portfolio Surveillance,0.893
LN0048111,2024-04,0.0321,0.0648,0.0374,0.0412,Current,0,None,0.1923,interest_rate_imputed,balance_change_1m_pct,balance_to_orig_ratio,Standard Portfolio Surveillance,0.9252
LN0048112,2023-07,0.0038,0.0059,0.0081,0.0078,Default,1,Data Conflict,0.3547,credit_score_ordinal,interest_rate_imputed,balance_change_1m_pct,Audit & Data Quality Exception Review,0.9838
LN0048128,2024-09,0.0038,0.0059,0.0081,0.0078,Prepaid,0,None,0.6164,balance_change_1m_pct,balance_to_orig_ratio,interest_rate_imputed,Standard Portfolio Surveillance,0.9838
LN0048134,2024-05,0.02,0.0377,0.0237,0.0495,Current,0,None,0.111,credit_score_ordinal,interest_rate_imputed,balance_change_1m_pct,Standard Portfolio Surveillance,0.9525
LN0048139,2025-07,0.02,0.0377,0.011,0.0235,Current,0,None,0.2904,balance_change_1m_pct,interest_rate_imputed,balance_to_orig_ratio,Standard Portfolio Surveillance,0.9781
LN0048177,2024-02,0.0099,0.0179,0.0237,0.0412,Current,0,None,0.3697,credit_score_ordinal,interest_rate_imputed,balance_change_1m_pct,Standard Portfolio Surveillance,0.9525
LN0048206,2026-05,0.02,0.0377,0.0222,0.0101,Current,0,None,0.4516,balance_change_1m_pct,balance_to_orig_ratio,interest_rate_imputed,Standard Portfolio Surveillance,0.9557
LN0048208,2023-05,0.0561,0.1023,0.0847,0.0495,Current,0,None,0.1418,interest_rate_imputed,balance_change_1m_pct,credit_score_ordinal,Standard Portfolio Surveillance,0.8305
LN0048226,2024-04,0.02,0.0377,0.0153,0.0235,Current,0,None,0.147,credit_score_ordinal,interest_rate_imputed,balance_change_1m_pct,Standard Portfolio Surveillance,0.9694
LN0048239,2023-09,0.0223,0.0571,0.0535,0.0495,Current,0,None,0.2619,credit_score_ordinal,balance_change_1m_pct,interest_rate_imputed,Standard Portfolio Surveillance,0.893
LN0048247,2023-04,0.0038,0.0059,0.0081,0.0078,Prepaid,0,None,0.6928,balance_change_1m_pct,balance_to_orig_ratio,interest_rate_imputed,Audit & Data Quality Exception Review,0.9838
LN0048261,2023-05,0.0038,0.0059,0.0081,0.0078,Default,1,Data Conflict,0.3394,interest_rate_imputed,credit_score_ordinal,balance_change_1m_pct,Audit & Data Quality Exception Review,0.9838
LN0048276,2025-01,0.0345,0.048,0.0261,0.03,Current,0,None,0.1847,interest_rate_imputed,balance_change_1m_pct,credit_score_ordinal,Standard Portfolio Surveillance,0.9479
LN0048277,2023-04,0.0038,0.0059,0.0081,0.0078,Default,1,Data Conflict,0.6607,days_past_due,dpd_roll_max_6m,credit_score_ordinal,Audit & Data Quality Exception Review,0.9838
LN0048294,2025-11,0.014,0.026,0.011,0.0147,Current,0,None,0.2086,credit_score_ordinal,interest_rate_imputed,balance_change_1m_pct,Standard Portfolio Surveillance,0.9781
LN0048305,2023-01,0.0038,0.0059,0.0081,0.0078,Prepaid,0,None,0.7166,balance_change_1m_pct,balance_to_orig_ratio,credit_score_ordinal,Audit & Data Quality Exception Review,0.9838
LN0048311,2023-10,0.0099,0.0179,0.0237,0.0495,Current,0,None,0.3219,credit_score_ordinal,interest_rate_imputed,balance_change_1m_pct,Standard Portfolio Surveillance,0.9525
LN0048333,2023-06,0.0038,0.0059,0.0081,0.0078,Prepaid,0,None,0.677,balance_change_1m_pct,balance_to_orig_ratio,credit_score_ordinal,Audit & Data Quality Exception Review,0.9838
LN0048355,2023-12,0.0175,0.0648,0.0374,0.0412,Current,0,None,0.157,interest_rate_imputed,balance_change_1m_pct,balance_to_orig_ratio,Standard Portfolio Surveillance,0.9252
LN0048373,2023-10,0.02,0.0377,0.0237,0.0495,Current,0,None,0.3029,balance_change_1m_pct,credit_score_ordinal,interest_rate_imputed,Standard Portfolio Surveillance,0.9525
LN0048377,2026-05,0.0345,0.0156,0.0143,0.0101,Current,0,None,0.7086,dpd_roll_max_6m,credit_score_ordinal,interest_rate_imputed,Audit & Data Quality Exception Review,0.9713
LN0048388,2024-09,0.0175,0.0648,0.0374,0.0412,Current,0,None,0.1914,credit_score_ordinal,interest_rate_imputed,balance_change_1m_pct,Standard Portfolio Surveillance,0.9252
LN0048424,2024-02,0.0485,0.0887,0.0535,0.0495,Current,0,None,0.0999,credit_score_ordinal,interest_rate_imputed,balance_change_1m_pct,Standard Portfolio Surveillance,0.893
LN0048441,2024-02,0.0942,0.0644,0.0847,0.0412,Current,0,None,0.2735,interest_rate_imputed,balance_change_1m_pct,balance_to_orig_ratio,Standard Portfolio Surveillance,0.8305
LN0048465,2023-08,0.0326,0.048,0.0535,0.0495,Current,0,None,0.2339,interest_rate_imputed,balance_change_1m_pct,balance_to_orig_ratio,Standard Portfolio Surveillance,0.893
LN0048469,2024-06,0.0099,0.0179,0.011,0.0235,Current,0,None,0.2239,balance_change_1m_pct,interest_rate_imputed,balance_to_orig_ratio,Standard Portfolio Surveillance,0.9781
LN0048472,2023-09,0.0403,0.0771,0.0614,0.0495,Current,0,None,0.1539,credit_score_ordinal,balance_change_1m_pct,interest_rate_imputed,Standard Portfolio Surveillance,0.8771
LN0048485,2023-07,0.02,0.0377,0.0342,0.0355,Current,0,None,0.3991,days_past_due,dpd_roll_max_6m,balance_change_1m_pct,Standard Portfolio Surveillance,0.9315
LN0048494,2022-02,0.02,0.0377,0.0342,0.0412,Current,1,Date Anomaly,0.1034,credit_score_ordinal,interest_rate_imputed,balance_change_1m_pct,Audit & Data Quality Exception Review,0.9315
LN0048504,2023-04,0.0345,0.0571,0.0535,0.0495,Current,0,None,0.1052,credit_score_ordinal,balance_change_1m_pct,interest_rate_imputed,Standard Portfolio Surveillance,0.893
LN0048512,2023-10,0.0326,0.0887,0.0535,0.0495,Current,0,None,0.1883,interest_rate_imputed,credit_score_ordinal,balance_change_1m_pct,Standard Portfolio Surveillance,0.893
LN0048530,2023-09,0.0345,0.048,0.0535,0.0495,Current,0,None,0.2141,interest_rate_imputed,balance_change_1m_pct,balance_to_orig_ratio,Standard Portfolio Surveillance,0.893
LN0048538,2024-07,0.02,0.0377,0.0237,0.0412,Current,0,None,0.3241,balance_change_1m_pct,interest_rate_imputed,balance_to_orig_ratio,Standard Portfolio Surveillance,0.9525
LN0048563,2023-03,0.02,0.0377,0.0342,0.0495,Current,0,None,0.2284,credit_score_ordinal,interest_rate_imputed,balance_change_1m_pct,Standard Portfolio Surveillance,0.9315
LN0048568,2023-02,0.0175,0.0648,0.0374,0.0495,Current,0,None,0.1369,credit_score_ordinal,interest_rate_imputed,balance_change_1m_pct,Standard Portfolio Surveillance,0.9252
LN0048588,2024-12,0.6989,0.6621,0.0081,0.0078,90+ DPD,0,None,0.9025,days_past_due,dpd_roll_max_6m,balance_change_1m_pct,Audit & Data Quality Exception Review,0.9838
LN0048599,2025-07,0.0038,0.0059,0.0081,0.0078,Default,0,None,0.639,days_past_due,dpd_roll_max_6m,balance_change_1m_pct,Standard Portfolio Surveillance,0.9838
LN0048600,2025-01,0.0099,0.0179,0.0245,0.0235,Current,0,None,0.2567,credit_score_ordinal,interest_rate_imputed,balance_change_1m_pct,Standard Portfolio Surveillance,0.9509
LN0048631,2023-10,0.0345,0.048,0.0535,0.0412,Current,0,None,0.211,balance_change_1m_pct,interest_rate_imputed,balance_to_orig_ratio,Standard Portfolio Surveillance,0.893
LN0048633,2024-06,0.02,0.0377,0.0342,0.0412,30-59 DPD,0,None,0.187,credit_score_ordinal,interest_rate_imputed,balance_change_1m_pct,Standard Portfolio Surveillance,0.9315
LN0048647,2024-12,0.0038,0.0059,0.0081,0.0078,Default,1,Data Conflict,0.3197,credit_score_ordinal,interest_rate_imputed,balance_change_1m_pct,Audit & Data Quality Exception Review,0.9838
LN0048678,2026-04,0.0326,0.0156,0.0143,0.0101,Current,0,None,0.2408,balance_change_1m_pct,balance_to_orig_ratio,interest_rate_imputed,Standard Portfolio Surveillance,0.9713
LN0048680,2024-09,0.0118,0.0213,0.0153,0.0235,Current,0,None,0.3442,credit_score_ordinal,interest_rate_imputed,balance_change_1m_pct,Standard Portfolio Surveillance,0.9694
LN0048712,2024-11,0.0326,0.048,0.0535,0.0412,Current,0,None,0.2744,credit_score_ordinal,interest_rate_imputed,balance_change_1m_pct,Standard Portfolio Surveillance,0.893
LN0048714,2025-01,0.0326,0.048,0.0535,0.0412,Current,0,None,0.1453,interest_rate_imputed,balance_change_1m_pct,balance_to_orig_ratio,Standard Portfolio Surveillance,0.893
LN0048715,2023-01,0.0038,0.0059,0.0081,0.0078,Default,1,Data Conflict,0.3631,interest_rate_imputed,balance_change_1m_pct,balance_to_orig_ratio,Audit & Data Quality Exception Review,0.9838
LN0048726,2024-10,0.0326,0.048,0.0535,0.0412,Current,0,None,0.2427,credit_score_ordinal,balance_to_orig_ratio,balance_change_1m_pct,Standard Portfolio Surveillance,0.893
LN0048732,2022-09,0.0038,0.0059,0.0081,0.0078,Prepaid,0,None,0.6713,balance_change_1m_pct,balance_to_orig_ratio,credit_score_ordinal,Audit & Data Quality Exception Review,0.9838
LN0048774,2022-11,0.0345,0.0571,0.0535,0.0495,30-59 DPD,0,None,0.1534,balance_change_1m_pct,credit_score_ordinal,interest_rate_imputed,Standard Portfolio Surveillance,0.893
LN0048800,2023-06,0.0223,0.0571,0.0535,0.0495,Current,0,None,0.1081,credit_score_ordinal,balance_change_1m_pct,interest_rate_imputed,Standard Portfolio Surveillance,0.893
LN0048820,2024-05,0.014,0.026,0.0342,0.0495,Current,0,None,0.1384,credit_score_ordinal,interest_rate_imputed,balance_change_1m_pct,Standard Portfolio Surveillance,0.9315
LN0048828,2024-12,0.0403,0.0309,0.0234,0.03,Current,0,None,0.2155,credit_score_ordinal,interest_rate_imputed,balance_change_1m_pct,Standard Portfolio Surveillance,0.9531
LN0048847,2023-08,0.0038,0.0059,0.0081,0.0078,Default,1,Data Conflict,0.697,days_past_due,dpd_roll_max_6m,balance_change_1m_pct,Audit & Data Quality Exception Review,0.9838
LN0048868,2024-09,0.0038,0.0059,0.0081,0.0078,Prepaid,0,None,0.5922,balance_change_1m_pct,balance_to_orig_ratio,interest_rate_imputed,Standard Portfolio Surveillance,0.9838
LN0048873,2024-07,0.0183,0.0309,0.0234,0.0235,Current,0,None,0.4526,balance_change_1m_pct,credit_score_ordinal,interest_rate_imputed,Standard Portfolio Surveillance,0.9531
LN0048887,2023-08,0.014,0.026,0.0342,0.0495,Current,0,None,0.262,interest_rate_imputed,credit_score_ordinal,balance_change_1m_pct,Standard Portfolio Surveillance,0.9315
LN0048895,2023-10,0.0345,0.048,0.0535,0.0412,Current,0,None,0.373,balance_change_1m_pct,credit_score_ordinal,balance_to_orig_ratio,Standard Portfolio Surveillance,0.893
LN0048896,2022-03,0.0038,0.0059,0.0081,0.0078,Prepaid,0,None,0.5213,balance_change_1m_pct,balance_to_orig_ratio,credit_score_ordinal,Standard Portfolio Surveillance,0.9838
LN0048908,2022-11,0.0038,0.0059,0.0081,0.0078,Prepaid,0,None,0.6566,balance_change_1m_pct,balance_to_orig_ratio,credit_score_ordinal,Audit & Data Quality Exception Review,0.9838
LN0048937,2024-06,0.0345,0.048,0.0535,0.0412,Current,0,None,0.2684,balance_change_1m_pct,credit_score_ordinal,balance_to_orig_ratio,Standard Portfolio Surveillance,0.893
LN0048945,2025-08,0.0099,0.0179,0.0245,0.03,Current,0,None,0.4157,balance_change_1m_pct,balance_to_orig_ratio,interest_rate_imputed,Standard Portfolio Surveillance,0.9509
LN0048948,2026-01,0.0183,0.0309,0.0106,0.0147,Current,0,None,0.1866,credit_score_ordinal,interest_rate_imputed,balance_to_orig_ratio,Standard Portfolio Surveillance,0.9788
LN0048951,2024-08,0.0118,0.0213,0.0237,0.0495,Current,0,None,0.3333,balance_change_1m_pct,credit_score_ordinal,interest_rate_imputed,Standard Portfolio Surveillance,0.9525
LN0048956,2024-01,0.0403,0.0771,0.0614,0.0495,Current,0,None,0.1982,interest_rate_imputed,balance_change_1m_pct,balance_to_orig_ratio,Standard Portfolio Surveillance,0.8771
LN0048967,2025-04,0.014,0.026,0.0153,0.03,Current,0,None,0.441,balance_change_1m_pct,credit_score_ordinal,interest_rate_imputed,Standard Portfolio Surveillance,0.9694
LN0048973,2024-06,0.0099,0.0179,0.0153,0.03,Current,0,None,0.243,credit_score_ordinal,interest_rate_imputed,balance_change_1m_pct,Standard Portfolio Surveillance,0.9694
LN0048992,2024-02,0.0099,0.0179,0.0237,0.0412,Current,0,None,0.1343,credit_score_ordinal,balance_change_1m_pct,interest_rate_imputed,Standard Portfolio Surveillance,0.9525
LN0049001,2023-01,0.0038,0.0059,0.0081,0.0078,Default,1,Data Conflict,0.508,balance_change_1m_pct,credit_score_ordinal,interest_rate_imputed,Audit & Data Quality Exception Review,0.9838
LN0049010,2024-02,0.0038,0.0059,0.0081,0.0078,Prepaid,0,None,0.6193,balance_change_1m_pct,balance_to_orig_ratio,credit_score_ordinal,Standard Portfolio Surveillance,0.9838
LN0049015,2024-06,0.014,0.026,0.0342,0.0495,Current,0,None,0.3411,balance_change_1m_pct,credit_score_ordinal,interest_rate_imputed,Standard Portfolio Surveillance,0.9315
LN0049025,2025-09,0.014,0.026,0.011,0.0235,Current,0,None,0.4775,credit_score_ordinal,balance_change_1m_pct,balance_to_orig_ratio,Standard Portfolio Surveillance,0.9781
LN0049027,2025-05,0.0038,0.0059,0.0081,0.0078,Prepaid,0,None,0.7659,balance_change_1m_pct,balance_to_orig_ratio,credit_score_ordinal,Audit & Data Quality Exception Review,0.9838
LN0049047,2025-07,0.0099,0.0179,0.0245,0.0235,Current,0,None,0.4443,balance_change_1m_pct,interest_rate_imputed,balance_to_orig_ratio,Standard Portfolio Surveillance,0.9509
LN0049048,2024-09,0.6989,0.6621,0.2064,0.0083,60-89 DPD,0,None,0.4297,credit_score_ordinal,interest_rate_imputed,balance_change_1m_pct,Active Credit Workout & Pre-Foreclosure Outreach,0.6
LN0049061,2024-06,0.0175,0.0648,0.0234,0.0235,Current,0,None,0.2907,credit_score_ordinal,interest_rate_imputed,balance_change_1m_pct,Standard Portfolio Surveillance,0.9531
LN0049067,2023-12,0.0223,0.048,0.0535,0.0412,Current,0,None,0.2756,credit_score_ordinal,interest_rate_imputed,balance_change_1m_pct,Standard Portfolio Surveillance,0.893
LN0049077,2024-02,0.0038,0.0059,0.0081,0.0078,Prepaid,0,None,0.7406,balance_change_1m_pct,balance_to_orig_ratio,credit_score_ordinal,Audit & Data Quality Exception Review,0.9838
LN0049078,2023-12,0.0099,0.0179,0.0237,0.0412,Current,0,None,0.3671,dpd_roll_max_6m,credit_score_ordinal,interest_rate_imputed,Standard Portfolio Surveillance,0.9525
LN0049088,2025-12,0.014,0.026,0.011,0.0101,Current,0,None,0.2335,balance_change_1m_pct,interest_rate_imputed,balance_to_orig_ratio,Standard Portfolio Surveillance,0.9781
LN0049099,2024-07,0.0561,0.0644,0.0847,0.0412,Current,0,None,0.2096,interest_rate_imputed,balance_change_1m_pct,balance_to_orig_ratio,Standard Portfolio Surveillance,0.8305
LN0049119,2023-05,0.0403,0.0771,0.0614,0.0495,Current,0,None,0.1778,interest_rate_imputed,credit_score_ordinal,balance_change_1m_pct,Standard Portfolio Surveillance,0.8771
LN0049122,2024-09,0.0183,0.0309,0.0234,0.0235,Current,0,None,0.2098,interest_rate_imputed,balance_change_1m_pct,balance_to_orig_ratio,Standard Portfolio Surveillance,0.9531
LN0049123,2024-10,0.02,0.0377,0.011,0.0235,Current,0,None,0.2747,credit_score_ordinal,interest_rate_imputed,balance_change_1m_pct,Standard Portfolio Surveillance,0.9781
LN0049139,2024-10,0.0099,0.0179,0.011,0.0147,Current,0,None,0.5081,balance_change_1m_pct,credit_score_ordinal,interest_rate_imputed,Standard Portfolio Surveillance,0.9781
LN0049141,2023-07,0.0038,0.0059,0.0081,0.0078,Default,1,Data Conflict,0.5943,days_past_due,dpd_roll_max_6m,credit_score_ordinal,Audit & Data Quality Exception Review,0.9838
LN0049143,2023-10,0.02,0.0377,0.0237,0.0495,Current,0,None,0.2072,credit_score_ordinal,interest_rate_imputed,balance_change_1m_pct,Standard Portfolio Surveillance,0.9525
LN0049167,2025-05,0.6989,0.6621,0.0081,0.0078,90+ DPD,0,None,0.7933,days_past_due,dpd_roll_max_6m,credit_score_ordinal,Audit & Data Quality Exception Review,0.9838
LN0049170,2025-02,0.0273,0.0644,0.0261,0.0235,Prepaid,0,None,0.2964,credit_score_ordinal,interest_rate_imputed,balance_change_1m_pct,Standard Portfolio Surveillance,0.9479
LN0049174,2025-05,0.0099,0.0179,0.0153,0.0235,Current,0,None,0.4531,balance_change_1m_pct,credit_score_ordinal,interest_rate_imputed,Standard Portfolio Surveillance,0.9694
LN0049176,2024-11,0.0223,0.048,0.0261,0.0235,Current,0,None,0.1967,credit_score_ordinal,interest_rate_imputed,balance_change_1m_pct,Standard Portfolio Surveillance,0.9479
LN0049185,2023-07,0.0038,0.0059,0.0081,0.0078,Default,1,Data Conflict,0.6056,days_past_due,dpd_roll_max_6m,credit_score_ordinal,Audit & Data Quality Exception Review,0.9838
LN0049188,2025-06,0.0099,0.0179,0.0153,0.03,Current,0,None,0.2167,interest_rate_imputed,balance_change_1m_pct,credit_score_ordinal,Standard Portfolio Surveillance,0.9694
LN0049221,2023-03,0.014,0.026,0.0342,0.0495,Current,0,None,0.2333,credit_score_ordinal,balance_change_1m_pct,interest_rate_imputed,Standard Portfolio Surveillance,0.9315
LN0049228,2024-07,0.02,0.0377,0.0153,0.03,Current,0,None,0.2657,credit_score_ordinal,interest_rate_imputed,balance_change_1m_pct,Standard Portfolio Surveillance,0.9694
LN0049248,2023-07,0.0038,0.0059,0.0081,0.0078,Prepaid,0,None,0.6518,balance_change_1m_pct,balance_to_orig_ratio,credit_score_ordinal,Audit & Data Quality Exception Review,0.9838
LN0049271,2025-09,0.0099,0.0179,0.0153,0.0235,Current,0,None,0.4022,credit_score_ordinal,interest_rate_imputed,balance_change_1m_pct,Standard Portfolio Surveillance,0.9694
LN0049279,2025-12,0.014,0.026,0.0222,0.0101,Current,0,None,0.4369,balance_change_1m_pct,credit_score_ordinal,balance_to_orig_ratio,Standard Portfolio Surveillance,0.9557
LN0049309,2025-05,0.02,0.0377,0.011,0.0101,Current,0,None,0.3363,balance_change_1m_pct,balance_to_orig_ratio,interest_rate_imputed,Standard Portfolio Surveillance,0.9781
LN0049331,2024-09,0.0687,0.0644,0.0847,0.0412,Current,0,None,0.313,credit_score_ordinal,balance_to_orig_ratio,balance_change_1m_pct,Standard Portfolio Surveillance,0.8305
LN0049357,2024-12,0.02,0.0377,0.011,0.0147,Current,0,None,0.3096,credit_score_ordinal,interest_rate_imputed,balance_change_1m_pct,Standard Portfolio Surveillance,0.9781
LN0049372,2024-07,0.0099,0.0179,0.0245,0.0235,Current,0,None,0.2575,credit_score_ordinal,balance_change_1m_pct,interest_rate_imputed,Standard Portfolio Surveillance,0.9509
LN0049384,2025-03,0.0326,0.048,0.0261,0.0235,Current,0,None,0.2054,interest_rate_imputed,balance_change_1m_pct,credit_score_ordinal,Standard Portfolio Surveillance,0.9479
LN0049395,2025-07,0.02,0.0377,0.011,0.0101,Current,0,None,0.3435,credit_score_ordinal,interest_rate_imputed,balance_change_1m_pct,Standard Portfolio Surveillance,0.9781
LN0049441,2024-05,0.02,0.0377,0.0245,0.03,Current,0,None,0.1648,interest_rate_imputed,balance_change_1m_pct,balance_to_orig_ratio,Standard Portfolio Surveillance,0.9509
LN0049462,2024-12,0.02,0.0377,0.011,0.0235,Current,0,None,0.1787,interest_rate_imputed,balance_change_1m_pct,balance_to_orig_ratio,Standard Portfolio Surveillance,0.9781
LN0049465,2024-05,0.0223,0.048,0.0535,0.0412,Current,0,None,0.2373,credit_score_ordinal,interest_rate_imputed,balance_change_1m_pct,Standard Portfolio Surveillance,0.893
LN0049470,2024-02,0.0223,0.0571,0.0535,0.0495,Current,0,None,0.0429,balance_change_1m_pct,interest_rate_imputed,balance_to_orig_ratio,Standard Portfolio Surveillance,0.893
LN0049473,2025-11,0.0118,0.0213,0.011,0.0147,Current,0,None,0.3318,credit_score_ordinal,balance_change_1m_pct,balance_to_orig_ratio,Standard Portfolio Surveillance,0.9781
LN0049508,2025-03,0.0223,0.0156,0.0143,0.0147,Current,0,None,0.2217,credit_score_ordinal,interest_rate_imputed,balance_change_1m_pct,Standard Portfolio Surveillance,0.9713
LN0049521,2024-12,0.0223,0.0156,0.0143,0.0101,Current,0,None,0.4751,interest_rate_imputed,balance_change_1m_pct,credit_score_ordinal,Standard Portfolio Surveillance,0.9713
LN0049530,2023-07,0.014,0.026,0.0342,0.0495,Current,0,None,0.224,balance_change_1m_pct,credit_score_ordinal,interest_rate_imputed,Standard Portfolio Surveillance,0.9315
LN0049552,2024-04,0.02,0.0377,0.0153,0.03,Current,0,None,0.1853,interest_rate_imputed,balance_change_1m_pct,balance_to_orig_ratio,Standard Portfolio Surveillance,0.9694
LN0049570,2024-06,0.0099,0.0179,0.0237,0.0495,Current,0,None,0.15,credit_score_ordinal,interest_rate_imputed,balance_change_1m_pct,Standard Portfolio Surveillance,0.9525
LN0049572,2022-11,0.0038,0.0059,0.0081,0.0078,Prepaid,0,None,0.6348,balance_change_1m_pct,balance_to_orig_ratio,interest_rate_imputed,Standard Portfolio Surveillance,0.9838
LN0049602,2025-03,0.0038,0.0059,0.0081,0.0078,Prepaid,0,None,0.6368,balance_change_1m_pct,balance_to_orig_ratio,credit_score_ordinal,Standard Portfolio Surveillance,0.9838
LN0049603,2023-08,0.0175,0.0348,0.0374,0.0495,Current,0,None,0.4797,balance_change_1m_pct,interest_rate_imputed,credit_score_ordinal,Standard Portfolio Surveillance,0.9252
LN0049613,2026-01,0.02,0.0377,0.011,0.0147,Current,0,None,0.1924,interest_rate_imputed,balance_to_orig_ratio,balance_change_1m_pct,Standard Portfolio Surveillance,0.9781
LN0049622,2025-03,0.0687,0.0644,0.0143,0.0101,Current,0,None,0.4241,dpd_roll_max_6m,interest_rate_imputed,balance_to_orig_ratio,Standard Portfolio Surveillance,0.9713
LN0049636,2024-08,0.014,0.026,0.0342,0.0495,Current,0,None,0.1733,credit_score_ordinal,balance_change_1m_pct,interest_rate_imputed,Standard Portfolio Surveillance,0.9315
LN0049644,2025-05,0.0326,0.0156,0.0143,0.0147,Current,0,None,0.2247,interest_rate_imputed,credit_score_ordinal,balance_change_1m_pct,Standard Portfolio Surveillance,0.9713
LN0049646,2024-05,0.0038,0.0059,0.0081,0.0078,Default,1,Data Conflict,0.341,credit_score_ordinal,interest_rate_imputed,balance_change_1m_pct,Audit & Data Quality Exception Review,0.9838
LN0049648,2023-11,0.0942,0.1674,0.0847,0.0495,Current,0,None,0.1056,balance_change_1m_pct,interest_rate_imputed,balance_to_orig_ratio,Standard Portfolio Surveillance,0.8305
LN0049672,2025-05,0.0175,0.0648,0.0234,0.03,Current,0,None,0.2385,interest_rate_imputed,balance_change_1m_pct,credit_score_ordinal,Standard Portfolio Surveillance,0.9531
LN0049704,2023-07,0.0687,0.1674,0.0847,0.0495,Current,0,None,0.3468,balance_change_1m_pct,interest_rate_imputed,credit_score_ordinal,Standard Portfolio Surveillance,0.8305
LN0049715,2026-02,0.0273,0.0644,0.0143,0.0101,Current,0,None,0.3468,credit_score_ordinal,interest_rate_imputed,balance_change_1m_pct,Standard Portfolio Surveillance,0.9713
LN0049740,2025-05,0.0038,0.0059,0.0081,0.0078,Prepaid,0,None,0.8055,balance_change_1m_pct,balance_to_orig_ratio,credit_score_ordinal,Audit & Data Quality Exception Review,0.9838
LN0049759,2025-08,0.6989,0.6621,0.2064,0.0083,30-59 DPD,0,None,0.3459,credit_score_ordinal,balance_change_1m_pct,interest_rate_imputed,Active Credit Workout & Pre-Foreclosure Outreach,0.6
LN0049765,2023-05,0.0099,0.0179,0.0237,0.0495,Current,0,None,0.2468,interest_rate_imputed,balance_change_1m_pct,balance_to_orig_ratio,Standard Portfolio Surveillance,0.9525
LN0049768,2024-12,0.0223,0.048,0.0535,0.0412,Current,0,None,0.1374,interest_rate_imputed,balance_change_1m_pct,balance_to_orig_ratio,Standard Portfolio Surveillance,0.893
LN0049780,2023-12,0.0175,0.0648,0.0374,0.0412,Current,0,None,0.124,interest_rate_imputed,balance_change_1m_pct,balance_to_orig_ratio,Standard Portfolio Surveillance,0.9252
LN0049781,2025-03,0.0038,0.0059,0.0081,0.0078,Default,0,None,0.697,days_past_due,dpd_roll_max_6m,interest_rate_imputed,Audit & Data Quality Exception Review,0.9838
LN0049782,2024-01,0.0175,0.0348,0.0374,0.0412,Prepaid,0,None,0.15,credit_score_ordinal,interest_rate_imputed,balance_change_1m_pct,Standard Portfolio Surveillance,0.9252
LN0049787,2024-02,0.02,0.0377,0.0342,0.0412,Current,0,None,0.3797,balance_change_1m_pct,credit_score_ordinal,interest_rate_imputed,Standard Portfolio Surveillance,0.9315
LN0049794,2022-12,0.0321,0.0348,0.0374,0.0495,30-59 DPD,0,None,0.1912,credit_score_ordinal,interest_rate_imputed,balance_change_1m_pct,Standard Portfolio Surveillance,0.9252
LN0049825,2024-12,0.0223,0.0156,0.0143,0.0101,Current,0,None,0.3368,credit_score_ordinal,balance_change_1m_pct,balance_to_orig_ratio,Standard Portfolio Surveillance,0.9713
LN0049841,2023-08,0.0403,0.0771,0.0614,0.0495,Current,0,None,0.3714,interest_rate_imputed,balance_change_1m_pct,credit_score_ordinal,Standard Portfolio Surveillance,0.8771
LN0049856,2023-07,0.0038,0.0059,0.0081,0.0078,Default,1,Data Conflict,0.5914,days_past_due,dpd_roll_max_6m,balance_change_1m_pct,Audit & Data Quality Exception Review,0.9838
LN0049869,2025-12,0.0345,0.0156,0.0143,0.0101,Current,0,None,0.3138,credit_score_ordinal,interest_rate_imputed,balance_to_orig_ratio,Standard Portfolio Surveillance,0.9713
LN0049885,2023-01,0.0038,0.0059,0.0081,0.0078,Default,1,Data Conflict,0.4475,balance_change_1m_pct,credit_score_ordinal,interest_rate_imputed,Audit & Data Quality Exception Review,0.9838
LN0049892,2022-11,0.6989,0.6621,0.2999,0.0172,90+ DPD,0,None,0.5518,days_past_due,dpd_roll_max_6m,interest_rate_imputed,Active Credit Workout & Pre-Foreclosure Outreach,0.6
LN0049896,2023-07,0.0345,0.0571,0.0535,0.0495,Current,0,None,0.0637,interest_rate_imputed,credit_score_ordinal,balance_change_1m_pct,Standard Portfolio Surveillance,0.893
LN0049911,2025-06,0.02,0.0377,0.0153,0.03,Current,0,None,0.3303,balance_change_1m_pct,interest_rate_imputed,balance_to_orig_ratio,Standard Portfolio Surveillance,0.9694
LN0049917,2025-04,0.0223,0.048,0.0261,0.03,Current,0,None,0.2312,interest_rate_imputed,balance_change_1m_pct,balance_to_orig_ratio,Standard Portfolio Surveillance,0.9479
LN0049921,2026-02,0.0099,0.0179,0.011,0.0101,Current,0,None,0.4561,credit_score_ordinal,balance_change_1m_pct,interest_rate_imputed,Standard Portfolio Surveillance,0.9781
LN0049927,2024-05,0.0038,0.0059,0.0081,0.0078,Prepaid,0,None,0.6943,balance_change_1m_pct,balance_to_orig_ratio,credit_score_ordinal,Audit & Data Quality Exception Review,0.9838
LN0049964,2025-02,0.0403,0.0771,0.0234,0.03,Prepaid,0,None,0.186,credit_score_ordinal,interest_rate_imputed,balance_change_1m_pct,Standard Portfolio Surveillance,0.9531
LN0049993,2025-05,0.014,0.026,0.0153,0.03,Current,0,None,0.2698,credit_score_ordinal,interest_rate_imputed,balance_change_1m_pct,Standard Portfolio Surveillance,0.9694
